Analysis.Names,heightmean,heightmax,floweringmin,floweringmax,floweringmean,floweringwidth,alien,bryophyte,chamaephyte,geophyte,hemicryptophyte,hydrophyte,therophyte,phanerophyte,repetido
Acer pseudoplatanus,3000,3000,4,5,4.5,2,0,0,0,0,0,0,0,1,0
Achillea ageratum,15,70,5,10,7.5,6,0,0,0,0,0,0,0,0,0
Achillea maritima,10,50,1,12,6.5,12,0,0,1,0,0,0,0,0,0
Achillea millefolium,12,80,6,11,8.5,6,0,0,0,0,0,0,0,0,0
Achillea odorata,7,30,6,8,7,3,0,0,0,0,0,0,0,0,0
Achillea thracica,NA,NA,NA,NA,NA,NA,1,0,0,0,1,0,0,0,1
Aconitum lycoctonum aggr.,NA,NA,6,9,7.5,4,0,0,0,0,1,0,0,0,0
Aconitum napellus,200,200,NA,NA,NA,NA,0,0,0,1,0,0,0,0,0
Adenocarpus complicatus aggr.,300,300,4,10,7,7,0,0,0,0,0,0,0,1,0
Adenostyles alpina,60,60,7,8,7.5,2,0,0,0,0,0,0,0,0,0
Aegilops geniculata,60,40,4,7,5.5,4,0,0,0,0,0,0,1,0,0
Aegilops triuncialis,70,51,5,7,6,3,0,0,0,0,0,0,1,0,0
Aegonychon purpurocaeruleum,150,60,4,5,4.5,2,0,0,0,0,0,0,0,0,0
Aethusa cynapium,100,80,6,8,7,3,0,0,0,0,0,0,1,0,0
Agrimonia eupatoria,100,150,5,10,7.5,6,0,0,0,0,0,0,0,0,0
Agrostemma githago,100,100,4,7,5.5,4,0,0,0,0,0,0,1,0,0
Agrostis canina,40,65,7,8,7.5,2,0,0,0,0,0,0,0,0,0
Agrostis capillaris,30,65,6,8,7,3,0,0,0,0,0,0,0,0,0
Agrostis castellana,20,85,6,8,7,3,0,0,0,0,0,0,0,0,0
Agrostis curtisii aggr.,18,75,6,7,6.5,2,0,0,0,0,1,0,0,0,0
Agrostis stolonifera,25,105,5,8,6.5,4,0,0,0,0,0,0,0,0,0
Agrostis x dimorpholemma,NA,NA,NA,NA,NA,NA,0,0,0,0,1,0,0,0,0
Aira caryophyllea,45,40,4,7,5.5,4,0,0,0,0,0,0,1,0,0
Aira praecox,150,25,4,8,6,5,0,0,0,0,0,0,1,0,0
Ajuga reptans,60,40,4,7,5.5,4,0,0,0,0,0,0,0,0,0
Alchemilla catalaunica,58,30,5,8,6.5,4,0,0,0,0,0,0,0,0,0
Alchemilla xanthochlora,10,80,5,8,6.5,4,0,0,0,0,0,0,0,0,0
Alisma lanceolatum,120,140,5,8,6.5,4,0,0,0,0,0,1,0,0,0
Alisma plantago-aquatica,20,120,6,10,8,5,0,0,0,0,1,1,0,0,0
Alkanna tinctoria,30,40,2,6,4,5,0,0,0,0,1,0,0,0,0
Alliaria petiolata,120,100,4,7,5.5,4,0,0,0,0,0,0,0,0,0
Allium ampeloprasum,100,138,5,6,5.5,2,0,0,0,1,0,0,0,0,0
Allium oleraceum,200,75,7,9,8,3,0,0,0,1,0,0,0,0,0
Allium roseum,80,65,3,6,4.5,4,0,0,0,1,0,0,0,0,0
Allium sphaerocephalon,150,70,5,8,6.5,4,0,0,0,1,0,0,0,0,0
Allium triquetrum,200,59,1,5,3,5,0,0,0,1,0,0,0,0,0
Allium ursinum,80,45,3,6,4.5,4,0,0,0,1,0,0,0,0,0
Allium victorialis,40,77,5,7,6,3,0,0,0,1,0,0,0,0,0
Allium vineale,400,100,6,7,6.5,2,0,0,0,1,0,0,0,0,0
Alnus glutinosa aggr.,2500,2500,1,5,3,5,0,0,0,0,0,0,0,1,0
Alopecurus aequalis,14,45,5,8,6.5,4,0,0,0,0,1,0,1,0,0
Alopecurus myosuroides,40,63,3,7,5,5,0,0,0,0,0,0,1,0,0
Alopecurus pratensis,80,129,2,7,4.5,6,0,0,0,0,0,0,0,0,0
Althaea hirsuta,150,70,4,7,5.5,4,0,0,0,0,0,0,1,0,0
Althaea officinalis,50,150,5,6,5.5,2,0,0,0,0,0,0,0,0,0
Alyssum simplex,140,15,2,6,4,5,0,0,0,0,0,0,1,0,0
Amaranthus albus,130,130,5,12,8.5,8,1,0,0,0,0,0,1,0,0
Amaranthus blitum aggr.,NA,NA,5,12,8.5,8,0,0,0,0,0,0,1,0,0
Amaranthus cruentus,75,50,5,12,8.5,8,1,0,0,0,0,0,1,0,0
Amaranthus deflexus,130,45,5,12,8.5,8,1,0,0,0,0,0,1,0,0
Amaranthus emarginatus,150,20,5,12,8.5,8,1,0,0,0,0,0,1,0,0
Amaranthus graecizans,NA,NA,5,12,8.5,8,1,0,0,0,0,0,1,0,0
Amaranthus hybridus aggr.,33,30,5,12,8.5,8,1,0,0,0,0,0,1,0,0
Amaranthus powellii,85,300,6,11,8.5,6,1,0,0,0,0,0,1,0,0
Amaranthus retroflexus,300,50,5,12,8.5,8,1,0,0,0,0,0,1,0,0
Ammi majus,22,100,5,9,7,5,0,0,0,0,0,0,1,0,0
Ammi visnaga,40,60,5,9,7,5,0,0,0,0,0,0,1,0,0
Ammophila arenaria aggr.,NA,NA,NA,NA,NA,NA,0,0,0,1,1,0,0,0,0
Anacyclus clavatus,105,120,3,7,5,5,0,0,0,0,0,0,1,0,0
Anagallis arvensis,80,120,3,8,5.5,6,0,0,0,0,0,0,1,0,0
Anagallis foemina,160,120,4,11,7.5,8,0,0,0,0,0,0,1,0,0
Anagallis monelli,8,40,3,7,5,5,0,0,0,0,0,0,0,0,0
Anarrhinum bellidifolium,105,40,3,10,6.5,8,0,0,0,0,0,0,0,0,0
Anchusa azurea,140,300,3,8,5.5,6,0,0,0,0,0,0,0,0,0
Anchusa undulata,75,150,3,6,4.5,4,0,0,0,0,0,0,0,0,0
Andryala integrifolia,80,15,3,9,6,7,0,0,0,0,0,0,0,0,0
Anemone nemorosa,NA,NA,3,5,4,3,0,0,0,1,0,0,0,0,0
Angelica heterocarpa,NA,NA,NA,NA,NA,NA,0,0,0,0,1,0,0,0,0
Angelica major,120,100,6,8,7,3,0,0,0,0,0,0,0,0,0
Angelica pachycarpa,28,50,7,9,8,3,0,0,0,0,1,0,0,0,0
Angelica razulii,40,120,7,9,8,3,0,0,0,0,1,0,0,0,0
Angelica sylvestris,120,300,7,10,8.5,4,0,0,0,0,0,0,0,0,0
Anisantha diandra,100,45,3,8,5.5,6,0,0,0,0,0,0,1,0,0
Anisantha madritensis,60,200,1,7,4,7,0,0,0,0,0,0,1,0,0
Anisantha rigida,100,80,3,7,5,5,0,0,0,0,0,0,1,0,0
Anisantha rubens,70,40,1,6,3.5,6,0,0,0,0,0,0,1,0,0
Anisantha sterilis,4,90,3,8,5.5,6,0,0,0,0,0,0,1,0,0
Anisantha tectorum,100,50,3,5,4,3,0,0,0,0,0,0,1,0,0
Anogramma leptophylla,200,200,3,11,7,9,0,0,0,0,0,0,1,0,0
Anomodon viticulosus,50,50,NA,NA,NA,NA,0,1,0,0,0,0,0,0,1
Anthemis arvensis,80,40,3,8,5.5,6,0,0,0,0,0,0,1,0,0
Anthemis cotula,500,40,4,8,6,5,0,0,0,0,0,0,1,0,0
Anthoxanthum amarum,85,20,3,6,4.5,4,0,0,0,0,0,0,0,0,0
Anthoxanthum odoratum,50,120,5,7,6,3,0,0,0,0,1,0,0,0,0
Anthoxanthum ovatum,80,30,4,6,5,3,0,0,0,0,0,0,1,0,0
Anthriscus caucalis,45,80,3,6,4.5,4,0,0,0,0,0,0,1,0,0
Anthriscus sylvestris,100,150,4,7,5.5,4,0,0,0,0,0,0,0,0,0
Anthyllis lotoides,300,30,4,6,5,3,0,0,0,0,0,0,1,0,0
Anthyllis vulneraria,20,20,5,8,6.5,4,0,0,0,0,0,0,0,0,0
Antinoria agrostidea,7.5,30,3,9,6,7,0,0,0,0,0,1,1,0,0
Antirrhinum braun-blanquetii,80,85,4,8,6,5,0,0,1,0,0,0,0,0,0
Antirrhinum majus,150,65,5,9,7,5,0,0,1,0,1,0,1,0,0
Aphanes arvensis,70,21,4,8,6,5,0,0,0,0,0,0,1,0,0
Aphanes australis,80,10,2,8,5,7,0,0,0,0,0,0,1,0,0
Aphanes cornucopioides,40,14,3,7,5,5,0,0,0,0,0,0,1,0,0
Aphanes microcarpa,100,7,3,6,4.5,4,0,0,0,0,0,0,1,0,0
Apium graveolens,60,100,4,8,6,5,0,0,0,0,1,0,0,0,0
Aquilegia dichroa,175,70,5,6,5.5,2,0,0,0,0,1,0,0,0,0
Aquilegia vulgaris,100,75,4,8,6,5,0,0,0,0,1,0,0,0,0
Arabidopsis thaliana,90,40,2,6,4,5,0,0,0,0,0,0,1,0,0
Arabis alpina,80,40,4,8,6,5,0,0,1,0,0,0,0,0,0
Arabis auriculata,85,40,3,6,4.5,4,0,0,0,0,0,0,1,0,0
Arabis glabra,60,140,5,7,6,3,0,0,0,0,1,0,0,0,0
Arabis hirsuta,70,35,5,8,6.5,4,0,0,0,0,1,0,0,0,0
Arctium minus,40,172,6,10,8,5,0,0,0,0,1,0,0,0,0
Arctotheca calendula,58,40,1,7,4,7,1,0,0,0,0,0,1,0,0
Arenaria grandiflora,106,30,4,8,6,5,0,0,1,0,1,0,0,0,0
Arenaria leptoclados,130,20,3,7,5,5,0,0,0,0,0,0,1,0,0
Arenaria montana,35,35,3,8,5.5,6,0,0,1,0,1,0,0,0,0
Arenaria serpyllifolia,4000,25,5,7,6,3,0,0,0,0,0,0,1,0,0
Arisarum vulgare,300,300,9,12,10.5,4,0,0,0,1,0,0,0,0,0
Aristolochia paucinervis,70,45,2,6,4,5,0,0,0,1,0,0,0,0,0
Armeria ciliata,75,30,4,7,5.5,4,0,0,0,0,1,0,0,0,0
Armeria pungens,50,50,3,5,4,3,0,0,1,0,1,0,0,0,0
Arnoseris minima,100,35,4,7,5.5,4,0,0,0,0,0,0,1,0,0
Arrhenatherum elatius,250,200,5,10,7.5,6,0,0,0,0,1,0,0,0,0
Artemisia absinthium,87,60,7,9,8,3,0,0,0,0,1,0,0,0,0
Artemisia campestris aggr.,35,90,8,11,9.5,4,0,0,1,0,1,0,0,0,0
Artemisia verlotiorum,80,150,8,11,9.5,4,1,0,0,0,1,0,0,0,0
Artemisia vulgaris,150,130,7,9,8,3,0,0,0,0,1,0,0,0,0
Arum italicum,50,50,2,6,4,5,0,0,0,1,0,0,0,0,0
Arum maculatum,100,100,4,6,5,3,0,0,0,1,0,0,0,0,0
Arundo donax,100,700,8,10,9,3,1,0,0,1,1,0,0,0,0
Asparagus officinalis,10,150,4,6,5,3,0,0,0,1,0,0,0,0,0
Asperugo procumbens,280,60,4,6,5,3,0,0,0,0,0,0,1,0,0
Asperula arvensis,20,50,4,7,5.5,4,0,0,0,0,0,0,1,0,0
Asphodelus albus,21,150,4,8,6,5,0,0,0,1,1,0,0,0,0
Asplenium adiantum-nigrum aggr.,10,30,1,9,5,9,0,0,0,0,1,0,0,0,0
Asplenium ceterach,5,15,1,12,6.5,12,0,0,0,0,1,0,0,0,1
Asplenium marinum,51,58,3,11,7,9,0,0,0,0,1,0,0,0,0
Asplenium obovatum,10,30,1,12,6.5,12,0,0,0,0,1,0,0,0,1
Asplenium ruta-muraria,4,10,1,12,6.5,12,0,0,0,0,1,0,0,0,0
Asplenium scolopendrium,20,50,1,11,6,11,0,0,0,0,1,0,0,0,1
Asplenium trichomanes,80,18,1,11,6,11,0,0,0,0,1,0,0,0,0
Asterolinon linum-stellatum,3,12,3,6,4.5,4,0,0,0,0,0,0,1,0,0
Astragalus glycyphyllos,120,80,5,7,6,3,0,0,0,0,1,0,0,0,0
Athyrium filix-femina,30,120,6,9,7.5,4,0,0,0,0,1,0,0,0,0
Atriplex patula,150,120,7,9,8,3,0,0,0,0,0,0,1,0,0
Atriplex prostrata,110,120,7,9,8,3,0,0,0,0,0,0,1,0,0
Atriplex rosea,100,100,7,9,8,3,0,0,0,0,0,0,1,0,0
Atropa bella-donna,160,160,6,9,7.5,4,0,0,0,0,1,0,0,0,0
Avena barbata,50,160,3,9,6,7,0,0,0,0,0,0,1,0,0
Avena brevis,120,120,NA,NA,NA,NA,0,0,0,0,0,0,1,0,0
Avena byzantina,120,120,NA,NA,NA,NA,1,0,0,0,0,0,1,0,1
Avena fatua,1500,175,5,9,7,5,0,0,0,0,0,0,1,0,0
Avena sativa,120,120,NA,NA,NA,NA,1,0,0,0,0,0,1,0,1
Avena sterilis,60,128,2,7,4.5,6,0,0,0,0,0,0,1,0,0
Avenella flexuosa,60,70,5,8,6.5,4,0,0,0,0,1,0,0,0,0
Baccharis halimifolia,60,400,8,9,8.5,2,1,0,0,0,0,0,0,1,0
Ballota nigra,120,82,5,11,8,7,0,0,0,0,1,0,0,0,0
Barbarea intermedia,75,70,4,6,5,3,0,0,0,0,1,0,0,0,0
Barbarea vulgaris,30,100,4,6,5,3,0,0,0,0,1,0,0,0,0
Bassia prostrata,90,90,6,9,7.5,4,0,0,1,0,0,0,0,0,0
Bellardia trixago,60,60,3,7,5,5,0,0,0,0,0,0,1,0,0
Bellis perennis,100,26,3,11,7,9,0,0,0,0,1,0,0,0,0
Berula erecta,20,100,5,8,6.5,4,0,0,0,0,1,1,0,0,0
Beta vulgaris,80,200,7,10,8.5,4,0,0,0,0,1,0,1,0,0
Betula celtiberica,2000,2000,4,5,4.5,2,0,0,0,0,0,0,0,1,0
Bidens aureus,200,90,8,12,10,5,1,0,0,0,1,0,1,0,0
Bidens frondosus,70,120,4,11,7.5,8,1,0,0,0,0,0,1,0,0
Bidens tripartitus,70,90,8,11,9.5,4,0,0,0,0,0,0,1,0,0
Biscutella laevigata,10,70,2,9,5.5,8,0,0,0,0,1,0,0,0,0
Bistorta vivipara,50,30,7,8,7.5,2,0,0,0,0,1,0,0,0,0
Bituminaria bituminosa,200,150,4,8,6,5,0,0,0,0,1,0,0,0,0
Blackstonia perfoliata aggr.,15,70,4,8,6,5,0,0,0,0,0,0,1,0,0
Blitum bonus-henricus,10,80,5,10,7.5,6,0,0,0,0,1,0,0,0,0
Blitum virgatum,10,60,6,11,8.5,6,0,0,0,0,0,0,1,0,1
Bolboschoenus maritimus,90,115,3,10,6.5,8,0,0,0,1,0,0,0,0,0
Borago officinalis,120,70,1,7,4,7,0,0,0,0,0,0,1,0,0
Brachypodium phoenicoides,60,100,4,9,6.5,6,0,0,0,0,1,0,0,0,0
Brachypodium pinnatum aggr.,40,100,3,9,6,7,0,0,0,0,1,0,0,0,0
Brachypodium retusum,100,65,3,7,5,5,0,0,0,0,1,0,0,0,0
Brachypodium sylvaticum,40,120,4,8,6,5,0,0,0,0,1,0,0,0,0
Brassica barrelieri,50,80,3,6,4.5,4,0,0,0,0,0,0,1,0,0
Brassica napus,30,150,4,9,6.5,6,1,0,0,0,1,0,1,0,0
Brassica nigra,100,200,4,6,5,3,0,0,0,0,0,0,1,0,0
Brassica oleracea,70,200,5,8,6.5,4,0,0,1,0,1,0,0,0,0
Brassica tournefortii,100,100,1,3,2,3,0,0,0,0,0,0,1,0,0
Briza maxima,200,70.4,4,6,5,3,0,0,0,0,0,0,1,0,0
Briza media,100,81,5,8,6.5,4,0,0,0,0,1,0,0,0,0
Briza minor,60,53.7,4,7,5.5,4,0,0,0,0,0,0,1,0,0
Bromopsis erecta,60,80,5,8,6.5,4,0,0,0,0,1,0,0,0,1
Bromopsis ramosa,90,160,7,8,7.5,2,0,0,0,0,1,0,0,0,0
Bromus arvensis,150,80,5,9,7,5,0,0,0,0,0,0,1,0,0
Bromus hordeaceus,40,100,3,8,5.5,6,0,0,0,0,0,0,1,0,0
Bromus hordeaceus aggr.,15,100,3,8,5.5,6,0,0,0,0,0,0,1,0,0
Bromus lanceolatus,104,85,4,6,5,3,0,0,0,0,0,0,1,0,0
Bromus racemosus,70,75,4,6,5,3,0,0,0,0,0,0,1,0,0
Bromus scoparius,35,40,3,6,4.5,4,0,0,0,0,0,0,1,0,0
Bromus secalinus,60,100,4,8,6,5,0,0,0,0,0,0,1,0,0
Bromus squarrosus,40,45,4,7,5.5,4,0,0,0,0,0,0,1,0,0
Bryonia dioica,40,40,4,9,6.5,6,0,0,0,0,1,0,0,0,0
Bryophyta,NA,NA,NA,NA,NA,NA,0,1,0,0,0,0,0,0,0
Bryum argenteum,40,40,NA,NA,NA,NA,0,1,0,0,0,0,0,0,1
Buddleja davidii,50,500,7,11,9,5,1,0,0,0,0,0,0,1,0
Buglossoides arvensis,15,45,2,7,4.5,6,0,0,0,0,1,0,1,0,0
Bunias erucago,35,70,3,7,5,5,0,0,0,0,0,0,1,0,0
Calendula arvensis,15,45.5,1,12,6.5,12,0,0,0,0,0,0,1,0,0
Calendula suffruticosa,40,72,1,12,6.5,12,0,0,1,0,1,0,0,0,0
Calepina irregularis,25,80,4,6,5,3,0,0,0,0,0,0,1,0,0
Calluna vulgaris,20,100,5,11,8,7,0,0,0,0,0,0,0,1,0
Calystegia sepium,20,400,4,9,6.5,6,0,0,0,1,0,0,0,0,0
Calystegia silvatica,400,400,4,7,5.5,4,0,0,0,1,1,0,0,0,0
Calystegia soldanella,50,50,3,8,5.5,6,0,0,0,1,1,0,0,0,0
Camelina microcarpa,40,90,4,7,5.5,4,0,0,0,0,0,0,1,0,0
Camelina sativa,60,80,5,7,6,3,1,0,0,0,0,0,1,0,0
Campanula erinus,150,35,3,8,5.5,6,0,0,0,0,0,0,1,0,0
Campanula glomerata,12,40,6,9,7.5,4,0,0,0,0,1,0,0,0,0
Campanula lusitanica,80,40,5,8,6.5,4,0,0,0,0,0,0,1,0,0
Campanula patula,80,80,5,7,6,3,0,0,0,0,1,0,0,0,0
Campanula rapunculus,25,180,3,8,5.5,6,0,0,0,0,1,0,0,0,0
Campanula trachelium,80,150,6,9,7.5,4,0,0,0,0,1,0,0,0,0
Capsella bursa-pastoris,14,70,11,19,3,9,0,0,0,0,0,0,1,0,0
Cardamine flexuosa,30,40,4,8,6,5,0,0,0,0,0,0,1,0,0
Cardamine hirsuta,36,25,2,5,3.5,4,0,0,0,0,0,0,1,0,0
Cardamine impatiens,100,60,5,6,5.5,2,0,0,0,0,0,0,1,0,0
Carduus bourgeanus,50,150,3,7,5,5,0,0,0,0,0,0,1,0,0
Carduus carlinoides,42,50,7,8,7.5,2,0,0,0,0,1,0,0,0,0
Carduus carpetanus,200,140,6,8,7,3,0,0,0,0,1,0,0,0,0
Carduus defloratus aggr.,130,130,7,8,7.5,2,0,0,0,0,1,0,0,0,0
Carduus nigrescens,53,130,4,7,5.5,4,0,0,0,0,1,0,0,0,0
Carduus nutans aggr.,75,75,6,8,7,3,0,0,0,0,1,0,0,0,0
Carduus pycnocephalus,3000,130,3,6,4.5,4,0,0,0,0,0,0,1,0,0
Carduus tenuiflorus,270,150,3,8,5.5,6,0,0,0,0,0,0,1,0,0
Carduus x cantabricus,300,300,NA,NA,NA,NA,0,0,0,0,1,0,0,0,0
Carex acutiformis,40,100,5,7,6,3,0,0,0,1,1,0,0,0,0
Carex arenaria,15,30,5,7,6,3,0,0,0,0,1,0,0,0,0
Carex cuprina,150,100,3,6,4.5,4,0,0,0,0,1,0,0,0,0
Carex distachya,60,40,3,6,4.5,4,0,0,0,0,1,0,0,0,0
Carex divisa,15,70,3,5,4,3,0,0,0,1,1,0,0,0,0
Carex divulsa,250,60,3,6,4.5,4,0,0,0,0,1,0,0,0,0
Carex elata,30,170,4,7,5.5,4,0,0,0,0,1,0,0,0,0
Carex flacca,20,60,3,8,5.5,6,0,0,0,1,1,0,0,0,0
Carex hirta,300,40,4,7,5.5,4,0,0,0,0,1,0,0,0,0
Carex laevigata,50,100,3,7,5,5,0,0,0,0,1,0,0,0,0
Carex leporina,100,40,5,8,6.5,4,0,0,0,0,1,0,0,0,0
Carex muricata,130,50,3,6,4.5,4,0,0,0,0,1,0,0,0,0
Carex pendula,200,150,4,6,5,3,0,0,0,0,1,0,0,0,0
Carex remota,80,50,5,7,6,3,0,0,0,0,1,0,0,0,0
Carex reuteriana,30,170,3,7,5,5,0,0,0,0,1,0,0,0,0
Carex riparia,40,100,3,6,4.5,4,0,0,0,1,1,0,0,0,0
Carex sylvatica,20,70,5,8,6.5,4,0,0,0,0,1,0,0,0,0
Carlina acaulis,120,33,8,9,8.5,2,0,0,0,0,1,0,0,0,0
Carlina corymbosa,85,85,7,9,8,3,0,0,0,0,1,0,0,0,0
Carlina hispanica,100,85,7,9,8,3,0,0,0,0,1,0,0,0,0
Carlina vulgaris,81,81,8,8,8,1,0,0,0,0,1,0,0,0,0
Carpobrotus edulis,4,13,3,6,4.5,4,1,0,1,0,0,0,0,0,0
Carthamus lanatus,60,70,5,8,6.5,4,0,0,0,0,0,0,1,0,0
Carum carvi,100,60,4,7,5.5,4,0,0,0,0,1,0,0,0,0
Carum verticillatum,40,90,5,8,6.5,4,0,0,0,0,1,0,0,0,0
Castanea sativa,40,300,6,9,7.5,4,0,0,0,0,0,0,0,1,0
Catapodium marinum,70,22,4,6,5,3,0,0,0,0,0,0,1,0,0
Catapodium rigidum,20,40,3,6,4.5,4,0,0,0,0,0,0,1,0,0
Caucalis platycarpos,1200,40,4,7,5.5,4,0,0,0,0,0,0,1,0,0
Centaurea aspera,600,105,3,7,5,5,0,0,0,0,1,0,0,0,0
Centaurea calcitrapa,1000,80,5,9,7,5,0,0,0,0,1,0,0,0,0
Centaurea debeauxii,30,160,7,11,9,5,0,0,0,0,1,0,0,0,0
Centaurea jacea,80,80,7,9,8,3,0,0,0,0,1,0,0,0,0
Centaurea lagascana,60,8,6,8,7,3,0,0,0,0,1,0,0,0,0
Centaurea langei,40,105,5,11,8,7,0,0,0,0,1,0,0,0,0
Centaurea nemoralis,120,120,7,9,8,3,0,0,0,0,1,0,0,0,0
Centaurea nigra,30,140,6,10,8,5,0,0,0,0,1,0,0,0,0
Centaurea ornata,120,80,5,10,7.5,6,0,0,0,0,1,0,0,0,0
Centaurea scabiosa,70,100,6,10,8,5,0,0,0,0,1,0,0,0,0
Centaurea solstitialis,110,75,7,11,9,5,0,0,0,0,0,0,1,0,0
Centaurea sphaerocephala,110,110,3,7,5,5,0,0,0,0,1,0,0,0,0
Centaurium erythraea,250,65,6,8,7,3,0,0,0,0,1,0,1,0,0
Centaurium pulchellum,2,30,5,8,6.5,4,0,0,0,0,0,0,1,0,0
Centaurium tenuiflorum,10,40,5,8,6.5,4,0,0,0,0,0,0,1,0,0
Centranthus calcitrapae,85,80,3,6,4.5,4,0,0,0,0,0,0,1,0,0
Centranthus ruber,140,120,4,9,6.5,6,0,0,1,0,0,0,0,0,0
Cerastium arvense,30,30,5,8,6.5,4,0,0,1,0,0,0,0,0,0
Cerastium brachypetalum,12,42,3,6,4.5,4,0,0,0,0,0,0,1,0,0
Cerastium diffusum,15,15,3,7,5,5,0,0,0,0,0,0,1,0,0
Cerastium fontanum,35,65,NA,NA,NA,NA,0,0,1,0,1,0,0,0,0
Cerastium glomeratum,15,55,1,8,4.5,8,0,0,0,0,0,0,1,0,0
Cerastium gracile,30,28,3,7,5,5,0,0,0,0,0,0,1,0,0
Cerastium pumilum,150,25,3,7,5,5,0,0,0,0,0,0,1,0,0
Cerastium semidecandrum,250,25,2,6,4,5,0,0,0,0,0,0,1,0,0
Ceratocapnos claviculata,100,100,3,10,6.5,8,0,0,0,0,0,0,1,0,0
Ceratochloa cathartica,100,100,1,11,6,11,1,0,0,0,1,0,1,0,0
Chaerophyllum aureum,120,120,5,8,6.5,4,0,0,0,0,1,0,0,0,0
Chaerophyllum hirsutum,100,140,5,8,6.5,4,0,0,0,0,1,0,0,0,0
Chaerophyllum nodosum,600,100,3,6,4.5,4,0,0,0,0,0,0,1,0,0
Chaerophyllum temulum,7,100,5,7,6,3,0,0,0,0,1,0,0,0,0
Chamaemelum nobile,40,40,4,7,5.5,4,0,0,1,0,0,0,0,0,0
Cheirolophus sempervirens,50,60,5,9,7,5,0,0,0,0,1,0,0,0,0
Chelidonium majus,17,100,3,9,6,7,0,0,0,0,1,0,0,0,0
Chenopodiastrum hybridum,17,100,7,8,7.5,2,0,0,0,0,0,0,1,0,0
Chenopodiastrum murale,50,90,1,12,6.5,12,0,0,0,0,0,0,1,0,0
Chenopodium album,200,150,5,11,8,7,0,0,0,0,0,0,1,0,0
Chenopodium opulifolium,150,100,3,11,7,9,0,0,0,0,0,0,1,0,0
Chenopodium vulvaria,40,70,4,10,7,7,0,0,0,0,0,0,1,0,0
Chondrilla juncea,45,80,4,9,6.5,6,0,0,0,0,1,0,0,0,0
Chrysosplenium oppositifolium,5,15,2,6,4,5,0,0,0,0,1,0,0,0,0
Cichorium intybus,42,150,6,9,7.5,4,0,0,0,0,1,0,0,0,0
Circaea lutetiana,250,60,6,9,7.5,4,0,0,0,1,0,0,0,0,0
Cirsium arvense,200,130,7,9,8,3,0,0,0,1,0,0,0,0,0
Cirsium eriophorum,3000,150,7,8,7.5,2,0,0,0,0,1,0,0,0,0
Cirsium filipendulum,150,60,6,9,7.5,4,0,0,0,0,1,0,0,0,0
Cirsium odontolepis,230,70,7,8,7.5,2,0,0,0,0,1,0,0,0,0
Cirsium oleraceum,40,150,6,7,6.5,2,0,0,0,0,1,0,0,0,0
Cirsium palustre,70,200,6,8,7,3,0,0,0,0,1,0,0,0,0
Cirsium pannonicum,50,80,6,7,6.5,2,0,0,0,0,1,0,0,0,0
Cirsium pyrenaicum aggr.,30,150,6,9,7.5,4,0,0,0,0,1,0,0,0,0
Cirsium richterianum,100,70,7,9,8,3,0,0,0,0,1,0,0,0,0
Cirsium vulgare,100,250,6,9,7.5,4,0,0,0,0,1,0,0,0,0
Cistus salviifolius,20,90,3,6,4.5,4,0,0,0,0,0,0,0,1,0
Cladanthus mixtus,35,40,3,8,5.5,6,0,0,0,0,0,0,1,0,0
Clematis vitalba,50,50,6,8,7,3,0,0,0,0,0,0,0,1,0
Clinopodium menthifolium aggr.,30,75,7,10,8.5,4,0,0,0,0,1,0,0,0,0
Clinopodium nepeta,20,75,2,12,7,11,0,0,0,0,1,0,0,0,0
Clinopodium vulgare,100,95,5,10,7.5,6,0,0,0,0,1,0,0,0,0
Cochlearia officinalis,10,30,4,5,4.5,2,1,0,0,0,1,0,0,0,0
Coincya monensis aggr.,10,100,4,8,6,5,0,0,0,0,1,0,0,0,0
Colchicum montanum,80,4,7,11,9,5,0,0,0,1,0,0,0,0,0
Coleostephus myconis,70,50,3,8,5.5,6,0,0,0,0,0,0,1,0,0
Conium maculatum,25,200,3,8,5.5,6,0,0,0,0,1,0,0,0,0
Conopodium arvense aggr.,2000,40,4,8,6,5,0,0,0,1,0,0,0,0,0
Conopodium majus,100,60,4,8,6,5,0,0,0,0,1,0,0,0,0
Conopodium subcarneum,70,60,5,7,6,3,0,0,0,1,0,0,0,0,0
Consolida ajacis,3000,100,5,8,6.5,4,1,0,0,0,0,0,1,0,0
Consolida regalis,300,300,NA,NA,NA,NA,1,0,0,0,0,0,1,0,0
Convolvulus arvensis,2500,200,1,12,6.5,12,0,0,0,1,0,0,0,0,0
Corema album,75,75,3,4,3.5,2,0,0,0,0,0,0,0,1,0
Cornus sanguinea,35,500,5,7,6,3,0,0,0,0,0,0,0,1,0
Coronilla scorpioides,50,55,4,6,5,3,0,0,0,0,0,0,1,0,0
Corrigiola litoralis,160,50,3,9,6,7,0,0,0,0,0,0,1,0,0
Corrigiola telephiifolia,90,80,4,8,6,5,0,0,1,0,0,0,0,0,0
Cortaderia selloana,2000,300,7,12,9.5,6,1,0,0,0,1,0,0,0,0
Corylus avellana,800,800,1,3,2,3,0,0,0,0,0,0,0,1,0
Corynephorus canescens,6,50,6,8,7,3,0,0,0,0,1,0,0,0,0
Cotoneaster coriaceus,NA,NA,NA,NA,NA,NA,1,0,0,0,0,0,0,1,0
Cotula australis,400,10,4,8,6,5,1,0,0,0,0,0,1,0,0
Crassula tillaea,50,8,1,8,4.5,8,0,0,0,0,0,0,1,0,0
Crataegus monogyna,130,500,2,7,4.5,6,0,0,0,0,0,0,0,1,0
Crepis capillaris,75,60,3,10,6.5,8,0,0,0,0,0,0,1,0,0
Crepis foetida,85,50,4,8,6,5,0,0,0,0,0,0,1,0,0
Crepis lampsanoides,81,86,5,8,6.5,4,0,0,0,0,1,0,0,0,0
Crepis pulchra,80,90,5,7,6,3,0,0,0,0,0,0,1,0,0
Crepis vesicaria,120,45,4,5,4.5,2,0,0,0,0,1,0,1,0,0
Crithmum maritimum,110,45,5,7,6,3,0,0,1,0,0,0,0,0,0
Crocosmia x crocosmiiflora,30,80,6,8,7,3,1,0,0,1,0,0,0,0,0
Crucianella angustifolia,75,45,4,7,5.5,4,0,0,0,0,0,0,1,0,0
Crucianella maritima,50,50,5,8,6.5,4,0,0,1,0,0,0,0,0,0
Cruciata glabra,800,35,4,7,5.5,4,0,0,0,0,1,0,0,0,0
Cruciata laevipes,50,75,4,7,5.5,4,0,0,0,0,1,0,0,0,0
Cruciata pedemontana,40,40,5,7,6,3,0,0,0,0,0,0,1,0,0
Crypsis alopecuroides,1.3,40,7,10,8.5,4,0,0,0,0,0,0,1,0,0
Cuscuta campestris,45,45,5,10,7.5,6,1,0,0,0,0,0,1,0,0
Cuscuta europaea,200,200,6,10,8,5,0,0,0,0,0,0,1,0,0
Cyanus segetum,300,85,4,9,6.5,6,0,0,0,0,0,0,1,0,0
Cymbalaria muralis,1,70,1,11,6,11,0,0,0,0,1,0,0,0,0
Cynodon dactylon,150,40,1,12,6.5,12,0,0,0,1,1,0,0,0,0
Cynoglossum creticum,50,70,3,7,5,5,0,0,0,0,1,0,0,0,0
Cynoglossum dioscoridis,20,40,5,7,6,3,0,0,0,0,1,0,0,0,0
Cynosurus cristatus,80,95,5,8,6.5,4,0,0,0,0,1,0,0,0,0
Cynosurus echinatus,40,80,4,8,6,5,0,0,0,0,0,0,1,0,0
Cynosurus effusus,1400,80,4,7,5.5,4,0,0,0,0,0,0,1,0,0
Cyperus capitatus,40,40,4,10,7,7,0,0,0,1,1,0,0,0,0
Cyperus eragrostis,30,80,4,10,7,7,1,0,0,1,1,0,0,0,0
Cyperus esculentus,80,60,6,11,8.5,6,0,0,0,1,1,0,0,0,0
Cyperus flavescens,7,30,7,11,9,5,0,0,0,0,0,0,1,0,0
Cyperus fuscus,6,13,6,9,7.5,4,0,0,0,0,0,0,1,0,0
Cyperus longus,35,78,5,11,8,7,0,0,0,0,1,0,0,0,0
Cyperus michelianus,1.5,6.7,2,11,6.5,10,0,0,0,0,0,0,1,0,0
Cyperus rotundus,110,30,5,11,8,7,0,0,0,1,1,0,0,0,0
Cystopteris fragilis aggr.,45,45,6,11,8.5,6,0,0,0,1,1,0,0,0,0
Cytisus oromediterraneus,76,100,5,6,5.5,2,0,0,0,0,0,0,0,1,0
Cytisus scoparius,106,200,2,7,4.5,6,0,0,0,0,0,0,0,1,0
Cytisus striatus,50,300,4,7,5.5,4,0,0,0,0,0,0,0,1,0
Dactylis glomerata,50,150,3,10,6.5,8,0,0,0,0,1,0,0,0,0
Dactylorhiza elata,43,73,5,7,6,3,0,0,0,1,0,0,0,0,0
Daphne gnidium,200,200,6,10,8,5,0,0,0,0,0,0,0,1,0
Daphne laureola,50,100,1,5,3,5,0,0,0,0,0,0,0,1,0
Datura stramonium,30,165,5,11,8,7,1,0,0,0,0,0,1,0,0
Daucus carota,82,170,3,9,6,7,0,0,0,0,1,0,1,0,0
Delairea odorata,120,300,11,13,12,3,1,0,0,0,0,0,0,1,1
Delphinium peregrinum,20,90,6,8,7,3,0,0,0,0,0,0,1,0,0
Descurainia tanacetifolia,55,115,6,8,7,3,0,0,0,0,1,0,0,0,0
Dianthus armeria,60,45,5,8,6.5,4,0,0,0,0,0,0,1,0,0
Dichondra micrantha,1,1,2,5,3.5,4,1,0,0,1,1,0,0,0,0
Dichoropetalum carvifolia,20,60,7,9,8,3,0,0,0,0,1,0,0,0,0
Digitalis parviflora,80,60,5,8,6.5,4,0,0,0,0,1,0,0,0,0
Digitalis purpurea,50,100,5,8,6.5,4,0,0,0,0,1,0,0,0,0
Digitaria ischaemum,25,35,6,10,8,5,0,0,0,0,0,0,1,0,0
Digitaria sanguinalis,100,60,6,11,8.5,6,0,0,0,0,0,0,1,0,0
Dioscorea communis,100,20,3,6,4.5,4,0,0,0,1,0,0,0,0,0
Diplotaxis catholica,25,80,9,18,1.5,10,0,0,0,0,0,0,1,0,0
Diplotaxis muralis,40,50,4,10,7,7,0,0,0,0,1,0,1,0,0
Diplotaxis tenuifolia,45,100,4,12,8,9,0,0,0,0,1,0,0,0,0
Dipsacus fullonum,60,150,7,8,7.5,2,0,0,0,0,1,0,0,0,0
Dittrichia graveolens,100,70,8,11,9.5,4,1,0,0,0,0,0,1,0,0
Dittrichia viscosa,4000,100,4,11,7.5,8,0,0,1,0,1,0,0,0,0
Doronicum austriacum,150,150,6,8,7,3,1,0,0,1,1,0,0,0,0
Dorycnium hirsutum,50,50,4,6,5,3,0,0,1,0,1,0,0,0,0
Dorycnium rectum,30,200,5,7,6,3,0,0,1,0,1,0,0,0,0
Draba verna,15,18,2,7,4.5,6,0,0,0,0,0,0,1,0,0
Drabella muralis,35,40,3,6,4.5,4,0,0,0,0,0,0,1,0,0
Dryopteris borreri,35,130,6,10,8,5,0,0,0,0,1,0,0,0,0
Dryopteris filix-mas,40,120,5,10,7.5,6,0,0,0,0,1,0,0,0,0
Dysphania ambrosioides,80,80,5,12,8.5,8,1,0,0,0,0,0,1,0,1
Dysphania pumilio,40,40,7,10,8.5,4,1,0,0,0,0,0,1,0,1
Echinochloa crus-galli,30,100,6,10,8,5,0,0,0,0,0,0,1,0,0
Echium lusitanicum,65,90,6,8,7,3,0,0,0,0,1,0,0,0,0
Echium plantagineum,2500,80,2,7,4.5,6,0,0,0,0,1,0,1,0,0
Echium rosulatum,17,100,5,8,6.5,4,0,0,0,0,1,0,0,0,0
Echium salmanticum,120,180,6,10,8,5,0,0,0,0,1,0,0,0,0
Echium vulgare,30,100,5,8,6.5,4,0,0,0,0,1,0,0,0,0
Eleocharis multicaulis,12,30,2,11,6.5,10,0,0,0,0,1,0,0,0,0
Eleocharis palustris,1200,60,3,11,7,9,0,0,0,1,1,0,0,0,0
Eleusine indica,1100,60,7,12,9.5,6,1,0,0,0,0,0,1,0,0
Elymus caninus,600,155,5,9,7,5,0,0,0,0,1,0,0,0,0
Elytrigia atherica,100,150,6,9,7.5,4,0,0,0,1,1,0,0,0,0
Elytrigia campestris,600,120,5,9,7,5,0,0,0,0,1,0,0,0,0
Elytrigia intermedia,20,120,5,9,7,5,0,0,0,1,0,0,0,0,0
Elytrigia repens,40,160,4,9,6.5,6,0,0,0,1,0,0,0,0,0
Epilobium angustifolium,60,150,6,9,7.5,4,0,0,0,0,1,0,0,0,0
Epilobium hirsutum,85,150,6,10,8,5,0,0,0,0,1,0,0,0,0
Epilobium lanceolatum,170,65,6,8,7,3,0,0,0,0,1,0,0,0,0
Epilobium montanum,120,100,6,8,7,3,0,0,0,0,1,0,0,0,0
Epilobium obscurum,30,60,6,9,7.5,4,0,0,0,0,1,0,0,0,0
Epilobium parviflorum,20,100,6,10,8,5,0,0,0,0,1,0,0,0,0
Epilobium tetragonum,100,90,6,8,7,3,0,0,0,0,1,0,0,0,0
Equisetum arvense,100,100,2,5,3.5,4,0,0,0,1,0,0,0,0,0
Equisetum palustre,17,60,3,10,6.5,8,0,0,0,1,0,0,0,0,0
Equisetum ramosissimum,17,175,1,11,6,11,0,0,0,1,0,0,0,0,0
Equisetum telmateia,36,100,2,7,4.5,6,0,0,0,1,0,0,0,0,0
Eragrostis minor,10,47,6,10,8,5,0,0,0,0,0,0,1,0,0
Eragrostis pectinacea,65,50,1,12,6.5,12,1,0,0,0,0,0,1,0,0
Eragrostis pilosa,100,75,7,11,9,5,0,0,0,0,0,0,1,0,0
Eragrostis virescens,60,80,7,10,8.5,4,1,0,0,0,0,0,1,0,0
Erica arborea,1400,1400,2,7,4.5,6,0,0,0,0,0,0,0,1,0
Erica ciliaris,20,80,5,9,7,5,0,0,0,0,0,0,0,1,0
Erica cinerea,15,60,6,9,7.5,4,0,0,0,0,0,0,0,1,0
Erica mackaiana,10,60,7,9,8,3,0,0,0,0,0,0,0,1,0
Erica vagans,10,80,7,9,8,3,0,0,0,0,0,0,0,1,0
Erigeron acris,75,6.5,6,9,7.5,4,0,0,0,0,1,0,0,0,0
Erigeron bonariensis,65,123,1,12,6.5,12,1,0,0,0,1,0,1,0,0
Erigeron canadensis,50,120,6,11,8.5,6,1,0,0,0,0,0,1,0,0
Erigeron karvinskianus,50,30,2,11,6.5,10,1,0,0,0,1,0,0,0,0
Erigeron sumatrensis,14,123,1,12,6.5,12,1,0,0,0,0,0,1,0,1
Erinus alpinus,70,25,5,9,7,5,0,0,0,0,1,0,0,0,0
Erodium botrys,7,60,3,6,4.5,4,0,0,0,0,0,0,1,0,0
Erodium ciconium,20,120,3,7,5,5,0,0,0,0,0,0,1,0,0
Erodium cicutarium,2.5,50,1,12,6.5,12,0,0,0,0,0,0,1,0,0
Erodium malacoides,3.5,60,1,7,4,7,0,0,0,0,0,0,1,0,0
Erodium moschatum,8,90,1,8,4.5,8,0,0,0,0,0,0,1,0,0
Eruca vesicaria,20,100,2,6,4,5,0,0,0,0,0,0,1,0,0
Erucastrum nasturtiifolium,40,60,4,7,5.5,4,0,0,0,0,1,0,0,0,0
Eryngium bourgatii,6,50,7,9,8,3,0,0,0,0,1,0,0,0,0
Eryngium campestre,20,60,6,8,7,3,0,0,0,1,0,0,0,0,0
Eryngium duriaei,30,100,7,9,8,3,0,0,0,0,1,0,0,0,0
Eryngium maritimum,15,50,4,8,6,5,0,0,0,0,1,0,0,0,0
Eryngium tenue,3,40,6,9,7.5,4,0,0,0,0,0,0,1,0,0
Erysimum cheiri,20,60,3,5,4,3,1,0,1,0,0,0,0,0,0
Erysimum linifolium,5,40,3,8,5.5,6,0,0,1,0,0,0,0,0,0
Erythronium dens-canis,6,30,3,5,4,3,0,0,0,1,0,0,0,0,0
Eucalyptus globulus,4500,5500,3,5,4,3,1,0,0,0,0,0,0,1,0
Eupatorium cannabinum,39,104,7,10,8.5,4,0,0,0,0,1,0,0,0,0
Euphorbia amygdaloides,90,90,4,8,6,5,0,0,1,0,0,0,0,0,0
Euphorbia chamaesyce,30,30,5,10,7.5,6,0,0,0,0,0,0,1,0,0
Euphorbia dulcis,27,42,5,7,6,3,0,0,0,1,0,0,0,0,0
Euphorbia exigua,2,30,3,7,5,5,0,0,0,0,0,0,1,0,0
Euphorbia falcata,5,25,2,7,4.5,6,1,0,0,0,0,0,1,0,0
Euphorbia helioscopia,15,40,1,5,3,5,0,0,0,0,0,0,1,0,0
Euphorbia hyberna,40,60,4,6,5,3,0,0,0,0,1,0,0,0,0
Euphorbia maculata,30,30,6,11,8.5,6,1,0,0,0,0,0,1,0,0
Euphorbia paralias,80,80,4,8,6,5,0,0,1,0,1,0,0,0,0
Euphorbia peplus,2,20,1,12,6.5,12,0,0,0,0,0,0,1,0,0
Euphorbia platyphyllos,30,80,4,9,6.5,6,0,0,0,0,0,0,1,0,0
Euphorbia portlandica,10,25,4,6,5,3,0,0,0,0,1,0,0,0,0
Euphorbia prostrata,35,35,4,12,8,9,1,0,0,0,0,0,1,0,0
Euphorbia segetalis,80,80,3,10,6.5,8,0,0,0,0,1,0,1,0,0
Euphorbia serrata,20,60,2,7,4.5,6,0,0,1,0,0,0,0,0,0
Euphorbia stricta,NA,NA,NA,NA,NA,NA,1,0,0,0,0,0,1,0,0
Euphorbia terracina,4,90,2,10,6,9,0,0,0,0,0,0,1,0,0
Fagopyrum esculentum,NA,NA,6,8,7,3,1,0,0,0,0,0,1,0,0
Fallopia convolvulus,NA,NA,5,10,7.5,6,0,0,0,0,0,0,1,0,0
Fallopia dumetorum,NA,NA,5,10,7.5,6,0,0,0,0,0,0,1,0,0
Festuca elegans,35,116,5,7,6,3,0,0,0,0,1,0,0,0,0
Festuca heterophylla,110,110,5,8,6.5,4,0,0,0,0,1,0,0,0,0
Festuca juncifolia,60,60,5,8,6.5,4,0,0,0,0,1,0,0,0,0
Festuca microphylla,70,70,6,9,7.5,4,0,0,0,0,1,0,0,0,0
Festuca ovina,40,40,5,7,6,3,0,0,0,0,1,0,0,0,0
Festuca rivas-martinezii,76,76,5,7,6,3,0,0,0,0,1,0,0,0,0
Festuca rubra,106,106,5,9,7,5,0,0,0,0,1,0,0,0,0
Festuca rubra aggr.,106,106,5,9,7,5,0,0,0,0,1,0,0,0,0
Festuca summilusitana aggr.,20,53,6,8,7,3,0,0,0,0,1,0,0,0,0
Ficaria verna,5,45,1,6,3.5,6,0,0,0,1,0,0,0,0,0
Ficus carica,400,500,5,10,7.5,6,0,0,0,0,0,0,0,1,0
Filago arvensis,5,50,4,9,6.5,6,0,0,0,0,0,0,1,0,0
Filago carpetana,1,10,3,7,5,5,0,0,0,0,0,0,1,0,0
Filago gallica,2,33,3,9,6,7,0,0,0,0,0,0,1,0,0
Filago germanica,5,50,5,9,7,5,0,0,0,0,0,0,1,0,0
Filago lutescens,2.5,50,4,8,6,5,0,0,0,0,0,0,1,0,0
Filago minima,2,30,3,9,6,7,0,0,0,0,0,0,1,0,0
Filago pygmaea aggr.,0.5,12,3,7,5,5,0,0,0,0,0,0,1,0,0
Filago pyramidata,1.5,60,2,8,5,7,0,0,0,0,0,0,1,0,0
Filipendula ulmaria,130,130,6,10,8,5,0,0,0,0,1,0,0,0,0
Foeniculum vulgare,50,250,6,11,8.5,6,0,0,0,0,1,0,0,0,0
Fragaria vesca,5,25,3,8,5.5,6,0,0,0,0,1,0,0,0,0
Frankenia laevis,8,50,4,11,7.5,8,0,0,1,0,0,0,0,0,0
Fraxinus angustifolia,1500,1500,12,16,2,5,0,0,0,0,0,0,0,1,0
Fraxinus excelsior,4000,4000,4,5,4.5,2,0,0,0,0,0,0,0,1,0
Fumaria bastardii,NA,NA,2,8,5,7,0,0,0,0,0,0,1,0,0
Fumaria capreolata,NA,NA,2,8,5,7,0,0,0,0,0,0,1,0,0
Fumaria densiflora,NA,NA,2,8,5,7,0,0,0,0,0,0,1,0,0
Fumaria martinii,NA,NA,1,6,3.5,6,0,0,0,0,0,0,1,0,0
Fumaria muralis,NA,NA,1,10,5.5,10,0,0,0,0,0,0,1,0,0
Fumaria officinalis,NA,NA,2,8,5,7,0,0,0,0,0,0,1,0,0
Fumaria parviflora,NA,NA,2,6,4,5,0,0,0,0,0,0,1,0,0
Fumaria reuteri,NA,NA,1,6,3.5,6,0,0,0,0,0,0,1,0,0
Fumaria sepium,300,300,1,7,4,7,0,0,0,0,0,0,0,0,0
Fumaria vaillantii,NA,NA,3,7,5,5,0,0,0,0,0,0,1,0,0
Funaria hygrometrica,NA,NA,NA,NA,NA,NA,0,1,0,0,0,0,0,0,0
Gagea liotardii,7,21,4,7,5.5,4,0,0,0,1,0,0,0,0,0
Gagea soleirolii,3,16,4,7,5.5,4,0,0,0,1,0,0,0,0,0
Galactites tomentosus,70,70,2,7,4.5,6,0,0,0,0,0,0,1,0,0
Galeopsis angustifolia,4,82,6,10,8,5,0,0,0,0,0,0,1,0,0
Galeopsis ladanum,4,82,6,10,8,5,0,0,0,0,0,0,1,0,0
Galeopsis tetrahit,4,130,6,10,8,5,0,0,0,0,0,0,1,0,0
Galinsoga parviflora,10,75,4,12,8,9,1,0,0,0,0,0,1,0,0
Galinsoga quadriradiata,15,70,4,7,5.5,4,1,0,0,0,0,0,1,0,0
Galium aparine,20,167,3,7,5,5,0,0,0,0,0,0,1,0,0
Galium divaricatum,3,24,4,7,5.5,4,0,0,0,0,0,0,1,0,0
Galium elongatum,60,100,5,8,6.5,4,0,0,0,0,1,0,0,0,0
Galium lucidum,12,92,5,8,6.5,4,0,0,0,0,1,0,0,0,0
Galium mollugo,23,98,5,8,6.5,4,0,0,0,0,1,0,0,0,0
Galium murale,1.4,25,3,6,4.5,4,0,0,0,0,0,0,1,0,0
Galium palustre,17,129,5,8,6.5,4,0,0,0,0,1,0,0,0,0
Galium parisiense,3,55,4,7,5.5,4,0,0,0,0,0,0,1,0,0
Galium pumilum aggr.,20,87,5,8,6.5,4,0,0,0,0,1,0,0,0,0
Galium pyrenaicum,1.5,15,6,8,7,3,0,0,1,0,0,0,0,0,0
Galium rotundifolium,10,39,6,7,6.5,2,0,0,0,0,1,0,0,0,0
Galium saxatile aggr.,2.5,40,6,8,7,3,0,0,0,0,1,0,0,0,0
Galium spurium,20,100,3,6,4.5,4,0,0,0,0,0,0,1,0,0
Galium tricornutum,10,83,3,6,4.5,4,0,0,0,0,0,0,1,0,0
Galium uliginosum,23,82,7,9,8,3,0,0,0,0,1,0,0,0,0
Galium verrucosum,2.5,35,1,6,3.5,6,0,0,0,0,0,0,1,0,0
Galium verum,10,84,6,8,7,3,0,0,0,0,1,0,0,0,0
Gastridium ventricosum,75,75,6,7,6.5,2,0,0,0,0,0,0,1,0,0
Gaudinia fragilis,100,100,3,9,6,7,0,0,0,0,0,0,1,0,0
Genista falcata,50,200,3,6,4.5,4,0,0,0,0,0,0,0,1,0
Genista florida,250,250,5,7,6,3,0,0,0,0,0,0,0,1,0
Genista tridentata,15,100,2,6,4,5,0,0,0,0,0,0,0,1,0
Gentiana lutea,50,170,6,7,6.5,2,0,0,0,0,1,0,0,0,0
Gentiana pneumonanthe,50,50,7,9,8,3,0,0,0,0,1,0,0,0,0
Geranium columbinum,9,60,4,8,6,5,0,0,0,0,0,0,1,0,0
Geranium dissectum,15,69,1,6,3.5,6,0,0,0,0,0,0,1,0,0
Geranium lucidum,5,45,3,7,5,5,0,0,0,0,0,0,1,0,0
Geranium molle,10,45,1,8,4.5,8,0,0,0,0,0,0,1,0,0
Geranium phaeum,25,80,5,9,7,5,0,0,0,0,1,0,0,0,0
Geranium purpureum,5,40,3,7,5,5,0,0,0,0,0,0,1,0,0
Geranium pusillum,10,50,3,9,6,7,0,0,0,0,0,0,1,0,0
Geranium pyrenaicum,15,70,5,8,6.5,4,0,0,0,0,1,0,0,0,0
Geranium robertianum,10,60,1,12,6.5,12,0,0,0,0,0,0,1,0,0
Geranium rotundifolium,10,45,2,7,4.5,6,0,0,0,0,0,0,1,0,0
Geranium sanguineum,15,60,5,8,6.5,4,0,0,0,0,1,0,0,0,0
Geum rivale,20,40,5,8,6.5,4,0,0,0,0,1,0,0,0,0
Geum sylvaticum,10,40,4,6,5,3,0,0,0,0,1,0,0,0,0
Geum urbanum,25,60,5,7,6,3,0,0,0,0,1,0,0,0,0
Gladiolus communis,25,80,3,6,4.5,4,0,0,0,1,0,0,0,0,0
Glandora diffusa,20,35,3,9,6,7,0,0,1,0,0,0,0,0,0
Glandora prostrata,15,40,1,12,6.5,12,0,0,1,0,0,0,0,0,0
Glaucium corniculatum,30,40,4,7,5.5,4,0,0,0,0,0,0,1,0,0
Glaucium flavum,30,90,4,10,7,7,0,0,0,0,1,0,0,0,0
Glebionis segetum,10,50,2,6,4,5,0,0,0,0,0,0,1,0,0
Glechoma hederacea,6,85,3,7,5,5,0,0,0,0,1,0,0,0,0
Glyceria declinata,87,87,4,7,5.5,4,0,0,0,0,1,0,0,0,0
Gnaphalium coarctatum,12,30,3,9,6,7,1,0,0,0,0,0,1,0,0
Gnaphalium pensylvanicum,10,30,3,12,7.5,10,1,0,0,0,0,0,1,0,0
Gnaphalium purpureum,10,30,3,12,7.5,10,1,0,0,0,0,0,1,0,0
Gnaphalium sylvaticum,15,70,7,10,8.5,4,0,0,0,0,1,0,0,0,0
Gnaphalium uliginosum,5,25,6,10,8,5,0,0,0,0,0,0,1,0,0
Hainardia cylindrica,60,60,4,8,6,5,0,0,0,0,0,0,1,0,0
Hedera helix aggr.,NA,NA,9,11,10,3,0,0,0,0,0,0,0,1,0
Helianthus x laetiflorus,NA,NA,NA,NA,NA,NA,1,0,0,0,0,0,1,0,0
Helichrysum italicum,50,50,6,8,7,3,0,0,1,0,0,0,0,0,0
Helichrysum stoechas,50,50,2,7,4.5,6,0,0,1,0,0,0,0,0,0
Helictochloa marginata,20,140,4,8,6,5,0,0,0,0,1,0,0,0,0
Heliotropium europaeum,50,50,3,11,7,9,0,0,0,0,0,0,1,0,0
Helleborus foetidus,20,80,12,18,3,7,0,0,1,0,0,0,0,0,0
Helleborus viridis,20,50,1,5,3,5,0,0,0,0,1,0,0,0,0
Helminthotheca echioides,100,100,4,7,5.5,4,0,0,0,0,0,0,1,0,0
Helosciadium nodiflorum,100,100,4,7,5.5,4,0,0,0,0,0,1,0,0,0
Hepatica nobilis,10,10,2,6,4,5,0,0,0,0,1,0,0,0,0
Heracleum sphondylium,280,280,6,9,7.5,4,0,0,0,0,1,0,0,0,0
Herniaria ciliolata,30,30,5,8,6.5,4,0,0,0,0,1,0,0,0,0
Herniaria glabra,5,35,4,8,6,5,0,0,0,0,0,0,1,0,0
Herniaria hirsuta,20,20,4,9,6.5,6,0,0,0,0,0,0,1,0,0
Herniaria lusitanica,21,21,4,8,6,5,0,0,0,0,1,0,1,0,0
Herniaria scabrida,45,45,5,8,6.5,4,0,0,1,0,0,0,0,0,0
Hieracium sabaudum aggr.,40,80,7,10,8.5,4,0,0,0,0,1,0,0,0,0
Hirschfeldia incana,120,120,5,7,6,3,0,0,0,0,1,0,0,0,0
Hispidella hispanica,7,25,5,7,6,3,0,0,0,0,0,0,1,0,0
Holcus gayanus,13,60,4,8,6,5,0,0,0,0,0,0,1,0,0
Holcus lanatus,12,170,2,12,7,11,0,0,0,0,1,0,0,0,0
Holcus mollis,31,127,2,10,6,9,0,0,0,0,1,0,0,0,0
Holosteum umbellatum,3,20,2,7,4.5,6,0,0,0,0,0,0,1,0,0
Homalothecium sericeum,NA,NA,NA,NA,NA,NA,0,1,0,0,0,0,0,0,0
Hordeum marinum,51,51,4,7,5.5,4,0,0,0,0,0,0,1,0,0
Hordeum murinum,60,60,3,7,5,5,0,0,0,0,0,0,1,0,0
Hornungia alpina,4,25,5,9,7,5,0,0,0,0,1,0,0,0,1
Humulus lupulus,500,500,6,9,7.5,4,0,0,0,0,1,0,0,0,0
Hyacinthoides non-scripta,14,45,3,6,4.5,4,0,0,0,1,0,0,0,0,0
Hyoscyamus albus,80,80,1,12,6.5,12,0,0,0,0,1,0,1,0,0
Hyoscyamus niger,70,70,4,8,6,5,0,0,0,0,1,0,0,0,0
Hypecoum imberbe,5,40,2,7,4.5,6,0,0,0,0,0,0,1,0,0
Hypericum androsaemum,120,120,5,8,6.5,4,0,0,0,0,0,0,0,1,0
Hypericum hircinum,150,150,6,8,7,3,1,0,0,0,0,0,0,1,0
Hypericum humifusum,4,30,3,9,6,7,0,0,0,0,1,0,0,0,0
Hypericum linarifolium aggr.,30,80,5,8,6.5,4,0,0,0,0,1,0,0,0,0
Hypericum perforatum,110,110,4,10,7,7,0,0,0,0,1,0,0,0,0
Hypericum pulchrum,100,100,6,8,7,3,0,0,0,0,1,0,0,0,0
Hypericum richeri,50,50,6,9,7.5,4,0,0,0,0,1,0,0,0,0
Hypericum tetrapterum,120,120,5,9,7,5,0,0,0,0,1,0,0,0,0
Hypericum undulatum,120,120,7,9,8,3,0,0,0,0,1,0,0,0,0
Hypnum cupressiforme,NA,NA,NA,NA,NA,NA,0,1,0,0,0,0,0,0,0
Hypochaeris glabra,6,60,2,5,3.5,4,0,0,0,0,0,0,1,0,0
Hypochaeris radicata,13,100,5,7,6,3,0,0,0,0,1,0,0,0,0
Iberis procumbens,15,30,NA,NA,NA,NA,0,0,1,0,1,0,0,0,0
Illecebrum verticillatum,5,30,2,9,5.5,8,0,0,0,0,0,0,1,0,0
Inula conyzae,50,100,5,10,7.5,6,0,0,0,0,1,0,0,0,0
Inula montana,10,40,5,8,6.5,4,0,0,0,0,1,0,0,0,0
Ipomoea indica,1500,1500,2,10,6,9,1,0,0,1,1,0,0,0,0
Iris foetidissima,20,90,5,10,7.5,6,0,0,0,1,0,0,0,0,0
Iris latifolia,35,85,6,8,7,3,0,0,0,1,0,0,0,0,0
Iris pseudacorus,65,130,4,7,5.5,4,0,0,0,0,0,1,0,0,0
Isatis tinctoria,120,120,4,7,5.5,4,0,0,0,0,1,0,0,0,0
Jacobaea adonidifolia,30,70,6,9,7.5,4,0,0,0,0,1,0,0,0,0
Jacobaea aquatica,20,65,1,12,6.5,12,0,0,0,0,1,0,0,0,0
Jacobaea erratica,20,65,1,12,6.5,12,0,0,0,0,1,0,0,0,0
Jacobaea vulgaris,5,70,1,12,6.5,12,0,0,0,0,1,0,0,0,0
Jasione montana,5,60,3,8,5.5,6,0,0,0,0,0,0,1,0,0
Jasione sessiliflora,10,40,5,8,6.5,4,0,0,0,0,1,0,0,0,0
Juncus acutiflorus,19,118,5,10,7.5,6,0,0,0,0,1,0,0,0,0
Juncus articulatus,12,95,4,9,6.5,6,0,0,0,0,1,0,0,0,0
Juncus bufonius,1,45,3,9,6,7,0,0,0,0,0,0,1,0,0
Juncus bulbosus,3,35,3,9,6,7,0,0,0,0,1,0,0,0,0
Juncus capitatus,1.7,18,3,9,6,7,0,0,0,0,0,0,1,0,0
Juncus conglomeratus,45,75,5,9,7,5,0,0,0,0,1,0,0,0,0
Juncus effusus,25,128,6,9,7.5,4,0,0,0,0,1,0,0,0,0
Juncus inflexus,35,137,5,8,6.5,4,0,0,0,0,1,0,0,0,0
Juncus subnodulosus,32,110,5,9,7,5,0,0,0,0,1,0,0,0,0
Juncus tenageia,0.5,37,5,9,7,5,0,0,0,0,0,0,1,0,0
Kickxia elatine,60,60,6,11,8.5,6,0,0,0,0,0,0,1,0,0
Kickxia spuria,60,60,6,10,8,5,0,0,0,0,0,0,1,0,0
Klasea nudicaulis,60,60,5,7,6,3,0,0,0,0,1,0,0,0,0
Knautia arvensis,120,120,6,8,7,3,0,0,0,0,1,0,0,0,0
Knautia nevadensis,120,120,6,8,7,3,0,0,0,0,1,0,0,0,0
Koeleria vallesiana,20.7,35.9,4,9,6.5,6,0,0,0,0,1,0,0,0,0
Lactuca saligna,20,95,6,9,7.5,4,0,0,0,0,0,0,1,0,0
Lactuca serriola,40,230,6,9,7.5,4,0,0,0,0,0,0,1,0,0
Lactuca tenerrima,10,65,5,8,6.5,4,0,0,1,0,0,0,0,0,0
Lactuca viminea,25,120,7,9,8,3,0,0,0,0,1,0,0,0,0
Lactuca virosa,30,250,6,9,7.5,4,0,0,0,0,1,0,1,0,0
Lagurus ovatus,2,93.5,3,8,5.5,6,0,0,0,0,0,0,1,0,0
Lamium album,20,40,5,9,7,5,0,0,0,0,1,0,0,0,0
Lamium amplexicaule,10,40,1,6,3.5,6,0,0,0,0,0,0,1,0,0
Lamium galeobdolon aggr.,30,50,4,7,5.5,4,0,0,0,0,1,0,0,0,0
Lamium maculatum,18,50,2,10,6,9,0,0,0,0,1,0,0,0,0
Lamium purpureum aggr.,15,35,2,5,3.5,4,0,0,0,0,0,0,1,0,0
Laphangium luteoalbum,8,70,1,12,6.5,12,0,0,0,0,0,0,1,0,0
Lapsana communis,30,100,5,8,6.5,4,0,0,0,0,0,0,1,0,0
Laserpitium latifolium,80,100,6,7,6.5,2,0,0,0,0,1,0,0,0,0
Lathyrus angulatus,75,75,4,7,5.5,4,0,0,0,0,0,0,1,0,0
Lathyrus aphaca,60,60,3,8,5.5,6,0,0,0,0,0,0,1,0,0
Lathyrus cicera,100,100,3,7,5,5,0,0,0,0,0,0,1,0,0
Lathyrus hirsutus,80,80,5,7,6,3,0,0,0,0,0,0,1,0,0
Lathyrus latifolius,200,200,5,8,6.5,4,0,0,0,0,1,0,0,0,0
Lathyrus linifolius,15,60,3,7,5,5,0,0,0,1,1,0,0,0,0
Lathyrus nissolia,70,70,4,7,5.5,4,0,0,0,0,0,0,1,0,0
Lathyrus pratensis,70,70,5,9,7,5,0,0,0,0,1,0,0,0,0
Lathyrus sphaericus,50,50,4,7,5.5,4,0,0,0,0,0,0,1,0,0
Lathyrus sylvestris,200,200,7,8,7.5,2,0,0,0,0,1,0,0,0,0
Laurus nobilis,500,1000,2,4,3,3,0,0,0,0,0,0,0,1,0
Lavatera arborea,200,300,3,8,5.5,6,0,0,0,0,0,0,0,1,0
Lavatera cretica,20,200,3,7,5,5,0,0,0,0,0,0,0,1,0
Leersia oryzoides,50,170,7,16,11.5,10,0,0,0,0,1,0,0,0,0
Legousia hybrida,10,30,4,7,5.5,4,0,0,0,0,0,0,1,0,0
Legousia scabra,20,90,5,7,6,3,0,0,0,0,0,0,1,0,0
Leontodon hispidus,10,60,6,8,7,3,0,0,0,0,1,0,0,0,0
Leontodon saxatilis aggr.,6,30,3,11,7,9,0,0,0,0,1,0,1,0,0
Leontodon tingitanus,15,25,1,12,6.5,12,0,0,0,0,1,0,0,0,0
Leopoldia comosa,20,60,3,6,4.5,4,0,0,0,1,0,0,0,0,0
Lepidium campestre,20,50,4,7,5.5,4,0,0,0,0,0,0,1,0,0
Lepidium coronopus,30,30,4,9,6.5,6,0,0,0,0,1,0,1,0,1
Lepidium didymum,45,45,2,9,5.5,8,1,0,0,0,1,0,1,0,0
Lepidium draba,10,55,3,7,5,5,0,0,0,0,1,0,0,0,0
Lepidium heterophyllum,15,45,4,6,5,3,0,0,0,0,1,0,0,0,0
Lepidium ruderale,10,30,5,8,6.5,4,0,0,0,0,0,0,1,0,0
Lepidium virginicum,30,50,5,7,6,3,1,0,0,0,1,0,1,0,0
Leucanthemopsis flaveola,5,36,5,8,6.5,4,0,0,0,0,1,0,0,0,0
Leucanthemopsis pulverulenta,10,30,4,6,5,3,0,0,0,0,1,0,0,0,0
Leucanthemum ircutianum aggr.,10,60,5,8,6.5,4,0,0,0,0,1,0,0,0,0
Leucanthemum pallens,25,60,6,8,7,3,0,0,0,0,1,0,0,0,0
Leucanthemum vulgare,15,70,6,8,7,3,0,0,0,0,1,0,0,0,0
Ligusticum lucidum,150,150,6,9,7.5,4,0,0,0,0,1,0,0,0,0
Lilium martagon,60,180,6,8,7,3,0,0,0,1,0,0,0,0,0
Linaria amethystea,3,38,2,9,5.5,8,0,0,0,0,0,0,1,0,0
Linaria angustissima,35,90,5,10,7.5,6,0,0,0,0,1,0,0,0,0
Linaria badalii,6,40,4,8,6,5,0,0,0,0,0,0,1,0,0
Linaria bipunctata,1,25,4,7,5.5,4,0,0,0,0,0,0,0,0,0
Linaria elegans,15,45,4,8,6,5,0,0,0,0,0,0,1,0,0
Linaria polygalifolia,6,45,3,11,7,9,0,0,0,0,0,0,0,0,0
Linaria saxatilis,7,50,4,9,6.5,6,0,0,1,0,0,0,0,0,0
Linaria spartea,15,55,2,6,4,5,0,0,0,0,0,0,1,0,0
Linaria supina,5,30,3,9,6,7,0,0,0,0,1,0,1,0,0
Linaria triornithophora,50,130,3,9,6,7,0,0,0,0,1,0,0,0,0
Lindernia dubia,5,25,6,9,7.5,4,1,0,0,0,0,0,1,0,0
Linum bienne,10,70,3,8,5.5,6,0,0,0,0,1,0,0,0,0
Linum catharticum,4,40,4,10,7,7,0,0,0,0,0,0,1,0,0
Linum strictum,7,45,3,8,5.5,6,0,0,0,0,0,0,1,0,0
Lipandra polysperma,10,60,7,10,8.5,4,0,0,0,0,0,0,1,0,1
Lithospermum officinale,90,90,4,6,5,3,0,0,0,0,1,0,0,0,0
Lolium multiflorum,120,120,3,6,4.5,4,0,0,0,0,0,0,1,0,0
Lolium perenne,60,60,4,9,6.5,6,0,0,0,0,1,0,0,0,0
Lolium rigidum,100,100,3,9,6,7,0,0,0,0,0,0,1,0,0
Lolium temulentum,100,100,3,6,4.5,4,0,0,0,0,0,0,1,0,0
Lonicera japonica,100,400,4,12,8,9,1,0,0,0,0,0,0,1,0
Lonicera periclymenum,300,500,6,7,6.5,2,0,0,0,0,0,0,0,1,0
Lotus corniculatus,50,50,5,8,6.5,4,0,0,0,0,1,0,0,0,0
Lotus glareosus,11,35,6,8,7,3,0,0,0,0,1,0,0,0,0
Lotus hispidus,40,40,3,10,6.5,8,0,0,0,0,0,0,1,0,0
Lotus parviflorus,30,30,4,6,5,3,0,0,0,0,0,0,1,0,0
Lotus pedunculatus,23,120,3,8,5.5,6,0,0,0,0,1,0,0,0,0
Lotus subbiflorus,60,60,5,9,7,5,0,0,0,0,0,0,1,0,0
Lotus tenuis,80,80,5,8,6.5,4,0,0,0,0,1,0,0,0,1
Lupinus angustifolius,100,100,3,8,5.5,6,0,0,0,0,0,0,1,0,0
Lupinus hispanicus,70,70,4,8,6,5,0,0,0,0,0,0,1,0,0
Lupinus luteus,100,100,3,8,5.5,6,0,0,0,0,0,0,1,0,0
Luzula campestris,8,20,3,7,5,5,0,0,0,0,1,0,0,0,0
Luzula lactea,30,90,6,8,7,3,0,0,0,0,1,0,0,0,0
Luzula multiflora,15,40,4,7,5.5,4,0,0,0,0,1,0,0,0,0
Luzula pediformis,20,50,6,7,6.5,2,0,0,0,0,1,0,0,0,0
Luzula sylvatica,40,85,6,8,7,3,0,0,0,0,1,0,0,0,0
Lycopersicon esculentum,200,200,6,11,8.5,6,1,0,0,0,0,0,1,0,0
Lycopsis arvensis,20,70,5,8,6.5,4,0,0,0,0,0,0,1,0,0
Lycopus europaeus,21,92,7,10,8.5,4,0,0,0,0,1,0,0,0,0
Lysimachia vulgaris,40,130,6,8,7,3,0,0,0,0,1,0,0,0,0
Lythrum hyssopifolia,25,40,5,7,6,3,0,0,0,0,0,0,1,0,0
Lythrum junceum,20,50,5,7,6,3,0,0,1,0,0,0,0,0,0
Lythrum portula,10,17,6,8,7,3,0,0,0,0,0,0,1,0,0
Lythrum salicaria,65,85,6,8,7,3,0,0,0,0,1,0,0,0,0
Malcolmia littorea,10,40,2,12,7,11,0,0,1,0,1,0,0,0,0
Malva moschata,100,100,6,9,7.5,4,0,0,0,0,1,0,0,0,0
Malva neglecta,60,60,3,11,7,9,0,0,0,0,0,0,1,0,0
Malva nicaeensis,100,100,1,8,4.5,8,0,0,0,0,1,0,0,0,0
Malva parviflora,10,75,3,8,5.5,6,0,0,0,0,0,0,1,0,0
Malva sylvestris,150,150,1,10,5.5,10,0,0,0,0,1,0,0,0,0
Malva tournefortiana aggr.,30,60,4,8,6,5,0,0,0,0,1,0,0,0,0
Mantisalca salmantica,150,150,2,8,5,7,0,0,0,0,1,0,0,0,0
Marrubium vulgare,18,85,2,11,6.5,10,0,0,1,0,0,0,0,0,0
Matricaria chamomilla,15,45,3,6,4.5,4,0,0,0,0,0,0,1,0,0
Matricaria discoidea,7,20,5,8,6.5,4,0,0,0,0,0,0,1,0,0
Matricaria suaveolens,7,20,5,8,6.5,4,1,0,0,0,0,0,1,0,0
Medicago arabica,20,75,4,7,5.5,4,0,0,0,0,0,0,1,0,0
Medicago littoralis,10,80,2,11,6.5,10,0,0,0,0,0,0,1,0,0
Medicago lupulina,10,50,3,10,6.5,8,0,0,0,0,1,0,0,0,0
Medicago marina,10,50,2,7,4.5,6,0,0,1,0,1,0,0,0,0
Medicago minima,5,40,3,7,5,5,0,0,0,0,0,0,1,0,0
Medicago orbicularis,30,60,3,6,4.5,4,0,0,0,0,0,0,1,0,0
Medicago polyceratia,40,40,4,6,5,3,0,0,0,0,0,0,1,0,0
Medicago polymorpha,10,90,4,7,5.5,4,0,0,0,0,0,0,1,0,0
Medicago sativa,30,90,1,12,6.5,12,1,0,0,0,1,0,0,0,0
Medicago scutellata,25,50,4,6,5,3,0,0,0,0,0,0,1,0,0
Melica ciliata,15,90,4,8,6,5,0,0,0,0,1,0,0,0,0
Melica uniflora,15,60,5,7,6,3,0,0,0,0,1,0,0,0,0
Melilotus albus,30,200,1,9,5,9,0,0,0,0,0,0,1,0,0
Melilotus indicus,10,70,2,7,4.5,6,0,0,0,0,0,0,1,0,0
Melilotus officinalis,30,100,5,11,8,7,0,0,0,0,1,0,0,0,0
Melilotus sulcatus,6,60,2,6,4,5,0,0,0,0,0,0,1,0,0
Melissa officinalis,45,83,5,10,7.5,6,0,0,0,0,1,0,0,0,0
Melittis melissophyllum,16,90,4,8,6,5,0,0,0,0,1,0,0,0,0
Mentha aquatica,19,150,5,10,7.5,6,0,0,0,0,1,0,0,0,0
Mentha longifolia,25,117,5,10,7.5,6,0,0,0,0,1,0,0,0,0
Mentha pulegium,12,78,5,11,8,7,0,0,0,0,1,0,0,0,0
Mentha suaveolens,38,87,3,12,7.5,10,0,0,0,0,1,0,0,0,0
Mentha x piperita,NA,NA,NA,NA,NA,NA,0,0,0,0,1,0,0,0,0
Mentha x rotundifolia,NA,NA,NA,NA,NA,NA,0,0,0,0,1,0,0,0,0
Mercurialis annua,30,70,3,9,6,7,0,0,0,0,0,0,1,0,0
Mercurialis perennis,20,50,2,8,5,7,0,0,0,1,1,0,0,0,0
Mercurialis tomentosa,30,70,1,10,5.5,10,0,0,1,0,0,0,0,0,0
Mibora minima,2,18,3,5,4,3,0,0,0,0,0,0,1,0,0
Micromeria juliana,12,40,6,8,7,3,1,0,1,0,0,0,0,0,0
Micropyrum patens,104,104,5,6,5.5,2,0,0,0,0,0,0,1,0,0
Micropyrum tenellum,70,70,4,6,5,3,0,0,0,0,0,0,1,0,0
Microrrhinum minus,6,35,5,7,6,3,0,0,0,0,0,0,1,0,0
Milium vernale,24,57,4,7,5.5,4,0,0,0,0,0,0,1,0,0
Minuartia hybrida aggr.,3,22,2,6,4,5,0,0,0,0,0,0,1,0,0
Misopates orontium,60,70,2,12,7,11,0,0,0,0,0,0,1,0,0
Moehringia trinervia,15,30,4,7,5.5,4,0,0,0,0,0,0,1,0,0
Moenchia erecta,3,20,2,6,4,5,0,0,0,0,0,0,1,0,0
Molineriella laevis,30,450,3,7,5,5,0,0,0,0,0,0,1,0,0
Molinia caerulea,30,160,7,10,8.5,4,0,0,0,0,1,0,0,0,0
Montia arvensis,5,50,3,8,5.5,6,0,0,0,0,0,1,0,0,0
Montia fontana,5,50,5,9,7,5,0,0,0,0,1,0,1,0,0
Muscari neglectum,12,25,2,5,3.5,4,0,0,0,1,0,0,0,0,0
Myosotis alpestris,35,35,5,8,6.5,4,0,0,0,0,1,0,0,0,0
Myosotis arvensis,40,40,4,7,5.5,4,0,0,0,0,0,0,1,0,0
Myosotis balbisiana,40,40,4,6,5,3,0,0,0,0,0,0,1,0,0
Myosotis discolor,40,40,2,6,4,5,0,0,0,0,0,0,1,0,0
Myosotis martini,50,50,5,8,6.5,4,0,0,0,0,1,0,0,0,0
Myosotis persoonii,15,15,3,8,5.5,6,0,0,0,0,0,0,1,0,0
Myosotis ramosissima,35,35,3,6,4.5,4,0,0,0,0,0,0,1,0,0
Myosotis sicula,15,15,7,7,7,1,0,0,0,0,0,0,1,0,0
Myosotis stolonifera aggr.,25,25,5,8,6.5,4,0,0,0,0,1,0,0,0,0
Myosotis stricta,20,20,4,8,6,5,0,0,0,0,0,0,1,0,0
Myosoton aquaticum,15,60,5,8,6.5,4,0,0,0,0,1,0,0,0,0
Myosurus minimus,2,10,3,7,5,5,0,0,0,0,0,0,1,0,0
Myrrhis odorata,100,120,6,8,7,3,0,0,0,0,1,0,0,0,0
Nardus stricta,40,40,6,9,7.5,4,0,0,0,0,1,0,0,0,0
Nasturtium officinale,20,100,1,11,6,11,0,0,0,0,1,0,0,0,0
Neoschischkinia truncatula,5,60,6,7,6.5,2,0,0,0,0,1,0,0,0,0
Nepeta cataria,34,110,5,10,7.5,6,0,0,0,0,1,0,0,0,0
Nepeta latifolia,35,79,7,8,7.5,2,0,0,0,0,1,0,0,0,0
Neslia paniculata,15,75,3,6,4.5,4,0,0,0,0,0,0,1,0,0
Nigella hispanica,25,40,5,7,6,3,0,0,0,0,0,0,1,0,0
Noccaea perfoliata,4,30,7,11,9,5,0,0,0,0,0,0,1,0,1
Ochlopoa annua,2.3,45,1,12,6.5,12,0,0,0,0,0,0,1,0,0
Ochlopoa infirma,5.5,51,6,8,7,3,0,0,0,0,0,0,1,0,0
Ochlopoa supina,4.3,32,6,8,7,3,0,0,0,0,1,0,0,0,0
Odontarrhena serpyllifolia,10,30,4,7,5.5,4,0,0,1,0,1,0,0,0,1
Odontites vernus,60,60,6,10,8,5,0,0,0,0,0,0,1,0,0
Oenanthe crocata,150,150,5,6,5.5,2,0,0,0,0,1,0,0,0,0
Oenanthe lachenalii,100,100,4,9,6.5,6,0,0,0,0,1,0,0,0,0
Oenothera biennis,30,200,6,9,7.5,4,1,0,0,0,1,0,0,0,0
Oenothera glazioviana,50,150,6,9,7.5,4,1,0,0,0,1,0,0,0,0
Oenothera rosea,10,50,4,10,7,7,1,0,0,0,1,0,0,0,0
Omphalodes nitida,80,80,3,9,6,7,0,0,0,0,1,0,0,0,0
Ononis natrix,100,100,4,7,5.5,4,0,0,1,0,0,0,0,0,0
Ononis reclinata aggr.,25,25,4,7,5.5,4,0,0,0,0,0,0,1,0,0
Ononis spinosa,80,80,4,9,6.5,6,0,0,1,0,1,0,0,0,0
Onopordum acanthium,23,200,6,7,6.5,2,0,0,0,0,1,0,0,0,0
Onopordum acaulon,1,10,6,8,7,3,0,0,0,0,1,0,0,0,0
Onopordum nervosum,45,300,5,8,6.5,4,0,0,0,0,1,0,0,0,0
Ophioglossum vulgatum,NA,NA,5,7,6,3,0,0,0,1,0,0,0,0,0
Origanum vulgare,28,127,6,11,8.5,6,0,0,0,0,1,0,0,0,0
Orlaya daucoides,8,40,3,5,4,3,0,0,0,0,0,0,1,0,0
Ornithogalum pyrenaicum,48,78,5,7,6,3,0,0,0,1,0,0,0,0,0
Ornithogalum umbellatum,3,18,2,6,4,5,0,0,0,1,0,0,0,0,0
Ornithopus compressus,4,75,3,5,4,3,0,0,0,0,0,0,1,0,0
Ornithopus perpusillus,5,42,5,7,6,3,0,0,0,0,0,0,1,0,0
Ornithopus pinnatus,8,40,3,6,4.5,4,0,0,0,0,0,0,1,0,0
Ornithopus sativus,9,65,3,6,4.5,4,0,0,0,0,0,0,1,0,0
Orobanche minor,10,35,4,7,5.5,4,0,0,0,1,0,0,0,0,0
Orobanche sanguinea,17,27,4,5,4.5,2,0,0,0,1,0,0,0,0,0
Osmunda regalis,50,250,3,9,6,7,0,0,0,0,1,0,0,0,0
Osyris alba,50,125,3,6,4.5,4,0,0,0,0,0,0,0,1,0
Oxalis acetosella,14,14,3,5,4,3,0,0,0,0,1,0,0,0,0
Oxalis corniculata,30,30,1,12,6.5,12,1,0,0,1,1,0,0,0,0
Oxalis latifolia,36,36,5,11,8,7,1,0,0,1,1,0,0,0,0
Oxalis pes-caprae,40,40,11,17,2,7,1,0,0,1,1,0,0,0,0
Oxalis purpurea,3,6.5,1,7,4,7,1,0,0,1,1,0,0,0,0
Oxalis stricta,NA,NA,NA,NA,NA,NA,1,0,0,1,1,0,0,0,0
Oxalis violacea,3,6.5,1,7,4,7,1,0,0,1,1,0,0,0,0
Oxybasis rubra,3,30,7,10,8.5,4,0,0,0,0,0,0,1,0,0
Pallenis spinosa,10,70,4,8,6,5,0,0,0,0,1,0,0,0,0
Pancratium maritimum,25,42,6,10,8,5,0,0,0,1,0,0,0,0,0
Panicum capillare,40,75,7,10,8.5,4,1,0,0,0,0,0,1,0,0
Panicum dichotomiflorum,40,80,7,10,8.5,4,1,0,0,0,0,0,1,0,0
Panicum repens,30,80,4,11,7.5,8,0,0,0,1,1,0,0,0,0
Papaver argemone,10,35,4,8,6,5,0,0,0,0,0,0,1,0,0
Papaver dubium,20,60,3,8,5.5,6,0,0,0,0,0,0,1,0,0
Papaver hybridum,17,35,3,7,5,5,0,0,0,0,0,0,1,0,0
Papaver rhoeas,14,50,2,9,5.5,8,0,0,0,0,0,0,1,0,0
Papaver somniferum,15,100,3,8,5.5,6,1,0,0,0,0,0,1,0,0
Paradisea lusitanica,60,150,5,7,6,3,0,0,0,1,0,0,0,0,0
Parentucellia latifolia,5,30,3,6,4.5,4,0,0,0,0,0,0,1,0,0
Parentucellia viscosa,10,35,4,6,5,3,0,0,0,0,0,0,1,0,0
Parietaria judaica aggr.,15,80,3,10,6.5,8,0,0,0,0,1,0,0,0,0
Paronychia argentea,3,50,3,6,4.5,4,0,0,0,0,1,0,0,0,0
Paspalum dilatatum,21,149,5,12,8.5,8,1,0,0,0,1,0,0,0,0
Paspalum distichum,17,79,3,12,7.5,10,1,0,0,0,1,0,0,0,0
Paspalum vaginatum,18,67,4,11,7.5,8,1,0,0,1,1,0,0,0,0
Pastinaca sativa aggr.,100,100,7,9,8,3,0,0,0,0,1,0,0,0,0
Pentaglottis sempervirens,30,100,3,8,5.5,6,0,0,0,0,1,0,0,0,0
Periballia involucrata,NA,NA,NA,NA,NA,NA,0,0,0,0,0,0,1,0,0
Persicaria capitata,30,50,3,9,6,7,1,0,0,0,1,0,1,0,0
Persicaria decipiens,30,60,4,11,7.5,8,0,0,0,0,1,0,0,0,0
Persicaria dubia,20,50,7,10,8.5,4,0,0,0,0,0,0,1,0,0
Persicaria hydropiper,20,70,7,10,8.5,4,0,0,0,0,0,0,1,0,0
Persicaria lapathifolia,30,70,6,11,8.5,6,0,0,0,0,0,0,1,0,0
Persicaria maculosa,30,70,5,10,7.5,6,0,0,0,0,0,0,1,0,0
Persicaria x pseudolapathum,NA,NA,NA,NA,NA,NA,0,0,0,0,0,0,1,0,0
Petasites pyrenaicus,10,30,12,15,1.5,4,1,0,0,1,1,0,0,0,0
Petrorhagia nanteuilii,10,45,4,8,6,5,0,0,0,0,0,0,1,0,0
Petrorhagia prolifera,6,50,4,11,7.5,8,0,0,0,0,0,0,1,0,0
Petroselinum crispum,30,80,6,9,7.5,4,1,0,0,0,1,0,0,0,0
Peucedanum gallicum,9,17,7,9,8,3,0,0,0,0,1,0,0,0,0
Phagnalon saxatile,50,50,3,10,6.5,8,0,0,1,0,0,0,0,0,0
Phagnalon sordidum,42,42,4,8,6,5,0,0,1,0,0,0,0,0,0
Phalacrocarpum oppositifolium,10,30,4,8,6,5,0,0,1,0,1,0,0,0,0
Phalaris aquatica,100,150,3,9,6,7,0,0,0,0,1,0,0,0,0
Phalaris canariensis,15,57,3,7,5,5,1,0,0,0,0,0,1,0,0
Phalaris coerulescens,100,150,2,10,6,9,0,0,0,0,1,0,0,0,0
Phalaris minor,40,70,3,7,5,5,0,0,0,0,0,0,1,0,0
Phalaroides arundinacea,80,135,5,10,7.5,6,0,0,0,0,0,1,0,0,0
Phelipanche arenaria,15,30,5,7,6,3,0,0,0,1,0,0,0,0,0
Phleum arenarium,40,90,4,8,6,5,0,0,0,0,0,0,1,0,0
Phleum nodosum,28,58,4,8,6,5,0,0,0,0,1,0,0,0,0
Phleum phleoides,33,70,5,9,7,5,0,0,0,0,1,0,0,0,0
Phleum pratense,28,58,4,8,6,5,0,0,0,0,1,0,0,0,0
Phragmites australis,100,600,6,12,9,7,0,0,0,1,0,0,0,0,0
Physospermum cornubiense,30,150,6,9,7.5,4,0,0,0,0,1,0,0,0,0
Phytolacca americana,100,300,5,12,8.5,8,1,0,0,1,1,0,0,0,0
Picris hieracioides,40,100,5,10,7.5,6,0,0,0,0,1,0,0,0,0
Pilosella officinarum aggr.,5,25,4,8,6,5,0,0,0,0,1,0,0,0,0
Pimpinella major,60,120,6,8,7,3,0,0,0,0,1,0,0,0,0
Pimpinella saxifraga,25,80,6,9,7.5,4,0,0,0,0,1,0,0,0,0
Pimpinella siifolia,30,40,7,8,7.5,2,0,0,0,0,1,0,0,0,0
Pimpinella villosa,40,90,7,8,7.5,2,0,0,0,0,1,0,0,0,0
Pinus pinaster,4000,4000,4,5,4.5,2,0,0,0,0,0,0,0,1,0
Piptatherum miliaceum,40,150,1,12,6.5,12,0,0,0,0,1,0,0,0,0
Piptatherum paradoxum,60,130,4,10,7,7,0,0,0,0,1,0,0,0,0
Pisum sativum,200,200,4,7,5.5,4,0,0,0,0,0,0,1,0,0
Plantago alpina,4,15,6,8,7,3,0,0,0,0,1,0,0,0,0
Plantago coronopus,5,30,2,10,6,9,0,0,0,0,0,0,1,0,0
Plantago lanceolata,3,30,4,10,7,7,0,0,0,0,1,0,0,0,0
Plantago major,7,60,4,10,7,7,0,0,0,0,1,0,0,0,0
Plantago maritima,5,40,4,9,6.5,6,0,0,0,0,1,0,0,0,0
Plantago media,12,40,5,9,7,5,0,0,0,0,1,0,0,0,0
Plantago subulata,3,15,4,5,4.5,2,1,0,1,0,0,0,0,0,0
Pleurochaete squarrosa,NA,NA,NA,NA,NA,NA,0,1,0,0,0,0,0,0,0
Poa alpina,5.3,51,6,8,7,3,0,0,0,0,1,0,0,0,0
Poa angustifolia,14,98,4,8,6,5,0,0,0,0,1,0,0,0,1
Poa bulbosa,4.5,65,1,7,4,7,0,0,0,0,1,0,0,0,0
Poa compressa,15,63,5,9,7,5,0,0,0,0,1,0,0,0,0
Poa feratiana,15,120,4,7,5.5,4,0,0,0,0,1,0,0,0,0
Poa legionensis,7.5,35,5,7,6,3,0,0,0,0,1,0,0,0,0
Poa nemoralis,14,73,4,8,6,5,0,0,0,0,1,0,0,0,0
Poa pratensis,14,98,4,8,6,5,0,0,0,0,1,0,0,0,0
Poa trivialis,15,120,4,7,5.5,4,0,0,0,0,1,0,0,0,0
Podospermum laciniatum,15,60,4,7,5.5,4,0,0,0,0,0,0,1,0,0
Polycarpon tetraphyllum,10,20,3,7,5,5,0,0,0,0,0,0,1,0,0
Polygala serpyllifolia,15,15,4,9,6.5,6,0,0,0,0,1,0,0,0,0
Polygala vulgaris,35,35,3,8,5.5,6,0,0,0,0,1,0,0,0,0
Polygonatum odoratum,21,68,4,6,5,3,0,0,0,1,0,0,0,0,0
Polygonatum verticillatum,40,90,5,7,6,3,0,0,0,1,0,0,0,0,0
Polygonum aviculare,2,70,4,10,7,7,0,0,0,0,0,0,1,0,0
Polygonum arenastrum,30,70,6,10,8,5,0,0,0,0,0,0,1,0,0
Polygonum maritimum,60,80,3,12,7.5,10,0,0,0,0,1,0,0,0,0
Polygonum rurivagum,20,60,7,11,9,5,0,0,0,0,0,0,1,0,0
Polypodium cambricum,57,57,1,12,6.5,12,0,0,0,1,0,0,0,0,0
Polypodium interjectum,53,53,1,12,6.5,12,0,0,0,1,0,0,0,0,0
Polypodium vulgare,47,47,5,11,8,7,0,0,0,1,0,0,0,0,0
Polypodium x mantoniae,NA,NA,NA,NA,NA,NA,0,0,0,0,1,0,0,0,0
Polypogon monspeliensis,5,120,4,7,5.5,4,0,0,0,0,0,0,1,0,0
Polypogon viridis,9,100,4,9,6.5,6,0,0,0,0,1,0,0,0,0
Polystichum setiferum,40,90,6,10,8,5,0,0,0,0,1,0,0,0,0
Populus alba,2500,2500,2,4,3,3,0,0,0,0,0,0,0,1,0
Populus nigra,3000,3000,2,3,2.5,2,0,0,0,0,0,0,0,1,0
Portulaca oleracea,5,50,2,9,5.5,8,0,0,0,0,0,0,1,0,0
Potamogeton nodosus,NA,NA,4,10,7,7,0,0,0,0,0,1,0,0,0
Potentilla argentea,15,40,5,8,6.5,4,0,0,0,0,1,0,0,0,0
Potentilla asturica,12,50,6,8,7,3,0,0,0,0,1,0,0,0,0
Potentilla erecta,10,40,2,9,5.5,8,0,0,0,0,1,0,0,0,0
Potentilla reptans,8,100,3,10,6.5,8,0,0,0,0,1,0,0,0,0
Potentilla sterilis,4,7,3,5,4,3,0,0,0,0,1,0,0,0,0
Primula acaulis,3,15,1,6,3.5,6,0,0,0,0,1,0,0,0,0
Primula veris,6,30,3,6,4.5,4,0,0,0,0,1,0,0,0,0
Prunella grandiflora,10,48,5,10,7.5,6,0,0,0,0,1,0,0,0,0
Prunella laciniata,10,37,5,8,6.5,4,0,0,0,0,1,0,0,0,0
Prunella vulgaris,5,60,4,11,7.5,8,0,0,0,0,1,0,0,0,0
Prunus spinosa,100,250,2,5,3.5,4,0,0,0,0,0,0,0,1,0
Pseudarrhenatherum longifolium,55,150,4,8,6,5,0,0,0,0,1,0,0,0,0
Pteridium aquilinum,20,200,6,10,8,5,0,0,0,1,0,0,0,0,0
Pulicaria arabica,10,70,5,11,8,7,0,0,0,0,0,0,1,0,0
Pulicaria dysenterica,25,180,6,11,8.5,6,0,0,0,0,1,0,0,0,0
Pulmonaria affinis,10,50,4,8,6,5,0,0,0,0,1,0,0,0,0
Pulsatilla alpina,NA,NA,6,7,6.5,2,0,0,0,0,1,0,0,0,0
Quercus ilex,270,270,4,6,5,3,0,0,0,0,0,0,0,1,0
Quercus pyrenaica,2500,2500,4,6,5,3,0,0,0,0,0,0,0,1,0
Quercus robur,300,300,4,6,5,3,0,0,0,0,0,0,0,1,0
Racomitrium canescens,NA,NA,NA,NA,NA,NA,0,1,0,0,0,0,0,0,0
Radiola linoides,2,13,3,7,5,5,0,0,0,0,0,0,1,0,0
Ranunculus aconitifolius,20,60,5,8,6.5,4,0,0,0,0,1,0,0,0,0
Ranunculus acris,20,90,6,8,7,3,0,0,0,0,1,0,0,0,0
Ranunculus arvensis,5,40,3,8,5.5,6,0,0,0,0,0,0,1,0,0
Ranunculus bulbosus,5,50,4,8,6,5,0,0,0,1,1,0,0,0,0
Ranunculus muricatus,5,50,2,7,4.5,6,0,0,0,0,0,0,1,0,0
Ranunculus ollissiponensis,4,40,2,5,3.5,4,0,0,0,1,1,0,0,0,0
Ranunculus paludosus,10,50,2,6,4,5,0,0,0,1,1,0,0,0,0
Ranunculus parviflorus,5,45,2,7,4.5,6,0,0,0,0,0,0,1,0,0
Ranunculus repens,13,45,3,7,5,5,0,0,0,0,1,0,0,0,0
Ranunculus sardous,10,48,4,8,6,5,0,0,0,0,0,0,1,0,0
Ranunculus sceleratus,10,40,3,10,6.5,8,0,0,0,0,0,0,1,0,0
Ranunculus trilobus,5,55,1,7,4,7,0,0,0,0,0,0,1,0,0
Raphanus raphanistrum aggr.,15,80,3,8,5.5,6,0,0,0,0,1,0,1,0,0
Raphanus sativus,20,100,1,12,6.5,12,1,0,0,0,1,0,0,0,0
Rapistrum rugosum,150,150,4,10,7,7,0,0,0,0,0,0,1,0,0
Reichardia picroides,60,60,2,8,5,7,0,0,0,0,1,0,0,0,0
Reseda lutea,30,70,3,8,5.5,6,0,0,0,0,1,0,0,0,0
Reseda luteola,60,100,3,10,6.5,8,0,0,0,0,0,0,1,0,0
Reseda media,30,70,1,6,3.5,6,0,0,0,0,0,0,1,0,0
Reseda phyteuma,25,40,3,8,5.5,6,0,0,0,0,1,0,1,0,0
Reynoutria japonica,200,300,8,9,8.5,2,1,0,0,1,0,0,0,0,0
Rhamnus alaternus,50,800,1,5,3,5,0,0,0,0,0,0,0,1,0
Rhamnus cathartica,50,400,4,7,5.5,4,0,0,0,0,0,0,0,1,0
Rhinanthus alectorolophus,5,65,5,9,7,5,1,0,0,0,0,0,1,0,0
Rhinanthus mediterraneus,5,65,5,9,7,5,0,0,0,0,0,0,0,1,0
Rhinanthus minor,5,50,5,8,6.5,4,0,0,0,0,0,0,1,0,0
Ricinus communis,300,500,5,12,8.5,8,1,0,0,0,0,0,0,1,0
Robinia pseudoacacia,250,250,4,6,5,3,1,0,0,0,0,0,0,1,0
Roemeria hybrida,20,40,4,7,5.5,4,0,0,0,0,0,0,1,0,0
Romulea bulbocodium aggr.,17,17,2,5,3.5,4,0,0,0,1,0,0,0,0,0
Rorippa islandica,5,30,7,8,7.5,2,0,0,0,0,1,0,1,0,0
Rorippa palustris,10,100,4,9,6.5,6,0,0,0,0,1,0,1,0,0
Rorippa sylvestris,20,50,5,10,7.5,6,0,0,0,0,1,0,0,0,0
Rosa canina aggr.,100,300,3,7,5,5,0,0,0,0,0,0,0,1,0
Rostraria cristata,5,30,3,7,5,5,0,0,0,0,0,0,1,0,0
Rubia peregrina,25,100,4,7,5.5,4,0,0,0,0,0,0,0,1,0
Rubus caesius,NA,NA,6,7,6.5,2,0,0,0,0,0,0,0,1,0
Rubus galloecicus,NA,NA,7,8,7.5,2,0,0,0,0,0,0,0,1,0
Rubus idaeus,NA,NA,5,7,6,3,0,0,0,0,0,0,0,1,0
Rubus lainzii,NA,NA,6,7,6.5,2,0,0,0,0,0,0,0,1,0
Rubus ulmifolius aggr.,NA,NA,6,8,7,3,0,0,0,0,0,0,0,1,0
Rubus vagabundus,NA,NA,6,7,6.5,2,0,0,0,0,0,0,0,1,0
Rumex acetosa,25,120,4,7,5.5,4,0,0,0,0,1,0,0,0,0
Rumex acetosella,5,45,6,NA,NA,NA,0,0,0,1,1,0,0,0,0
Rumex aquitanicus,100,100,6,7,6.5,2,0,0,0,0,1,0,0,0,0
Rumex arifolius,120,120,7,8,7.5,2,0,0,0,0,1,0,0,0,0
Rumex bucephalophorus,3,20,3,4,3.5,2,0,0,0,0,0,0,1,0,0
Rumex conglomeratus,130,130,5,8,6.5,4,0,0,0,0,1,0,0,0,0
Rumex crispus,200,200,4,6,5,3,0,0,0,0,1,0,0,0,0
Rumex induratus,80,80,2,6,4,5,0,0,0,0,1,0,0,0,0
Rumex longifolius,120,120,5,8,6.5,4,0,0,0,0,1,0,0,0,0
Rumex obtusifolius,150,150,5,9,7,5,0,0,0,0,1,0,0,0,0
Rumex papillaris,100,100,6,8,7,3,0,0,0,0,1,0,0,0,0
Rumex pulcher,60,60,4,7,5.5,4,0,0,0,0,1,0,0,0,0
Rumex sanguineus,100,100,7,8,7.5,2,0,0,0,0,1,0,0,0,0
Rumex scutatus,40,40,5,9,7,5,0,0,0,0,1,0,0,0,0
Ruta montana,70,70,4,10,7,7,0,0,1,0,0,0,0,0,0
Sagina apetala,2,10,1,8,4.5,8,0,0,0,0,0,0,1,0,0
Sagina maritima,3,15,1,8,4.5,8,0,0,0,0,0,0,1,0,0
Sagina procumbens,20,20,3,10,6.5,8,0,0,0,0,1,0,0,0,0
Salix atrocinerea,1200,1200,1,3,2,3,0,0,0,0,0,0,0,1,0
Salix caprea,1100,1100,1,5,3,5,0,0,0,0,0,0,0,1,0
Salix eleagnos,600,600,2,4,3,3,0,0,0,0,0,0,0,1,0
Salix purpurea,600,600,1,3,2,3,0,0,0,0,0,0,0,1,0
Salix repens,100,100,4,6,5,3,0,0,0,0,0,0,0,1,0
Salix salviifolia,600,600,1,3,2,3,0,0,0,0,0,0,0,1,0
Salix triandra,400,600,3,5,4,3,0,0,0,0,0,0,0,1,0
Salix viminalis,1000,1000,3,4,3.5,2,1,0,0,0,0,0,1,0,0
Salix x eriophora,NA,NA,NA,NA,NA,NA,0,0,0,0,0,0,0,1,0
Salix x fragilis f. fragilis,800,2000,3,5,4,3,0,0,0,0,0,0,0,1,0
Salix x multidentata,NA,NA,NA,NA,NA,NA,0,0,0,0,0,0,0,1,0
Salvia verbenaca,5,60,1,12,6.5,12,0,0,0,0,1,0,0,0,0
Sambucus ebulus,90,150,6,8,7,3,0,0,0,0,1,0,0,0,0
Sambucus nigra,100,300,5,7,6,3,0,0,0,0,0,0,0,1,0
Samolus valerandi,5,50,6,10,8,5,0,0,0,0,1,0,0,0,0
Sanguisorba minor,20,70,4,9,6.5,6,0,0,0,0,1,0,0,0,0
Sanguisorba officinalis,15,150,5,10,7.5,6,0,0,0,0,1,0,0,0,0
Sanguisorba verrucosa,10,80,3,8,5.5,6,0,0,0,0,1,0,0,0,0
Santolina semidentata,30,70,6,8,7,3,0,0,1,0,0,0,0,0,0
Saponaria officinalis,30,100,6,9,7.5,4,0,0,0,0,1,0,0,0,0
Saxifraga clusii,40,40,6,8,7,3,0,0,0,0,1,0,0,0,0
Saxifraga fragosoi,30,30,5,7,6,3,0,0,1,0,0,0,0,0,0
Saxifraga granulata,60,60,2,7,4.5,6,0,0,0,1,0,0,0,0,0
Saxifraga hirsuta,40,40,4,8,6,5,0,0,0,0,1,0,0,0,0
Saxifraga trifurcata,30,30,5,7,6,3,0,0,1,0,0,0,0,0,0
Scabiosa columbaria,120,120,7,9,8,3,0,0,0,0,1,0,0,0,0
Scandix pecten-veneris,10,40,2,6,4,5,0,0,0,0,0,0,1,0,0
Schedonorus arundinaceus,40,150,5,8,6.5,4,0,0,0,0,1,0,0,0,0
Schedonorus giganteus,50,150,7,9,8,3,0,0,0,0,1,0,0,0,0
Schedonorus pratensis,30,120,5,8,6.5,4,0,0,0,0,1,0,0,0,0
Schoenoplectus lacustris,50,200,4,10,7,7,0,0,0,0,0,1,0,0,0
Scilla verna,5,34,3,6,4.5,4,0,0,0,1,0,0,0,0,0
Scirpoides holoschoenus,10,120,4,9,6.5,6,0,0,0,1,1,0,0,0,0
Scleranthus annuus,2,25,3,9,6,7,0,0,0,0,0,0,1,0,0
Scleranthus polycarpos,2,27,5,8,6.5,4,0,0,0,0,0,0,1,0,0
Scleranthus verticillatus,3,8,3,7,5,5,0,0,0,0,0,0,1,0,0
Sclerochloa dura,3,12,5,7,6,3,0,0,0,0,0,0,1,0,0
Scolymus hispanicus,20,250,6,8,7,3,0,0,0,0,1,0,0,0,0
Scorzonera angustifolia,10,60,3,7,5,5,0,0,0,0,1,0,0,0,0
Scorzoneroides autumnalis,70,70,7,8,7.5,2,0,0,0,0,1,0,0,0,0
Scrophularia alpestris,110,110,5,7,6,3,0,0,0,0,1,0,0,0,0
Scrophularia auriculata,250,250,4,7,5.5,4,0,0,0,0,1,0,0,0,0
Scrophularia canina aggr.,85,85,3,6,4.5,4,0,0,1,0,1,0,0,0,0
Scrophularia herminii,170,170,6,8,7,3,0,0,0,0,0,0,0,0,0
Scrophularia nodosa,140,140,5,7,6,3,0,0,0,0,1,0,0,0,0
Scrophularia scorodonia,30,175,4,6,5,3,0,0,0,0,1,0,0,0,0
Scutellaria galericulata,5,50,6,9,7.5,4,0,0,0,0,1,0,0,0,0
Secale cereale,50,173,5,6,5.5,2,1,0,0,0,0,0,1,0,0
Sedum acre,2,10,4,9,6.5,6,0,0,1,0,0,0,0,0,0
Sedum album,30,30,4,8,6,5,0,0,1,0,0,0,0,0,0
Sedum anglicum,12,12,6,8,7,3,0,0,1,0,0,0,0,0,0
Sedum arenarium,5,10,4,7,5.5,4,0,0,0,0,0,0,1,0,0
Sedum brevifolium,2,14,5,8,6.5,4,0,0,1,0,0,0,0,0,0
Sedum cepaea,15,28,5,8,6.5,4,0,0,0,0,0,0,1,0,0
Sedum dasyphyllum,15,15,6,8,7,3,0,0,1,0,0,0,0,0,0
Sedum forsterianum,35,35,4,8,6,5,0,0,1,0,0,0,0,0,0
Sedum hirsutum,15,15,6,8,7,3,0,0,1,0,0,0,0,0,0
Sempervivum vicentei,8,26,7,8,7.5,2,0,0,1,0,0,0,0,0,0
Senecio duriaei,10,90,7,9,8,3,0,0,0,0,1,0,0,0,0
Senecio gallicus,5,55,2,11,6.5,10,0,0,0,0,0,0,1,0,0
Senecio lividus,10,100,2,6,4,5,0,0,0,0,0,0,1,0,0
Senecio pyrenaicus,17,75,6,9,7.5,4,0,0,0,0,1,0,0,0,0
Senecio sylvaticus,15,100,4,9,6.5,6,0,0,0,0,0,0,1,0,0
Senecio vulgaris,5,70,1,12,6.5,12,0,0,0,0,0,0,1,0,0
Serapias lingua,8,55,4,6,5,3,0,0,0,1,0,0,0,0,0
Serapias parviflora,15,28,3,5,4,3,0,0,0,1,0,0,0,0,0
Serratula tinctoria,120,120,7,11,9,5,0,0,0,0,1,0,0,0,0
Sesamoides interrupta,5,12,6,8,7,3,0,0,0,0,1,0,0,0,0
Seseli tortuosum,50,70,7,10,8.5,4,0,0,0,0,1,0,0,0,0
Setaria faberi,45,90,9,11,10,3,0,0,0,0,0,0,1,0,0
Setaria parviflora,20,60,7,15,11,9,1,0,0,0,1,0,0,0,0
Setaria pumila,20,60,7,12,9.5,6,0,0,0,0,0,0,1,0,0
Setaria verticilliformis,30,100,7,12,9.5,6,0,0,0,0,0,0,1,0,0
Setaria viridis,20,75,7,11,9,5,0,0,0,0,0,0,1,0,0
Sherardia arvensis,30,30,2,6,4,5,0,0,0,0,0,0,1,0,0
Sibthorpia europaea,30,30,5,8,6.5,4,0,0,0,0,1,0,0,0,0
Silaum silaus,40,110,7,9,8,3,0,0,0,0,1,0,0,0,0
Silene baccifera,150,150,4,10,7,7,0,0,0,0,1,0,0,0,0
Silene colorata,15,60,1,6,3.5,6,0,0,0,0,0,0,1,0,0
Silene conica,12,25,4,7,5.5,4,0,0,0,0,0,0,1,0,0
Silene conoidea,15,50,NA,NA,NA,NA,0,0,0,0,0,0,1,0,0
Silene coronaria,30,100,5,9,7,5,1,0,0,0,1,0,0,0,0
Silene dioica,30,80,4,8,6,5,0,0,0,0,1,0,0,0,0
Silene flos-cuculi,20,70,4,8,6,5,0,0,0,0,1,0,0,0,0
Silene gallica,8,60,2,6,4,5,0,0,0,0,0,0,1,0,0
Silene laeta,4,60,5,7,6,3,0,0,0,0,0,0,1,0,0
Silene latifolia,30,120,4,7,5.5,4,0,0,0,0,1,0,0,0,0
Silene littorea,20,20,3,5,4,3,0,0,0,0,0,0,1,0,0
Silene muscipula,10,50,5,8,6.5,4,0,0,0,0,0,0,1,0,0
Silene nutans,15,80,5,8,6.5,4,0,0,0,0,1,0,0,0,0
Silene portensis,20,60,5,8,6.5,4,0,0,0,0,0,0,1,0,0
Silene scabriflora,20,40,3,7,5,5,0,0,0,0,1,0,1,0,0
Silene vulgaris,35,80,4,6,5,3,0,0,0,0,1,0,0,0,0
Silybum marianum,250,250,4,8,6,5,0,0,0,0,1,0,0,0,0
Sinapis alba,100,100,3,5,4,3,0,0,0,0,0,0,1,0,0
Sinapis arvensis,100,100,2,8,5,7,0,0,0,0,0,0,1,0,0
Sison amomum,50,150,7,9,8,3,0,0,0,0,1,0,0,0,0
Sison segetum,30,65,9,10,9.5,2,0,0,0,0,0,0,1,0,0
Sisymbrella aspera,8,50,4,8,6,5,0,0,0,0,0,0,1,0,0
Sisymbrium austriacum,120,120,NA,NA,NA,NA,0,0,0,0,1,0,0,0,0
Sisymbrium crassifolium,10,120,2,7,4.5,6,0,0,0,0,1,0,1,0,0
Sisymbrium irio,15,75,9,18,1.5,10,0,0,0,0,0,0,1,0,0
Sisymbrium macroloma,50,115,5,8,6.5,4,0,0,0,0,0,0,1,0,0
Sisymbrium officinale,50,90,3,8,5.5,6,0,0,0,0,0,0,1,0,0
Sixalix atropurpurea,100,100,4,8,6,5,0,0,0,0,0,0,1,0,0
Smilax aspera,600,600,2,12,7,11,0,0,0,0,0,0,0,1,0
Smyrnium olusatrum,60,130,3,6,4.5,4,0,0,0,0,1,0,0,0,0
Solanum chenopodioides,100,100,1,12,6.5,12,1,0,0,0,0,0,0,1,0
Solanum dulcamara,30,200,6,9,7.5,4,0,0,0,0,0,0,0,1,0
Solanum nigrum,30,80,1,12,6.5,12,0,0,0,0,0,0,1,0,0
Solanum tuberosum,NA,NA,NA,NA,NA,NA,1,0,0,1,0,0,0,0,0
Soleirolia soleirolii,2,20,3,8,5.5,6,1,0,0,0,1,0,0,0,0
Solidago virgaurea,7,84,6,11,8.5,6,0,0,0,0,1,0,0,0,0
Soliva sessilis,3,15,3,4,3.5,2,1,0,0,0,0,0,1,0,0
Soliva stolonifera,7,7,2,4,3,3,1,0,0,0,0,0,1,0,0
Sonchus arvensis,12,125,3,9,6,7,0,0,0,1,1,0,0,0,1
Sonchus asper,18,130,3,9,6,7,0,0,0,0,1,0,1,0,0
Sonchus bulbosus,4,65,3,5,4,3,0,0,0,1,1,0,0,0,0
Sonchus oleraceus,12,125,3,9,6,7,0,0,0,0,0,0,1,0,0
Sonchus tenerrimus,7,75,3,7,5,5,1,0,0,0,1,0,1,0,0
Sparganium erectum,12,92,5,9,7,5,0,0,0,0,0,1,0,0,0
Sparganium neglectum,12,92,5,9,7,5,0,0,0,0,0,1,0,0,0
Spergula arvensis,5,70,12,18,3,7,0,0,0,0,0,0,1,0,0
Spergula morisonii,5,30,3,8,5.5,6,0,0,0,0,0,0,1,0,0
Spergula pentandra,40,40,2,7,4.5,6,0,0,0,0,0,0,1,0,0
Spergularia bocconei,5,25,3,8,5.5,6,0,0,0,0,0,0,1,0,0
Spergularia capillacea,8,35,3,11,7,9,0,0,0,0,0,0,1,0,0
Spergularia marina,2,35,2,11,6.5,10,0,0,0,0,1,0,1,0,0
Spergularia purpurea,2,25,3,11,7,9,0,0,0,0,0,0,1,0,0
Spergularia rubra,5,25,3,8,5.5,6,0,0,0,0,0,0,1,0,0
Spergularia segetalis,3,20,4,10,7,7,0,0,0,0,0,0,1,0,0
Sporobolus indicus,11,105,7,10,8.5,4,1,0,0,0,1,0,0,0,0
Stachys alpina,60,90,5,9,7,5,0,0,0,0,1,0,0,0,0
Stachys arvensis,4.5,45,1,11,6,11,0,0,0,0,0,0,1,0,0
Stachys heraclea,17,56,5,7,6,3,0,0,0,0,1,0,0,0,0
Stachys officinalis,8,90,4,9,6.5,6,0,0,0,0,1,0,0,0,0
Stachys palustris,40,75,7,9,8,3,0,0,0,1,1,0,0,0,0
Stachys sylvatica,35,105,5,9,7,5,0,0,0,0,1,0,0,0,0
Stellaria alsine,10,45,4,7,5.5,4,0,0,0,0,0,1,0,0,0
Stellaria graminea,15,50,5,8,6.5,4,0,0,0,0,1,0,0,0,0
Stellaria holostea,15,30,4,6,5,3,0,0,1,0,0,0,0,0,0
Stellaria media,2,30,3,11,7,9,0,0,0,0,0,0,1,0,0
Stellaria neglecta,30,50,2,6,4,5,0,0,0,0,0,0,1,0,0
Stenotaphrum secundatum,50,50,7,10,8.5,4,1,0,0,1,1,0,0,0,0
Succisa pratensis,100,100,7,10,8.5,4,0,0,0,0,1,0,0,0,0
Symphyotrichum lanceolatum,NA,NA,NA,NA,NA,NA,1,0,0,0,1,0,0,0,0
Symphyotrichum squamatum,14,74,7,12,9.5,6,1,0,0,0,0,0,1,0,0
Symphyotrichum x salignum,NA,NA,NA,NA,NA,NA,1,0,0,0,1,0,0,0,0
Symphytum tuberosum,40,100,3,6,4.5,4,0,0,0,1,0,0,0,0,0
Taeniatherum caput-medusae,20,65,4,6,5,3,0,0,0,0,0,0,1,0,0
Tanacetum corymbosum,25,100,5,7,6,3,0,0,0,0,1,0,0,0,0
Tanacetum parthenium,40,70,6,11,8.5,6,1,0,0,0,1,0,0,0,0
Tanacetum vulgare,40,100,7,10,8.5,4,0,0,0,0,1,0,0,0,0
Taraxacum sect. Erythrosperma,17,17,2,8,5,7,0,0,0,0,1,0,0,0,0
Taraxacum sect. Obliqua,17,17,2,8,5,7,0,0,0,0,1,0,0,0,0
Taraxacum sect. Obovata,36,36,1,6,3.5,6,0,0,0,0,1,0,0,0,0
Taraxacum sect. Taraxacum,17,36,1,8,4.5,8,0,0,0,0,1,0,0,0,0
Teesdalia coronopifolia,2,20,1,5,3,5,0,0,0,0,0,0,1,0,0
Teesdalia nudicaulis,2,35,2,6,4,5,0,0,0,0,0,0,1,0,0
Teucrium scorodonia,35,50,7,8,7.5,2,0,0,0,0,1,0,0,0,0
Thalictrum speciosissimum,100,160,5,7,6,3,0,0,0,1,1,0,0,0,0
Thapsia villosa,70,190,3,7,5,5,0,0,0,0,1,0,0,0,0
Thlaspi alliaceum,50,85,3,6,4.5,4,0,0,0,0,0,0,1,0,0
Thlaspi arvense,20,50,4,9,6.5,6,0,0,0,0,0,0,1,0,0
Thymus pulegioides,6,30,6,10,8,5,0,0,1,0,0,0,0,0,0
Tolpis umbellata,10,50,4,8,6,5,0,0,0,0,0,0,1,0,0
Tordylium maximum,30,130,4,7,5.5,4,0,0,0,0,0,0,1,0,0
Torilis africana,NA,NA,NA,NA,NA,NA,0,0,0,0,0,0,1,0,0
Torilis arvensis,200,200,4,7,5.5,4,0,0,0,0,0,0,1,0,0
Torilis japonica,150,150,5,8,6.5,4,0,0,0,0,0,0,1,0,0
Torilis leptophylla,40,40,4,5,4.5,2,0,0,0,0,0,0,1,0,0
Torilis nodosa,20,50,3,6,4.5,4,0,0,0,0,0,0,1,0,0
Trachelium caeruleum,30,70,4,9,6.5,6,0,0,1,0,1,0,0,0,0
Trachynia distachya,4,35,3,7,5,5,0,0,0,0,0,0,1,0,0
Tradescantia fluminensis,20,60,4,5,4.5,2,1,0,0,1,0,0,0,0,0
Tragopogon crocifolius,15,40,5,7,6,3,0,0,0,0,1,0,0,0,0
Tragopogon dubius,35,70,4,7,5.5,4,0,0,0,0,1,0,0,0,0
Tragopogon pratensis,15,35,5,7,6,3,0,0,0,0,1,0,0,0,0
Trifolium angustifolium,8,90,4,8,6,5,0,0,0,0,0,0,1,0,0
Trifolium arvense,3.5,50,4,8,6,5,0,0,0,0,0,0,1,0,0
Trifolium campestre,2,50,3,9,6,7,0,0,0,0,0,0,1,0,0
Trifolium cernuum,2,65,5,7,6,3,0,0,0,0,0,0,1,0,0
Trifolium dubium,3,50,4,8,6,5,0,0,0,0,0,0,1,0,0
Trifolium fragiferum,45,45,5,10,7.5,6,0,0,0,0,1,0,0,0,0
Trifolium glomeratum,5,40,4,7,5.5,4,0,0,0,0,0,0,1,0,0
Trifolium incarnatum,17,65,4,8,6,5,0,0,0,0,0,0,1,0,0
Trifolium nigrescens,5,45,3,8,5.5,6,0,0,0,0,0,0,1,0,0
Trifolium pratense,6,110,4,10,7,7,0,0,0,0,1,0,0,0,0
Trifolium repens,1,60,3,10,6.5,8,0,0,0,0,1,0,0,0,0
Trifolium retusum,4,22,5,6,5.5,2,0,0,0,0,0,0,1,0,0
Trifolium scabrum,2,20,3,8,5.5,6,0,0,0,0,0,0,1,0,0
Trifolium squamosum,4,60,4,7,5.5,4,0,0,0,0,0,0,1,0,0
Trifolium striatum,5,60,4,8,6,5,0,0,0,0,0,0,1,0,0
Trifolium strictum,5,50,5,7,6,3,0,0,0,0,0,0,1,0,0
Trifolium subterraneum,10,90,3,7,5,5,0,0,0,0,0,0,1,0,0
Trifolium suffocatum,10,10,3,7,5,5,0,0,0,0,0,0,1,0,0
Trifolium tomentosum,2,35,3,7,5,5,0,0,0,0,0,0,1,0,0
Tripleurospermum inodorum,12,60,5,8,6.5,4,0,0,0,0,0,0,1,0,0
Tripleurospermum maritimum,30,50,5,7,6,3,0,0,0,0,0,0,1,0,0
Trisetaria ovata,7.7,37,4,8,6,5,0,0,0,0,0,0,1,0,0
Trisetaria panicea,10,71,3,10,6.5,8,0,0,0,0,0,0,1,0,0
Trisetum flavescens,36,73,5,8,6.5,4,0,0,0,0,1,0,0,0,0
Triticum aestivum,NA,NA,NA,NA,NA,NA,1,0,0,0,0,0,1,0,0
Tuberaria guttata,42,42,3,8,5.5,6,0,0,0,0,0,0,1,0,0
Turgenia latifolia,8,40,5,8,6.5,4,0,0,0,0,0,0,1,0,0
Tussilago farfara,8,43,3,6,4.5,4,0,0,0,1,0,0,0,0,0
Typha domingensis,100,300,6,11,8.5,6,0,0,0,0,0,1,0,0,0
Ulex europaeus,250,250,12,18,3,7,0,0,0,0,0,0,0,1,0
Ulex gallii,100,100,7,10,8.5,4,0,0,0,0,0,0,0,1,0
Ulmus minor,3000,3000,2,4,3,3,0,0,0,0,0,0,0,1,0
Umbilicus rupestris,15,30,4,8,6,5,0,0,0,0,1,0,0,0,0
Urtica dioica,150,150,4,9,6.5,6,0,0,0,0,1,0,0,0,0
Urtica membranacea,15,150,2,9,5.5,8,0,0,0,0,0,0,1,0,0
Urtica urens,20,80,3,10,6.5,8,0,0,0,0,0,0,1,0,0
Vaccinium myrtillus,60,60,4,6,5,3,0,0,0,0,0,0,0,1,0
Valeriana montana,75,75,6,8,7,3,0,0,0,0,1,0,0,0,0
Valeriana officinalis,230,230,6,8,7,3,0,0,0,0,1,0,0,0,0
Valerianella carinata,1,30,2,6,4,5,0,0,0,0,0,0,1,0,0
Valerianella coronata,2,36,3,7,5,5,0,0,0,0,0,0,1,0,0
Valerianella dentata,3,30,3,5,4,3,0,0,0,0,0,0,1,0,0
Valerianella eriocarpa,3,25,4,6,5,3,0,0,0,0,0,0,1,0,0
Valerianella locusta,1,30,3,6,4.5,4,0,0,0,0,0,0,1,0,0
Valerianella microcarpa,2,20,3,4,3.5,2,0,0,0,0,0,0,1,0,0
Verbascum dentifolium,100,160,4,6,5,3,1,0,0,0,1,0,0,0,0
Verbascum lychnitis,50,150,6,9,7.5,4,0,0,0,0,1,0,0,0,0
Verbascum phlomoides,40,150,5,9,7,5,1,0,0,0,1,0,0,0,0
Verbascum pulverulentum,50,120,6,9,7.5,4,0,0,0,0,1,0,0,0,0
Verbascum thapsus,40,150,5,9,7,5,0,0,0,0,1,0,0,0,0
Verbascum virgatum,40,110,4,8,6,5,0,0,0,0,1,0,0,0,0
Verbena bonariensis,50,100,2,12,7,11,1,0,0,0,1,0,1,0,0
Verbena officinalis,40,100,5,11,8,7,0,0,0,0,1,0,0,0,0
Veronica acinifolia,10,25,3,6,4.5,4,0,0,0,0,0,0,1,0,0
Veronica agrestis,5,27,3,7,5,5,0,0,0,0,0,0,1,0,0
Veronica anagallis-aquatica,10,100,3,12,7.5,10,0,0,0,0,1,0,1,0,0
Veronica arvensis,1,40,2,8,5,7,0,0,0,0,0,0,1,0,0
Veronica beccabunga,10,80,2,10,6,9,0,0,0,0,1,1,0,0,0
Veronica chamaedrys,15,25,4,7,5.5,4,0,0,1,0,0,0,0,0,0
Veronica hederifolia,6,35,1,11,6,11,0,0,0,0,0,0,1,0,0
Veronica montana,15,50,4,7,5.5,4,0,0,0,0,1,0,0,0,0
Veronica officinalis,10,40,6,7,6.5,2,0,0,1,0,0,0,0,0,0
Veronica persica,10,50,1,12,6.5,12,1,0,0,0,0,0,1,0,0
Veronica polita,5,35,1,11,6,11,0,0,0,0,0,0,1,0,0
Veronica ponae,10,40,6,7,6.5,2,0,0,0,0,1,0,0,0,0
Veronica triphyllos,3,20,2,7,4.5,6,0,0,0,0,0,0,1,0,0
Vicia benghalensis,70,70,3,7,5,5,0,0,0,0,0,0,1,0,0
Vicia bithynica,50,50,4,6,5,3,0,0,0,0,0,0,1,0,0
Vicia cracca,40,40,4,8,6,5,0,0,0,0,1,0,0,0,0
Vicia disperma,100,100,3,5,4,3,0,0,0,0,0,0,1,0,0
Vicia faba,100,100,3,5,4,3,1,0,0,0,0,0,1,0,0
Vicia hirsuta,35,35,5,7,6,3,0,0,0,0,0,0,1,0,0
Vicia lutea,50,50,3,6,4.5,4,0,0,0,0,0,0,1,0,0
Vicia narbonensis,60,60,3,5,4,3,0,0,0,0,0,0,1,0,0
Vicia orobus,65,65,5,7,6,3,0,0,0,0,1,0,0,0,0
Vicia pannonica,100,100,4,7,5.5,4,0,0,0,0,0,0,1,0,0
Vicia parviflora,50,50,2,7,4.5,6,0,0,0,0,0,0,1,0,0
Vicia peregrina,50,50,4,7,5.5,4,0,0,0,0,0,0,1,0,0
Vicia pubescens,50,50,4,5,4.5,2,0,0,0,0,0,0,1,0,0
Vicia sativa aggr.,80,80,3,6,4.5,4,1,0,0,0,0,0,1,0,0
Vicia sepium,70,70,5,8,6.5,4,0,0,0,0,1,0,0,0,0
Vicia tenuifolia,70,70,4,7,5.5,4,0,0,0,0,1,0,0,0,0
Vicia tetrasperma,25,25,5,6,5.5,2,0,0,0,0,0,0,1,0,0
Vinca difformis,2.5,10,1,7,4,7,0,0,1,0,0,0,0,0,0
Vinca major,2,10.7,2,6,4,5,1,0,1,0,0,0,0,0,0
Viola alba,5,15,1,5,3,5,0,0,0,0,1,0,0,0,0
Viola arvensis,20,30,4,7,5.5,4,0,0,0,0,0,0,1,0,0
Viola hirta,5,15,2,5,3.5,4,0,0,0,0,1,0,0,0,0
Viola kitaibeliana,4,25,2,6,4,5,0,0,0,0,0,0,1,0,0
Viola riviniana aggr.,25,30,1,7,4,7,0,0,0,0,1,0,0,0,0
Vitis vinifera,2000,2000,4,7,5.5,4,0,0,0,0,0,0,0,1,0
Vulpia alopecuros,16,75,4,7,5.5,4,0,0,0,0,0,0,1,0,0
Vulpia bromoides,15,180,4,7,5.5,4,0,0,0,0,0,0,1,0,1
Vulpia ciliata,15,50,4,7,5.5,4,0,0,0,0,0,0,1,0,0
Vulpia fasciculata,5,60,4,6,5,3,0,0,0,0,0,0,1,0,0
Vulpia geniculata,10,115,4,6,5,3,0,0,0,0,0,0,1,0,0
Vulpia muralis,15,180,4,7,5.5,4,0,0,0,0,0,0,1,0,1
Vulpia myuros,7,74,4,7,5.5,4,0,0,0,0,0,0,1,0,0
Vulpia unilateralis,5,35,4,7,5.5,4,0,0,0,0,0,0,1,0,0
Xanthium orientale,40,100,3,10,6.5,8,1,0,0,0,0,0,1,0,0
Xanthium spinosum,100,100,4,11,7.5,8,1,0,0,0,0,0,1,0,0
Xanthium strumarium,20,150,7,10,8.5,4,1,0,0,0,0,0,1,0,0
Xeranthemum cylindraceum,70,70,5,8,6.5,4,0,0,0,0,0,0,1,0,0
Zantedeschia aethiopica,40,150,12,19,3.5,8,1,0,0,1,0,0,0,0,0
