"","Relevé.number","Temp","Precip","UTM10X10","UTM1X1","SIVIMID","JuiceID","OriginalElevation","Locality","Country","ECOREG_WWF","DUNES_BOHN","Plant.Cover","Aspect","Slope","Area","SintaxonID","Sintaxon","Authors","Year","Title","Publication","EUNIS2020","Type","DEG_LON","DEG_LAT","Accuracy","Elevation"
"1",209810,109,10514,"29TPG83","29TPG8535","Q-P09810",6943,580,"Bragança: Meixedo, Oleirinhos, junto ao rio Sabor","PT","ATL_COAST","N_DUNES",70,"",NA,4,"2151","Bidenti tripartitae-Polygonetum lapathifolii","Gonçalves Aguiar, C.F.","2000","Flora e vegetação da Serra de Nogueira e do Parque Natural de Montesinho","Universidade Técnica de Lisboa. Inst. Superior de Agronomia. pp."," V     ","No forest",-6.80007697,41.85646934,"4 - UTM10x10 + Centroid",580
"2",209811,109,10514,"29TPG83","29TPG8637","Q-P09811",6944,590,"Bragança, Rabal","PT","ATL_COAST","N_DUNES",90,"",NA,12,"2151","Bidenti tripartitae-Polygonetum lapathifolii","Gonçalves Aguiar, C.F.","2000","Flora e vegetação da Serra de Nogueira e do Parque Natural de Montesinho","Universidade Técnica de Lisboa. Inst. Superior de Agronomia. pp."," R36   ","No forest",-6.80007697,41.85646934,"4 - UTM10x10 + Centroid",590
"3",209812,112,9853,"29TPG93","29TPG9136","Q-P09812",6945,600,"Bragança: Sacoias","PT","ATL_COAST","N_DUNES",100,"",NA,12,"2151","Bidenti tripartitae-Polygonetum lapathifolii","Gonçalves Aguiar, C.F.","2000","Flora e vegetação da Serra de Nogueira e do Parque Natural de Montesinho","Universidade Técnica de Lisboa. Inst. Superior de Agronomia. pp."," Qb    ","No forest",-6.61857634,41.83535117,"4 - UTM10x10 + Centroid",600
"4",209813,112,9853,"29TPG93","29TPG9130","Q-P09813",6946,530,"Bragança: Gimonde, rio Sabor","PT","ATL_COAST","N_DUNES",10,"",NA,8,"2151","Bidenti tripartitae-Polygonetum lapathifolii","Gonçalves Aguiar, C.F.","2000","Flora e vegetação da Serra de Nogueira e do Parque Natural de Montesinho","Universidade Técnica de Lisboa. Inst. Superior de Agronomia. pp."," C35a  ","No forest",-6.61857634,41.83535117,"4 - UTM10x10 + Centroid",530
"5",210407,109,10514,"29TPG83","29TPG8637","Q-P10407",7482,590,"Bragança, Rabal","PT","ATL_COAST","N_DUNES",90,"",NA,12,"7031","Comunidad de Paspalum paspalodes","Gonçalves Aguiar, C.F.","2000","Flora e vegetação da Serra de Nogueira e do Parque Natural de Montesinho","Universidade Técnica de Lisboa. Inst. Superior de Agronomia. pp."," R36   ","No forest",-6.80007697,41.85646934,"4 - UTM10x10 + Centroid",590
"6",210408,112,9853,"29TPG93","29TPG9136","Q-P10408",7483,600,"Bragança: Sacoias","PT","ATL_COAST","N_DUNES",100,"",NA,12,"7031","Comunidad de Paspalum paspalodes","Gonçalves Aguiar, C.F.","2000","Flora e vegetação da Serra de Nogueira e do Parque Natural de Montesinho","Universidade Técnica de Lisboa. Inst. Superior de Agronomia. pp."," Qb    ","No forest",-6.61857634,41.83535117,"4 - UTM10x10 + Centroid",600
"7",212631,146,11523,"29TNF25","","Q-P12631",7810,NA,"Matosinhos, Boa Nova","PT","ATL_COAST","Y_DUNES",90,"",NA,100,"6573","Scrophulario-Vulpietum alopecuroris","Braun-Blanquet, J.; Braun-Blanquet, G.; Rozeira, A.; Pinto da Silva, A.R.","1972","Résultats de trois excursions géobotaniques à travers le Portugal septentrional et moyen. IV. Esquisse sur la végétation dunale.","Agron. Lusit. 33:"," R     ","No forest",-8.660078251,41.16368921,"4 - UTM10x10 + Centroid",38
"8",212632,146,11523,"29TNF25","","Q-P12632",7811,NA,"Matosinhos, Boa Nova","PT","ATL_COAST","Y_DUNES",70,"",NA,100,"6573","Scrophulario-Vulpietum alopecuroris","Braun-Blanquet, J.; Braun-Blanquet, G.; Rozeira, A.; Pinto da Silva, A.R.","1972","Résultats de trois excursions géobotaniques à travers le Portugal septentrional et moyen. IV. Esquisse sur la végétation dunale.","Agron. Lusit. 33:"," V     ","No forest",-8.660078251,41.16368921,"4 - UTM10x10 + Centroid",38
"9",212633,146,11523,"29TNF25","","Q-P12633",7812,NA,"Matosinhos, Boa Nova","PT","ATL_COAST","Y_DUNES",80,"",NA,100,"6573","Scrophulario-Vulpietum alopecuroris","Braun-Blanquet, J.; Braun-Blanquet, G.; Rozeira, A.; Pinto da Silva, A.R.","1972","Résultats de trois excursions géobotaniques à travers le Portugal septentrional et moyen. IV. Esquisse sur la végétation dunale.","Agron. Lusit. 33:"," R     ","No forest",-8.660078251,41.16368921,"4 - UTM10x10 + Centroid",38
"10",212634,146,11523,"29TNF25","","Q-P12634",7813,NA,"Matosinhos, Boa Nova","PT","ATL_COAST","Y_DUNES",50,"",NA,100,"6573","Scrophulario-Vulpietum alopecuroris","Braun-Blanquet, J.; Braun-Blanquet, G.; Rozeira, A.; Pinto da Silva, A.R.","1972","Résultats de trois excursions géobotaniques à travers le Portugal septentrional et moyen. IV. Esquisse sur la végétation dunale.","Agron. Lusit. 33:"," R     ","No forest",-8.660078251,41.16368921,"4 - UTM10x10 + Centroid",38
"11",212635,146,11523,"29TNF25","","Q-P12635",7814,NA,"Matosinhos, Leça","PT","ATL_COAST","Y_DUNES",60,"",NA,25,"6573","Scrophulario-Vulpietum alopecuroris","Braun-Blanquet, J.; Braun-Blanquet, G.; Rozeira, A.; Pinto da Silva, A.R.","1972","Résultats de trois excursions géobotaniques à travers le Portugal septentrional et moyen. IV. Esquisse sur la végétation dunale.","Agron. Lusit. 33:"," R     ","No forest",-8.660078251,41.16368921,"4 - UTM10x10 + Centroid",38
"12",212637,146,11523,"29TNF25","","Q-P12637",7815,NA,"Matosinhos, Boa Nova","PT","ATL_COAST","Y_DUNES",90,"",NA,100,"6573","Scrophulario-Vulpietum alopecuroris","Braun-Blanquet, J.; Braun-Blanquet, G.; Rozeira, A.; Pinto da Silva, A.R.","1972","Résultats de trois excursions géobotaniques à travers le Portugal septentrional et moyen. IV. Esquisse sur la végétation dunale.","Agron. Lusit. 33:"," N15!  ","No forest",-8.660078251,41.16368921,"4 - UTM10x10 + Centroid",38
"13",212638,146,11523,"29TNF25","","Q-P12638",7816,NA,"Matosinhos, Boa Nova","PT","ATL_COAST","Y_DUNES",50,"",NA,100,"6573","Scrophulario-Vulpietum alopecuroris","Braun-Blanquet, J.; Braun-Blanquet, G.; Rozeira, A.; Pinto da Silva, A.R.","1972","Résultats de trois excursions géobotaniques à travers le Portugal septentrional et moyen. IV. Esquisse sur la végétation dunale.","Agron. Lusit. 33:"," R     ","No forest",-8.660078251,41.16368921,"4 - UTM10x10 + Centroid",38
"14",212639,146,11523,"29TNF25","","Q-P12639",7817,NA,"Matosinhos, Boa Nova","PT","ATL_COAST","Y_DUNES",70,"",NA,50,"6573","Scrophulario-Vulpietum alopecuroris","Braun-Blanquet, J.; Braun-Blanquet, G.; Rozeira, A.; Pinto da Silva, A.R.","1972","Résultats de trois excursions géobotaniques à travers le Portugal septentrional et moyen. IV. Esquisse sur la végétation dunale.","Agron. Lusit. 33:"," R1R   ","No forest",-8.660078251,41.16368921,"4 - UTM10x10 + Centroid",38
"15",212640,147,11277,"29TNF24","","Q-P12640",7818,NA,"Entre Granja et Espinho","PT","ATL_COAST","Y_DUNES",90,"",NA,16,"6573","Scrophulario-Vulpietum alopecuroris","Braun-Blanquet, J.; Braun-Blanquet, G.; Rozeira, A.; Pinto da Silva, A.R.","1972","Résultats de trois excursions géobotaniques à travers le Portugal septentrional et moyen. IV. Esquisse sur la végétation dunale.","Agron. Lusit. 33:"," R     ","No forest",-8.647639375,41.09308647,"4 - UTM10x10 + Centroid",23
"16",212641,152,12796,"29TNF18","","Q-P12641",7819,NA,"Aguçadoura","PT","ATL_COAST","Y_DUNES",50,"",NA,100,"6573","Scrophulario-Vulpietum alopecuroris","Braun-Blanquet, J.; Braun-Blanquet, G.; Rozeira, A.; Pinto da Silva, A.R.","1972","Résultats de trois excursions géobotaniques à travers le Portugal septentrional et moyen. IV. Esquisse sur la végétation dunale.","Agron. Lusit. 33:"," R     ","No forest",-8.768925256,41.42131107,"4 - UTM10x10 + Centroid",11
"17",212642,146,11523,"29TNF25","","Q-P12642",7803,NA,"Matosinhos, Boa Nova","PT","ATL_COAST","Y_DUNES",50,"",NA,25,"6573","Scrophulario-Vulpietum alopecuroris","Braun-Blanquet, J.; Braun-Blanquet, G.; Rozeira, A.; Pinto da Silva, A.R.","1972","Résultats de trois excursions géobotaniques à travers le Portugal septentrional et moyen. IV. Esquisse sur la végétation dunale.","Agron. Lusit. 33:"," R1R   ","No forest",-8.660078251,41.16368921,"4 - UTM10x10 + Centroid",38
"18",212644,152,12796,"29TNF18","","Q-P12644",7820,NA,"Aguçadoura","PT","ATL_COAST","Y_DUNES",60,"",NA,50,"6573","Scrophulario-Vulpietum alopecuroris","Braun-Blanquet, J.; Braun-Blanquet, G.; Rozeira, A.; Pinto da Silva, A.R.","1972","Résultats de trois excursions géobotaniques à travers le Portugal septentrional et moyen. IV. Esquisse sur la végétation dunale.","Agron. Lusit. 33:"," R     ","No forest",-8.768925256,41.42131107,"4 - UTM10x10 + Centroid",11
"19",212645,151,12480,"29TNF27","","Q-P12645",7821,NA,"Vila do Conde, au sud de Azurara","PT","ATL_COAST","Y_DUNES",NA,"",NA,50,"6573","Scrophulario-Vulpietum alopecuroris","Braun-Blanquet, J.; Braun-Blanquet, G.; Rozeira, A.; Pinto da Silva, A.R.","1972","Résultats de trois excursions géobotaniques à travers le Portugal septentrional et moyen. IV. Esquisse sur la végétation dunale.","Agron. Lusit. 33:"," R     ","No forest",-8.692062013,41.32952567,"4 - UTM10x10 + Centroid",45
"20",212646,151,12480,"29TNF27","","Q-P12646",7822,NA,"Vila do Conde, au sud de Azurara","PT","ATL_COAST","Y_DUNES",80,"",NA,50,"6573","Scrophulario-Vulpietum alopecuroris","Braun-Blanquet, J.; Braun-Blanquet, G.; Rozeira, A.; Pinto da Silva, A.R.","1972","Résultats de trois excursions géobotaniques à travers le Portugal septentrional et moyen. IV. Esquisse sur la végétation dunale.","Agron. Lusit. 33:"," R     ","No forest",-8.692062013,41.32952567,"4 - UTM10x10 + Centroid",45
"21",212655,152,12796,"29TNF18","","Q-P12655",7823,NA,"Póvoa de Varzim, Aguçadoura","PT","ATL_COAST","Y_DUNES",80,"",NA,100,"6573","Scrophulario-Vulpietum alopecuroris","Braun-Blanquet, J.; Braun-Blanquet, G.; Rozeira, A.; Pinto da Silva, A.R.","1972","Résultats de trois excursions géobotaniques à travers le Portugal septentrional et moyen. IV. Esquisse sur la végétation dunale.","Agron. Lusit. 33:"," Sa    ","No forest",-8.768925256,41.42131107,"4 - UTM10x10 + Centroid",11
"22",212656,151,12480,"29TNF27","","Q-P12656",7824,NA,"Vila do Conde, Azurara","PT","ATL_COAST","Y_DUNES",90,"",NA,50,"6573","Scrophulario-Vulpietum alopecuroris","Braun-Blanquet, J.; Braun-Blanquet, G.; Rozeira, A.; Pinto da Silva, A.R.","1972","Résultats de trois excursions géobotaniques à travers le Portugal septentrional et moyen. IV. Esquisse sur la végétation dunale.","Agron. Lusit. 33:"," Sa    ","No forest",-8.692062013,41.32952567,"4 - UTM10x10 + Centroid",45
"23",315005,138,18786,"30TXN08","30TXN0882","R-P15005",9461,120,"Navarra , Sunbilla , río Bidasoa entre Sunbilla y Bera","ES","ATL_COAST","N_DUNES",NA,"",NA,50,"8346","Polygono hydropiperis-Bidentetum tripartitae","García-Mijangos, I.; Biurrun, I.; Darquistade, A.; Herrera, M. & Loidi, J.","2004","Nueva cartografía de los hábitats en los lugares de interés comunitario (L.I.C.) fluviales de Navarra. Manual de interpretación de los hábitats.","Informe para Viveros y Repoblaciones de"," V15   ","No forest",-1.668885488,43.18357301,"1 - UTM1x1 + Elevation",120
"24",320908,113,14203,"29TNG07","","R-P20908",11294,NA,"Cies","ES","ATL_COAST","Y_DUNES",100,"",NA,60,"6573b","Scrophulario-Vulpietum alopecuroris","Guitián, P.","1989","Ecosistemas litorales del noroeste de la Península Ibérica: Complejos de vegetación psamífila e higrófila.","Memoria Doctoral, Fac. Biología Univ. Santiago de Compostela, 273"," R     ","No forest",-7,43,"5 - UTMs missing from DEM",NA
"25",320909,113,14203,"29TNG07","","R-P20909",11295,NA,"Cies","ES","ATL_COAST","Y_DUNES",65,"",NA,150,"6573b","Scrophulario-Vulpietum alopecuroris","Guitián, P.","1989","Ecosistemas litorales del noroeste de la Península Ibérica: Complejos de vegetación psamífila e higrófila.","Memoria Doctoral, Fac. Biología Univ. Santiago de Compostela, 273"," R     ","No forest",-7,43,"5 - UTMs missing from DEM",NA
"26",320911,113,14203,"29TNG07","","R-P20911",11296,NA,"Cies","ES","ATL_COAST","Y_DUNES",80,"",NA,100,"6573b","Scrophulario-Vulpietum alopecuroris","Guitián, P.","1989","Ecosistemas litorales del noroeste de la Península Ibérica: Complejos de vegetación psamífila e higrófila.","Memoria Doctoral, Fac. Biología Univ. Santiago de Compostela, 273"," N15!  ","No forest",-7,43,"5 - UTMs missing from DEM",NA
"27",324335,129,11774,"29TPG89","29TPG8298","R-P24335",11877,401,"Las Vegas de Yeres","ES","ATL_COAST","N_DUNES",100,"SW",2,20,"2151","Bidenti tripartitae-Polygonetum lapathifolii","González de Paz, L.","2012","Flora y vegetación de la Cabrera Baja (León): valoración del estado de conservación.","Tesis Doctoral. Departamento de Biodiversidad y Gestión Ambiental. Universidad de León. 556"," C35a  ","No forest",-6.784966481,42.41735911,"1 - UTM1x1 + Elevation",401
"28",324336,104,9928,"29TPG99","29TPG9293","R-P24336",11863,948,"Sigüeya","ES","ATL_COAST","N_DUNES",80,"",NA,10,"2151","Bidenti tripartitae-Polygonetum lapathifolii","González de Paz, L.","2012","Flora y vegetación de la Cabrera Baja (León): valoración del estado de conservación.","Tesis Doctoral. Departamento de Biodiversidad y Gestión Ambiental. Universidad de León. 556"," V15   ","No forest",-6.665383717,42.3672244,"1 - UTM1x1 + Elevation",948
"29",418419,95,8753,"30TTN68","30TTN6083","S-P18419",2385,420,"Encima de Muriellos","ES","ATL_COAST","N_DUNES",100,"W",NA,15,"C093","Bidentetea tripartitae","Navarro Andres, F.","1974","La vegetación de la Sierra del Aramo y sus estribaciones (Asturias)","Separata de la Rev. de la Facultad de Ciencias vol. XV: num."," R57   ","No forest",-5.945297316,43.16599674,"2 - UTM1x1 + Centroid",420
"30",421313,113,14203,"29TNG07","29TNG0875","S-P21313",3466,NA,"Praia de Figueiras, I. Monteagudo","ES","ATL_COAST","Y_DUNES",60,"",NA,100,"6573","Scrophulario-Vulpietum alopecuroris","Guitián, J., Guitián, P.","1990","A paisaxe vexetal das illas Cíes","Colección natureza. Consellería de agricultura ganadería e montes. 127"," R     ","No forest",-7,43,"5 - UTMs missing from DEM",NA
"31",421314,113,14203,"29TNG07","29TNG0875","S-P21314",3467,NA,"Praia de Figueiras, I. Monteagudo","ES","ATL_COAST","Y_DUNES",75,"",NA,50,"6573","Scrophulario-Vulpietum alopecuroris","Guitián, J., Guitián, P.","1990","A paisaxe vexetal das illas Cíes","Colección natureza. Consellería de agricultura ganadería e montes. 127"," R     ","No forest",-7,43,"5 - UTMs missing from DEM",NA
"32",421315,113,14203,"29TNG07","29TNG0875","S-P21315",3468,NA,"Praia de Figueiras, I. Monteagudo","ES","ATL_COAST","Y_DUNES",100,"",NA,60,"6573","Scrophulario-Vulpietum alopecuroris","Guitián, J., Guitián, P.","1990","A paisaxe vexetal das illas Cíes","Colección natureza. Consellería de agricultura ganadería e montes. 127"," R     ","No forest",-7,43,"5 - UTMs missing from DEM",NA
"33",421316,113,14203,"29TNG07","29TNG0875","S-P21316",3469,NA,"Praia de Figueiras, I. Monteagudo","ES","ATL_COAST","Y_DUNES",65,"",NA,150,"6573","Scrophulario-Vulpietum alopecuroris","Guitián, J., Guitián, P.","1990","A paisaxe vexetal das illas Cíes","Colección natureza. Consellería de agricultura ganadería e montes. 127"," R     ","No forest",-7,43,"5 - UTMs missing from DEM",NA
"34",421317,113,14203,"29TNG07","29TNG0875","S-P21317",3470,NA,"Praia de Figueiras, I. Monteagudo","ES","ATL_COAST","Y_DUNES",80,"",NA,100,"6573","Scrophulario-Vulpietum alopecuroris","Guitián, J., Guitián, P.","1990","A paisaxe vexetal das illas Cíes","Colección natureza. Consellería de agricultura ganadería e montes. 127"," N15!  ","No forest",-7,43,"5 - UTMs missing from DEM",NA
"35",507838,113,14203,"30TWN92","30TWN9423","T-P07838",15886,340,"Puente la Reina, río Arga","","ATL_COAST","N_DUNES",NA,"",NA,10,"2598a","Paspalo-Agrostietum semiverticillatae","Biurrun, I.","1999","Flora y vegetación de los ríos y humedales de Navarra."," Guineana, 5: 1-338."," Qb    ","No forest",-7,43,"5 - UTMs missing from DEM",340
"36",507841,113,14203,"30TWN92","30TWN9423","T-P07841",15887,340,"Puente la Reina, río Arga","","ATL_COAST","N_DUNES",NA,"",NA,10,"2598a","Paspalo-Agrostietum semiverticillatae","Biurrun, I.","1999","Flora y vegetación de los ríos y humedales de Navarra."," Guineana, 5: 1-338."," Qb    ","No forest",-7,43,"5 - UTMs missing from DEM",340
"37",507850,113,14203,"30TWN92","30TWN9625","T-P07850",15889,350,"Puente la Reina, hacia Artazu, río Arga","","ATL_COAST","N_DUNES",NA,"",NA,20,"2598a","Paspalo-Agrostietum semiverticillatae","Biurrun, I.","1999","Flora y vegetación de los ríos y humedales de Navarra."," Guineana, 5: 1-338."," C35c  ","No forest",-7,43,"5 - UTMs missing from DEM",350
"38",507851,114,10088,"30TWN93","30TWN9534","T-P07851",15890,370,"Belascoain, río Arga","","ATL_COAST","N_DUNES",NA,"",NA,40,"2598a","Paspalo-Agrostietum semiverticillatae","Biurrun, I.","1999","Flora y vegetación de los ríos y humedales de Navarra."," Guineana, 5: 1-338."," C35e  ","No forest",-1.865425645,42.78764921,"4 - UTM10x10 + Centroid",370
"39",507852,121,8994,"30TXN14","30TXN1341","T-P07852",15891,420,"Burlada, río Arga","","ATL_COAST","N_DUNES",NA,"",NA,30,"2598a","Paspalo-Agrostietum semiverticillatae","Biurrun, I.","1999","Flora y vegetación de los ríos y humedales de Navarra."," Guineana, 5: 1-338."," Qb    ","No forest",-1.613081875,42.8209131,"1 - UTM1x1 + Elevation",420
"40",507855,127,8955,"30TXN03","30TXN0039","T-P07855",15892,390,"Olza, Ibero, río Arakil","","ATL_COAST","N_DUNES",NA,"",NA,15,"2598a","Paspalo-Agrostietum semiverticillatae","Biurrun, I.","1999","Flora y vegetación de los ríos y humedales de Navarra."," Guineana, 5: 1-338."," Q51   ","No forest",-1.662738271,42.78728409,"3 - UTM10x10 + Elevation",390
"41",507856,131,8421,"30TXN03","30TXN0039","T-P07856",15893,390,"Olza, Ibero, río Arakil","","ATL_COAST","N_DUNES",NA,"",NA,10,"2598a","Paspalo-Agrostietum semiverticillatae","Biurrun, I.","1999","Flora y vegetación de los ríos y humedales de Navarra."," Guineana, 5: 1-338."," Qb    ","No forest",-1.689401664,42.79839867,"3 - UTM10x10 + Elevation",390
"42",507857,128,8634,"30TXN03","30TXN0039","T-P07857",15894,390,"Olza, Ibero, río Arakil","","ATL_COAST","N_DUNES",NA,"",NA,15,"2598a","Paspalo-Agrostietum semiverticillatae","Biurrun, I.","1999","Flora y vegetación de los ríos y humedales de Navarra."," Guineana, 5: 1-338."," Qb    ","No forest",-1.665066826,42.7927144,"3 - UTM10x10 + Elevation",390
"43",507858,122,12932,"30TWN95","30TWN9550","T-P07858",15895,420,"Arakil, Erroz, río Arakil","","ATL_COAST","N_DUNES",NA,"",NA,10,"2598a","Paspalo-Agrostietum semiverticillatae","Biurrun, I.","1999","Flora y vegetación de los ríos y humedales de Navarra."," Guineana, 5: 1-338."," Qb    ","No forest",-1.829320867,42.90077282,"2 - UTM1x1 + Centroid",420
"44",507859,122,12961,"30TWN95","30TWN9550","T-P07859",15896,440,"Arakil, Izurdiaga, río Arakil","","ATL_COAST","N_DUNES",NA,"",NA,6,"2598a","Paspalo-Agrostietum semiverticillatae","Biurrun, I.","1999","Flora y vegetación de los ríos y humedales de Navarra."," Guineana, 5: 1-338."," Qb    ","No forest",-1.824353868,42.90432396,"1 - UTM1x1 + Elevation",440
"45",507860,125,9273,"30TXN14","30TXN1442","T-P07860",15897,420,"Villava, río Ulzama","","ATL_COAST","N_DUNES",NA,"",NA,30,"2598a","Paspalo-Agrostietum semiverticillatae","Biurrun, I.","1999","Flora y vegetación de los ríos y humedales de Navarra."," Guineana, 5: 1-338."," Qb    ","No forest",-1.603095485,42.82979684,"1 - UTM1x1 + Elevation",420
"46",518089,117,9594,"29TPG06","","T-P18089",18608,NA,"Morgade, en las proximidades de la laguna de Antela","","ATL_COAST","N_DUNES",NA,"",NA,NA,"C093","Bidentetea tripartitae","Bellot Rodríguez, Francisco","1966","La vegetación de Galicia."," Anales Inst. Bot. Cavanilles, 24: 5-306."," C35a  ","No forest",-7.729698639,42.1300718,"4 - UTM10x10 + Centroid",620
"47",612293,144,12739,"29TNG66","29TNG6365","U-P12293",23886,40,"Pontevedra Crecente, Ribeira, márgenes del río Miño","ES","ATL_COAST","N_DUNES",100,"",0,8,"5234a","Cypero eragrostidi-Bidentetum frondosae","Amigo, Javier","2006","Los herbazales terofíticos hidronitrófilos en el noroeste de la Península Ibérica (Bidentetea tripartitae Tüxen, Lohmeyer & Preising ex von Rochow 1951)"," Lazaroa, 27:"," C35a  ","No forest",-8.23690587,42.13864329,"1 - UTM1x1 + Elevation",40
"48",612294,147,13438,"29TNG56","29TNG5862","U-P12294",23887,35,"Pontevedra, Arbo, Costa, en el punto de unión del río Deva al río Miño","ES","ATL_COAST","N_DUNES",100,"",10,20,"5234a","Cypero eragrostidi-Bidentetum frondosae","Amigo, Javier","2006","Los herbazales terofíticos hidronitrófilos en el noroeste de la Península Ibérica (Bidentetea tripartitae Tüxen, Lohmeyer & Preising ex von Rochow 1951)"," Lazaroa, 27:"," C35a  ","No forest",-8.29264769,42.11087102,"1 - UTM1x1 + Elevation",35
"49",612295,146,13678,"29TNG56","29TNG5761","U-P12295",23888,35,"MI Melgaço, bajo el puente que cruza a Arbo, río Miño","PT","ATL_COAST","N_DUNES",100,"",5,8,"5234a","Cypero eragrostidi-Bidentetum frondosae","Amigo, Javier","2006","Los herbazales terofíticos hidronitrófilos en el noroeste de la Península Ibérica (Bidentetea tripartitae Tüxen, Lohmeyer & Preising ex von Rochow 1951)"," Lazaroa, 27:"," R     ","No forest",-8.308758679,42.10112206,"1 - UTM1x1 + Elevation",35
"50",612296,149,14177,"29TNG45","29TNG4758","U-P12296",23889,25,"Pontevedra, As Neves, bajo la estación de tren, río Miño","ES","ATL_COAST","N_DUNES",100,"",45,8,"5234a","Cypero eragrostidi-Bidentetum frondosae","Amigo, Javier","2006","Los herbazales terofíticos hidronitrófilos en el noroeste de la Península Ibérica (Bidentetea tripartitae Tüxen, Lohmeyer & Preising ex von Rochow 1951)"," Lazaroa, 27:"," C35a  ","No forest",-8.429880935,42.07563278,"1 - UTM1x1 + Elevation",25
"51",612297,149,14508,"29TNG45","29TNG4559","U-P12297",23890,25,"Pontevedra, As Neves, A Ceña, a la altura de la ermita, río Miño","ES","ATL_COAST","N_DUNES",100,"",45,6,"5234a","Cypero eragrostidi-Bidentetum frondosae","Amigo, Javier","2006","Los herbazales terofíticos hidronitrófilos en el noroeste de la Península Ibérica (Bidentetea tripartitae Tüxen, Lohmeyer & Preising ex von Rochow 1951)"," Lazaroa, 27:"," C35e  ","No forest",-8.449905444,42.08368313,"1 - UTM1x1 + Elevation",25
"52",612298,149,15021,"29TNG45","29TNG4258","U-P12298",23891,20,"Mi Mónaco, antes del puente que cruza a Salvaterra, río Miño","PT","ATL_COAST","N_DUNES",100,"",20,20,"5234a","Cypero eragrostidi-Bidentetum frondosae","Amigo, Javier","2006","Los herbazales terofíticos hidronitrófilos en el noroeste de la Península Ibérica (Bidentetea tripartitae Tüxen, Lohmeyer & Preising ex von Rochow 1951)"," Lazaroa, 27:"," C35a  ","No forest",-8.490360048,42.07634755,"1 - UTM1x1 + Elevation",20
"53",612299,149,15291,"29TNG35","29TNG3856","U-P12299",23892,15,"Pontevedra, Salvaterra, Porto","ES","ATL_COAST","N_DUNES",100,"",15,10,"5234a","Cypero eragrostidi-Bidentetum frondosae","Amigo, Javier","2006","Los herbazales terofíticos hidronitrófilos en el noroeste de la Península Ibérica (Bidentetea tripartitae Tüxen, Lohmeyer & Preising ex von Rochow 1951)"," Lazaroa, 27:"," C35a  ","No forest",-8.532429364,42.05991731,"1 - UTM1x1 + Elevation",15
"54",612300,148,13999,"29TNG55","29TNG5058","U-P12300",23893,30,"Pontevedra, As Neves, Vide, en recodo del río Miño","ES","ATL_COAST","N_DUNES",100,"",NA,60,"5234a","Cypero eragrostidi-Bidentetum frondosae","Amigo, Javier","2006","Los herbazales terofíticos hidronitrófilos en el noroeste de la Península Ibérica (Bidentetea tripartitae Tüxen, Lohmeyer & Preising ex von Rochow 1951)"," Lazaroa, 27:"," C35a  ","No forest",-8.386858029,42.08126734,"1 - UTM1x1 + Elevation",30
"55",612301,149,14533,"29TNG45","29TNG4559","U-P12301",23882,25,"Pontevedra, As Neves, A Ceña, bancal de arena a orillas del río Miño","ES","ATL_COAST","N_DUNES",100,"",30,25,"5234a","Cypero eragrostidi-Bidentetum frondosae","Amigo, Javier","2006","Los herbazales terofíticos hidronitrófilos en el noroeste de la Península Ibérica (Bidentetea tripartitae Tüxen, Lohmeyer & Preising ex von Rochow 1951)"," Lazaroa, 27:"," C35a  ","No forest",-8.4523126,42.08356845,"1 - UTM1x1 + Elevation",25
"56",612302,146,10137,"29TNG98","29TNG9089","U-P12302",23895,95,"Ourense, Ourense, Reza, orilla de una isleta junto a la depuradora, río Miño","ES","ATL_COAST","N_DUNES",100,"",0,100,"5234a","Cypero eragrostidi-Bidentetum frondosae","Amigo, Javier","2006","Los herbazales terofíticos hidronitrófilos en el noroeste de la Península Ibérica (Bidentetea tripartitae Tüxen, Lohmeyer & Preising ex von Rochow 1951)"," Lazaroa, 27:"," Q51   ","No forest",-7.895488648,42.35362725,"1 - UTM1x1 + Elevation",95
"57",612303,143,12942,"29TNG66","29TNG6566","U-P12303",23896,50,"Pontevedra, Crecente, Quintela, río Miño","ES","ATL_COAST","N_DUNES",100,"",NA,40,"5234a","Cypero eragrostidi-Bidentetum frondosae","Amigo, Javier","2006","Los herbazales terofíticos hidronitrófilos en el noroeste de la Península Ibérica (Bidentetea tripartitae Tüxen, Lohmeyer & Preising ex von Rochow 1951)"," Lazaroa, 27:"," C35a  ","No forest",-8.206457899,42.14735807,"2 - UTM1x1 + Centroid",50
"58",612304,144,10031,"29TNG98","29TNG9089","U-P12304",23897,95,"Ourense, Ourense, Reza, isleta junto a la depuradora, río Miño","ES","ATL_COAST","N_DUNES",100,"",0,45,"5234a","Cypero eragrostidi-Bidentetum frondosae","Amigo, Javier","2006","Los herbazales terofíticos hidronitrófilos en el noroeste de la Península Ibérica (Bidentetea tripartitae Tüxen, Lohmeyer & Preising ex von Rochow 1951)"," Lazaroa, 27:"," C35a  ","No forest",-7.897768521,42.35172904,"1 - UTM1x1 + Elevation",95
"59",612305,146,8898,"29TNG98","29TNG9289","U-P12305",23898,100,"Ourense, Ourense ciudad, Termas de Chavasqueira, río Miño","ES","ATL_COAST","N_DUNES",95,"",0,80,"5234a","Cypero eragrostidi-Bidentetum frondosae","Amigo, Javier","2006","Los herbazales terofíticos hidronitrófilos en el noroeste de la Península Ibérica (Bidentetea tripartitae Tüxen, Lohmeyer & Preising ex von Rochow 1951)"," Lazaroa, 27:"," Qb    ","No forest",-7.875992694,42.3526594,"1 - UTM1x1 + Elevation",100
"60",612306,132,9308,"29TPG59","29TPG5795","U-P12306",23899,315,"Ourense, A Rúa, playa fluvial, río Sil","ES","ATL_COAST","N_DUNES",90,"",0,75,"5234a","Cypero eragrostidi-Bidentetum frondosae","Amigo, Javier","2006","Los herbazales terofíticos hidronitrófilos en el noroeste de la Península Ibérica (Bidentetea tripartitae Tüxen, Lohmeyer & Preising ex von Rochow 1951)"," Lazaroa, 27:"," C35a  ","No forest",-7.087267098,42.3943577,"1 - UTM1x1 + Elevation",315
"61",612307,132,9308,"29TPG59","29TPG5795","U-P12307",23900,315,"Ourense, Vilamartín de Valdeorras, Valencia do Sil, isleta de cantos rodados en el río Sil","ES","ATL_COAST","N_DUNES",85,"",NA,30,"5234a","Cypero eragrostidi-Bidentetum frondosae","Amigo, Javier","2006","Los herbazales terofíticos hidronitrófilos en el noroeste de la Península Ibérica (Bidentetea tripartitae Tüxen, Lohmeyer & Preising ex von Rochow 1951)"," Lazaroa, 27:"," R55   ","No forest",-7.087267098,42.3943577,"1 - UTM1x1 + Elevation",315
"62",612308,145,8744,"29TNG98","29TNG9489","U-P12308",23901,100,"Ourense, Ourense ciudad, junto al puente del ferrocarril, río Miño","ES","ATL_COAST","N_DUNES",100,"",5,50,"5234b","Cypero eragrostidi-Bidentetum frondosae","Amigo, Javier","2006","Los herbazales terofíticos hidronitrófilos en el noroeste de la Península Ibérica (Bidentetea tripartitae Tüxen, Lohmeyer & Preising ex von Rochow 1951)"," Lazaroa, 27:"," Q51   ","No forest",-7.851381053,42.34830404,"1 - UTM1x1 + Elevation",100
"63",612309,133,8687,"29TPG49","29TPG4994","U-P12309",23902,295,"Lugo, Quiroga, Vilanuide, orilla cascajosa del río Sil","ES","ATL_COAST","N_DUNES",70,"",NA,100,"5234b","Cypero eragrostidi-Bidentetum frondosae","Amigo, Javier","2006","Los herbazales terofíticos hidronitrófilos en el noroeste de la Península Ibérica (Bidentetea tripartitae Tüxen, Lohmeyer & Preising ex von Rochow 1951)"," Lazaroa, 27:"," C35a  ","No forest",-7.188698838,42.38528796,"1 - UTM1x1 + Elevation",295
"64",612310,146,17010,"29TNH33","29TNH3031","U-P12310",23903,2,"A Coruña, Padrón, Herbón, río Ulla","ES","ATL_COAST","N_DUNES",100,"",10,16,"5234b","Cypero eragrostidi-Bidentetum frondosae","Amigo, Javier","2006","Los herbazales terofíticos hidronitrófilos en el noroeste de la Península Ibérica (Bidentetea tripartitae Tüxen, Lohmeyer & Preising ex von Rochow 1951)"," Lazaroa, 27:"," C35a  ","No forest",-8.633481255,42.7319444,"1 - UTM1x1 + Elevation",2
"65",612311,146,17010,"29TNH33","29TNH3031","U-P12311",23904,10,"A Coruña, Padrón, Carcacía, junto a una pesqueira en el río Ulla","ES","ATL_COAST","N_DUNES",100,"",10,20,"5234b","Cypero eragrostidi-Bidentetum frondosae","Amigo, Javier","2006","Los herbazales terofíticos hidronitrófilos en el noroeste de la Península Ibérica (Bidentetea tripartitae Tüxen, Lohmeyer & Preising ex von Rochow 1951)"," Lazaroa, 27:"," C35a  ","No forest",-8.633481255,42.7319444,"1 - UTM1x1 + Elevation",10
"66",612312,144,18339,"29TNH33","29TNH3332","U-P12312",23905,20,"A Coruña, Padrón, puente de Carcacía a Barcala, río Ulla","ES","ATL_COAST","N_DUNES",100,"",25,30,"5234b","Cypero eragrostidi-Bidentetum frondosae","Amigo, Javier","2006","Los herbazales terofíticos hidronitrófilos en el noroeste de la Península Ibérica (Bidentetea tripartitae Tüxen, Lohmeyer & Preising ex von Rochow 1951)"," Lazaroa, 27:"," C35a  ","No forest",-8.585497433,42.74150376,"1 - UTM1x1 + Elevation",20
"67",612313,142,13541,"29TPH00","29TPH0401","U-P12313",23906,120,"Ourense, A Peroxa, Os Peares, isleta en el cauce del Miño, bajo el apeadero del ferrocarril","ES","ATL_COAST","N_DUNES",100,"",NA,18,"5234b","Cypero eragrostidi-Bidentetum frondosae","Amigo, Javier","2006","Los herbazales terofíticos hidronitrófilos en el noroeste de la Península Ibérica (Bidentetea tripartitae Tüxen, Lohmeyer & Preising ex von Rochow 1951)"," Lazaroa, 27:"," Qb    ","No forest",-7.72860688,42.45878285,"2 - UTM1x1 + Centroid",120
"68",612314,152,13758,"29TNG32","29TNG3925","U-P12314",23907,10,"Mi Ponte de Lima, isleta junto al puente antiguo, río Lima","PT","ATL_COAST","N_DUNES",100,"",0,60,"5234b","Cypero eragrostidi-Bidentetum frondosae","Amigo, Javier","2006","Los herbazales terofíticos hidronitrófilos en el noroeste de la Península Ibérica (Bidentetea tripartitae Tüxen, Lohmeyer & Preising ex von Rochow 1951)"," Lazaroa, 27:"," C35a  ","No forest",-8.614620623,41.75884187,"3 - UTM10x10 + Elevation",10
"69",612315,150,13718,"29TNG42","29TNG4427","U-P12315",23908,25,"Mi Bravaes, entre Ponte de Lima y P. da Barca, río Lima","PT","ATL_COAST","N_DUNES",100,"",0,60,"5234b","Cypero eragrostidi-Bidentetum frondosae","Amigo, Javier","2006","Los herbazales terofíticos hidronitrófilos en el noroeste de la Península Ibérica (Bidentetea tripartitae Tüxen, Lohmeyer & Preising ex von Rochow 1951)"," Lazaroa, 27:"," Qb    ","No forest",-8.464409098,41.80211652,"3 - UTM10x10 + Elevation",25
"70",612316,117,10154,"29TNG95","29TNG9454","U-P12316",23909,600,"Ourense, A Porqueira, 2 km río arriba de Ponte Liñares, río Limia","ES","ATL_COAST","N_DUNES",100,"",5,20,"5234b","Cypero eragrostidi-Bidentetum frondosae","Amigo, Javier","2006","Los herbazales terofíticos hidronitrófilos en el noroeste de la Península Ibérica (Bidentetea tripartitae Tüxen, Lohmeyer & Preising ex von Rochow 1951)"," Lazaroa, 27:"," R36   ","No forest",-7.863751698,42.03626869,"1 - UTM1x1 + Elevation",600
"71",612317,132,20460,"29TNH14","29TNH1746","U-P12317",23910,240,"A Coruña, Negreira, Liñaio, cerca del Azud del embalse Barrié de la Maza, río Tambre","ES","ATL_COAST","N_DUNES",100,"",5,30,"5234ba","Cypero eragrostidi-Bidentetum frondosae","Amigo, Javier","2006","Los herbazales terofíticos hidronitrófilos en el noroeste de la Península Ibérica (Bidentetea tripartitae Tüxen, Lohmeyer & Preising ex von Rochow 1951)"," Lazaroa, 27:"," C35a  ","No forest",-8.790970721,42.87529564,"1 - UTM1x1 + Elevation",240
"72",612318,132,19464,"29TNH25","29TNH2150","U-P12318",23911,145,"A Coruña, Negreira, junto al puente sobre el río Tambre","ES","ATL_COAST","N_DUNES",100,"",5,80,"5234ba","Cypero eragrostidi-Bidentetum frondosae","Amigo, Javier","2006","Los herbazales terofíticos hidronitrófilos en el noroeste de la Península Ibérica (Bidentetea tripartitae Tüxen, Lohmeyer & Preising ex von Rochow 1951)"," Lazaroa, 27:"," C35a  ","No forest",-8.732723129,42.90704323,"1 - UTM1x1 + Elevation",145
"73",612319,145,19484,"29TNH23","29TNH2832","U-P12319",23912,5,"A Coruña, Padrón, en río Sar canalizado a la entrada del pueblo","ES","ATL_COAST","N_DUNES",100,"",0,120,"5234ba","Cypero eragrostidi-Bidentetum frondosae","Amigo, Javier","2006","Los herbazales terofíticos hidronitrófilos en el noroeste de la Península Ibérica (Bidentetea tripartitae Tüxen, Lohmeyer & Preising ex von Rochow 1951)"," Lazaroa, 27:"," C35a  ","No forest",-8.649374652,42.74556232,"1 - UTM1x1 + Elevation",5
"74",612320,137,13188,"29TNG78","29TNG7082","U-P12320",23913,70,"Ourense, Ribadavia, isleta en el río Avia, casi en su desembocadura al río Miño","ES","ATL_COAST","N_DUNES",100,"",0,50,"5234ba","Cypero eragrostidi-Bidentetum frondosae","Amigo, Javier","2006","Los herbazales terofíticos hidronitrófilos en el noroeste de la Península Ibérica (Bidentetea tripartitae Tüxen, Lohmeyer & Preising ex von Rochow 1951)"," Lazaroa, 27:"," C35a  ","No forest",-8.145366263,42.29213397,"2 - UTM1x1 + Centroid",70
"75",612321,139,19863,"29TNH24","29TNH2845","U-P12321",23914,45,"A Coruña, Ames, Bertamiráns, a orillas del río Sar donde se le une el arroyo Ameneira","ES","ATL_COAST","N_DUNES",100,"",NA,50,"5234ba","Cypero eragrostidi-Bidentetum frondosae","Amigo, Javier","2006","Los herbazales terofíticos hidronitrófilos en el noroeste de la Península Ibérica (Bidentetea tripartitae Tüxen, Lohmeyer & Preising ex von Rochow 1951)"," Lazaroa, 27:"," C35a  ","No forest",-8.654818506,42.85871873,"1 - UTM1x1 + Elevation",45
"76",612322,135,10653,"29TPH30","29TPH3501","U-P12322",23915,245,"Ourense, Ribas de Sil, Castro de Abaixo, río Sil","ES","ATL_COAST","N_DUNES",100,"",10,25,"5234ba","Cypero eragrostidi-Bidentetum frondosae","Amigo, Javier","2006","Los herbazales terofíticos hidronitrófilos en el noroeste de la Península Ibérica (Bidentetea tripartitae Tüxen, Lohmeyer & Preising ex von Rochow 1951)"," Lazaroa, 27:"," C35a  ","No forest",-7.348977197,42.4549398,"1 - UTM1x1 + Elevation",245
"77",612323,130,11329,"29TNH59","29TNH5891","U-P12323",23916,35,"A Coruña, Abegondo, Crendes, embalse de Cecebre, río Mero","ES","ATL_COAST","N_DUNES",100,"",NA,75,"5235","Filaginello uliginosae-Bidentetum tripartitae","Amigo, Javier","2006","Los herbazales terofíticos hidronitrófilos en el noroeste de la Península Ibérica (Bidentetea tripartitae Tüxen, Lohmeyer & Preising ex von Rochow 1951)"," Lazaroa, 27:"," Q51   ","No forest",-8.277197325,43.27830926,"1 - UTM1x1 + Elevation",35
"78",612324,115,9825,"29TNG95","29TNG9756","U-P12324",23917,610,"Ourense, A Porqueira, límite con el concello de Rairiz de Veiga, río Limia","ES","ATL_COAST","N_DUNES",95,"",NA,20,"5235","Filaginello uliginosae-Bidentetum tripartitae","Amigo, Javier","2006","Los herbazales terofíticos hidronitrófilos en el noroeste de la Península Ibérica (Bidentetea tripartitae Tüxen, Lohmeyer & Preising ex von Rochow 1951)"," Lazaroa, 27:"," C35a  ","No forest",-7.826181572,42.05046298,"1 - UTM1x1 + Elevation",610
"79",612325,122,10955,"29TNG84","29TNG8748","U-P12325",23918,550,"Ourense, Bande, cola del embalse de As Conchas, río Limia","ES","ATL_COAST","N_DUNES",100,"",5,80,"5235","Filaginello uliginosae-Bidentetum tripartitae","Amigo, Javier","2006","Los herbazales terofíticos hidronitrófilos en el noroeste de la Península Ibérica (Bidentetea tripartitae Tüxen, Lohmeyer & Preising ex von Rochow 1951)"," Lazaroa, 27:"," C35a  ","No forest",-7.941702648,41.98251327,"1 - UTM1x1 + Elevation",550
"80",612326,112,11954,"29TPG56","29TPG5568","U-P12326",23894,650,"Ourense, Viana do Bolo, en la cola del embalse de O Vao, río Bibei","ES","ATL_COAST","N_DUNES",90,"",NA,60,"5235","Filaginello uliginosae-Bidentetum tripartitae","Amigo, Javier","2006","Los herbazales terofíticos hidronitrófilos en el noroeste de la Península Ibérica (Bidentetea tripartitae Tüxen, Lohmeyer & Preising ex von Rochow 1951)"," Lazaroa, 27:"," C35a  ","No forest",-7.122302869,42.14999299,"1 - UTM1x1 + Elevation",650
"81",612327,131,11407,"29TNH59","29TNH5791","U-P12327",23920,35,"A Coruña, Abegondo, Nebrixe, embalse de Cecebre, río Mero","ES","ATL_COAST","N_DUNES",100,"",NA,75,"5235_a","Filaginello uliginosae-Bidentetum tripartitae","Amigo, Javier","2006","Los herbazales terofíticos hidronitrófilos en el noroeste de la Península Ibérica (Bidentetea tripartitae Tüxen, Lohmeyer & Preising ex von Rochow 1951)"," Lazaroa, 27:"," Q51   ","No forest",-8.287014902,43.27785462,"1 - UTM1x1 + Elevation",35
"82",612328,126,18558,"29TNH05","29TNH0459","U-P12328",23921,280,"A Coruña, Zas, Brandomil, cola del embalse de Fervenza, río Xallas","ES","ATL_COAST","N_DUNES",95,"",0,25,"5235_a","Filaginello uliginosae-Bidentetum tripartitae","Amigo, Javier","2006","Los herbazales terofíticos hidronitrófilos en el noroeste de la Península Ibérica (Bidentetea tripartitae Tüxen, Lohmeyer & Preising ex von Rochow 1951)"," Lazaroa, 27:"," C35a  ","No forest",-8.945911905,42.98434854,"1 - UTM1x1 + Elevation",280
"83",612329,126,18376,"29TMH95","29TMH9959","U-P12329",23922,275,"A Coruña, Mazaricos, Corzón, junto al Azud del embalse de Fervenza, río Xallas","ES","ATL_COAST","N_DUNES",75,"",5,60,"5235_a","Filaginello uliginosae-Bidentetum tripartitae","Amigo, Javier","2006","Los herbazales terofíticos hidronitrófilos en el noroeste de la Península Ibérica (Bidentetea tripartitae Tüxen, Lohmeyer & Preising ex von Rochow 1951)"," Lazaroa, 27:"," C35a  ","No forest",-9.007429302,42.98652566,"1 - UTM1x1 + Elevation",275
"84",612330,122,12536,"29TPH13","29TPH1339","U-P12330",23923,320,"Lugo, Portomarín, orilla izquierda del embalse de Portomarín, río Miño","ES","ATL_COAST","N_DUNES",95,"",30,40,"5235_a","Filaginello uliginosae-Bidentetum tripartitae","Amigo, Javier","2006","Los herbazales terofíticos hidronitrófilos en el noroeste de la Península Ibérica (Bidentetea tripartitae Tüxen, Lohmeyer & Preising ex von Rochow 1951)"," Lazaroa, 27:"," C35a  ","No forest",-7.612694662,42.79933794,"2 - UTM1x1 + Centroid",320
