"","Relevé.number","SIVIMID","Original.Taxon","Analysis.Names","Cover","Cover.percent"
"1",209810,"Q-P09810","Bidens tripartita","Bidens tripartitus","1",5
"2",209810,"Q-P09810","Mentha suaveolens","Mentha suaveolens","e",15
"3",209810,"Q-P09810","Polygonum lapathifolium","Persicaria lapathifolia","+",1
"4",209810,"Q-P09810","Polygonum persicaria","Persicaria maculosa","h",37.5
"5",209810,"Q-P09810","Poa trivialis","Poa trivialis","+",1
"6",209810,"Q-P09810","Polygonum aviculare","Polygonum aviculare","1",5
"7",209811,"Q-P09811","Bidens tripartita","Bidens tripartitus","1",5
"8",209811,"Q-P09811","Fallopia convolvulus","Fallopia convolvulus","+",1
"9",209811,"Q-P09811","Senecio jacobaea","Jacobaea vulgaris","+",1
"10",209811,"Q-P09811","Juncus articulatus","Juncus articulatus","+",1
"11",209811,"Q-P09811","Lycopus europaeus","Lycopus europaeus","1",5
"12",209811,"Q-P09811","Mentha pulegium","Mentha pulegium","+",1
"13",209811,"Q-P09811","Mentha suaveolens","Mentha suaveolens","1",5
"14",209811,"Q-P09811","Poa annua","Ochlopoa annua","1",5
"15",209811,"Q-P09811","Paspalum paspalodes","Paspalum distichum","4",62.5
"16",209811,"Q-P09811","Polygonum salicifolium","Persicaria decipiens","e",15
"17",209811,"Q-P09811","Polygonum lapathifolium","Persicaria lapathifolia","1",5
"18",209811,"Q-P09811","Polygonum persicaria","Persicaria maculosa","1",5
"19",209811,"Q-P09811","Plantago lanceolata","Plantago lanceolata","1",5
"20",209811,"Q-P09811","Polygonum arenastrum","Polygonum aviculare","+",1
"21",209811,"Q-P09811","Ranunculus repens","Ranunculus repens","e",15
"22",209811,"Q-P09811","Rumex conglomeratus","Rumex conglomeratus","1",5
"23",209811,"Q-P09811","Trifolium repens","Trifolium repens","+",1
"24",209812,"Q-P09812","Bidens tripartita","Bidens tripartitus","+",1
"25",209812,"Q-P09812","Cyperus longus","Cyperus longus","e",15
"26",209812,"Q-P09812","Lycopus europaeus","Lycopus europaeus","+",1
"27",209812,"Q-P09812","Lythrum salicaria","Lythrum salicaria","1",5
"28",209812,"Q-P09812","Mentha suaveolens","Mentha suaveolens","1",5
"29",209812,"Q-P09812","Paspalum paspalodes","Paspalum distichum","4",62.5
"30",209812,"Q-P09812","Polygonum salicifolium","Persicaria decipiens","e",15
"31",209812,"Q-P09812","Polygonum persicaria","Persicaria maculosa","1",5
"32",209812,"Q-P09812","Ranunculus repens","Ranunculus repens","1",5
"33",209813,"Q-P09813","Amaranthus retroflexus","Amaranthus retroflexus","+",1
"34",209813,"Q-P09813","Bidens tripartita","Bidens tripartitus","1",5
"35",209813,"Q-P09813","Lycopus europaeus","Lycopus europaeus","+",1
"36",209813,"Q-P09813","Paspalum paspalodes","Paspalum distichum","b",5
"37",209813,"Q-P09813","Polygonum lapathifolium","Persicaria lapathifolia","e",15
"38",209813,"Q-P09813","Sparganium neglectum","Sparganium neglectum","+",1
"39",210407,"Q-P10407","Bidens tripartita","Bidens tripartitus","1",5
"40",210407,"Q-P10407","Fallopia convolvulus","Fallopia convolvulus","+",1
"41",210407,"Q-P10407","Senecio jacobaea","Jacobaea vulgaris","+",1
"42",210407,"Q-P10407","Juncus articulatus","Juncus articulatus","+",1
"43",210407,"Q-P10407","Lycopus europaeus","Lycopus europaeus","1",5
"44",210407,"Q-P10407","Mentha pulegium","Mentha pulegium","+",1
"45",210407,"Q-P10407","Mentha suaveolens","Mentha suaveolens","1",5
"46",210407,"Q-P10407","Poa annua","Ochlopoa annua","1",5
"47",210407,"Q-P10407","Paspalum paspalodes","Paspalum distichum","4",62.5
"48",210407,"Q-P10407","Polygonum lapathifolium","Persicaria lapathifolia","1",5
"49",210407,"Q-P10407","Polygonum persicaria","Persicaria maculosa","1",5
"50",210407,"Q-P10407","Plantago lanceolata","Plantago lanceolata","1",5
"51",210407,"Q-P10407","Polygonum arenastrum","Polygonum aviculare","+",1
"52",210407,"Q-P10407","Ranunculus repens","Ranunculus repens","e",15
"53",210407,"Q-P10407","Rumex conglomeratus","Rumex conglomeratus","1",5
"54",210407,"Q-P10407","Trifolium repens","Trifolium repens","+",1
"55",210408,"Q-P10408","Bidens tripartita","Bidens tripartitus","+",1
"56",210408,"Q-P10408","Cyperus longus","Cyperus longus","e",15
"57",210408,"Q-P10408","Lycopus europaeus","Lycopus europaeus","+",1
"58",210408,"Q-P10408","Lythrum salicaria","Lythrum salicaria","1",5
"59",210408,"Q-P10408","Mentha suaveolens","Mentha suaveolens","1",5
"60",210408,"Q-P10408","Paspalum paspalodes","Paspalum distichum","4",62.5
"61",210408,"Q-P10408","Polygonum salicinum","Persicaria decipiens","e",15
"62",210408,"Q-P10408","Polygonum persicaria","Persicaria maculosa","1",5
"63",210408,"Q-P10408","Ranunculus repens","Ranunculus repens","1",5
"64",212631,"Q-P12631","Ammophila arenaria","Ammophila arenaria","*",1
"65",212631,"Q-P12631","Carex arenaria","Carex arenaria","b",5
"66",212631,"Q-P12631","Anthemis mixta","Cladanthus mixtus","a",5
"67",212631,"Q-P12631","Corrigiola litoralis","Corrigiola litoralis","+",1
"68",212631,"Q-P12631","Corynephorus canescens var. maritima","Corynephorus canescens","f",15
"69",212631,"Q-P12631","Crucianella maritima","Crucianella maritima","*",1
"70",212631,"Q-P12631","Euphorbia paralias","Euphorbia paralias","*",1
"71",212631,"Q-P12631","Glaucium flavum","Glaucium flavum","+",1
"72",212631,"Q-P12631","Herniaria ciliolata","Herniaria ciliolata","a",5
"73",212631,"Q-P12631","Leontodon taraxacoide subsp. crassifolius","Leontodon tingitanus","a",5
"74",212631,"Q-P12631","Linaria polygalifolia","Linaria polygalifolia","+",1
"75",212631,"Q-P12631","Malcolmia littorea","Malcolmia littorea","2",15
"76",212631,"Q-P12631","Medicago littoralis","Medicago littoralis","2",15
"77",212631,"Q-P12631","Medicago marina","Medicago marina","*",1
"78",212631,"Q-P12631","Plantago coronopus","Plantago coronopus","1",5
"79",212631,"Q-P12631","Polycarpon alsinifolium","Polycarpon tetraphyllum","+",1
"80",212631,"Q-P12631","Trifolium scabrum","Trifolium scabrum","2",15
"81",212631,"Q-P12631","Vulpia alopecurus","Vulpia alopecuros","4",62.5
"82",212632,"Q-P12632","Otanthus maritimus","Achillea maritima","+",1
"83",212632,"Q-P12632","Anthemis mixta","Cladanthus mixtus","*",1
"84",212632,"Q-P12632","Corrigiola litoralis","Corrigiola litoralis","+",1
"85",212632,"Q-P12632","Corynephorus canescens var. maritima","Corynephorus canescens","a",5
"86",212632,"Q-P12632","Cynodon dactylon","Cynodon dactylon","b",5
"87",212632,"Q-P12632","Herniaria ciliolata","Herniaria ciliolata","a",5
"88",212632,"Q-P12632","Jasione lusitanica","Jasione montana","*",1
"89",212632,"Q-P12632","Leontodon taraxacoide subsp. crassifolius","Leontodon tingitanus","b",5
"90",212632,"Q-P12632","Malcolmia littorea","Malcolmia littorea","*",1
"91",212632,"Q-P12632","Medicago littoralis","Medicago littoralis","f",15
"92",212632,"Q-P12632","Plantago coronopus","Plantago coronopus","1",5
"93",212632,"Q-P12632","Trifolium scabrum","Trifolium scabrum","f",15
"94",212632,"Q-P12632","Vulpia alopecurus","Vulpia alopecuros","p",62.5
"95",212633,"Q-P12633","Filago maritima","Achillea maritima","+",1
"96",212633,"Q-P12633","Carex arenaria","Carex arenaria","3",37.5
"97",212633,"Q-P12633","Cistus salviifolius","Cistus salviifolius","*",1
"98",212633,"Q-P12633","Helichrysum angustifolium","Helichrysum italicum","a",5
"99",212633,"Q-P12633","Herniaria ciliolata","Herniaria ciliolata","*",1
"100",212633,"Q-P12633","Hypochoeris radicata","Hypochaeris radicata","+",1
"101",212633,"Q-P12633","Jasione lusitanica","Jasione montana","a",5
"102",212633,"Q-P12633","Leontodon taraxacoide subsp. crassifolius","Leontodon tingitanus","*",1
"103",212633,"Q-P12633","Ornithopus pinnatus","Ornithopus pinnatus","+",1
"104",212633,"Q-P12633","Pinus pinaster","Pinus pinaster","+",1
"105",212633,"Q-P12633","Sedum arenarium","Sedum arenarium","+",1
"106",212633,"Q-P12633","Silene portensis","Silene portensis","a",5
"107",212633,"Q-P12633","Tuberaria guttata","Tuberaria guttata","1",5
"108",212633,"Q-P12633","Ulex europaeus","Ulex europaeus","+",1
"109",212633,"Q-P12633","Vulpia alopecurus","Vulpia alopecuros","o",62.5
"110",212634,"Q-P12634","Ammophila arenaria","Ammophila arenaria","f",15
"111",212634,"Q-P12634","Anagallis monelli var. microphylla","Anagallis monelli","+",1
"112",212634,"Q-P12634","Carpobrotus edulis","Carpobrotus edulis","+",1
"113",212634,"Q-P12634","Rhynchosinapis johnstonii","Coincya monensis","+",1
"114",212634,"Q-P12634","Crucianella maritima","Crucianella maritima","*",1
"115",212634,"Q-P12634","Eryngium maritimum","Eryngium maritimum","+",1
"116",212634,"Q-P12634","Evax pygmaea","Filago pygmaea","1",5
"117",212634,"Q-P12634","Jasione lusitanica","Jasione montana","f",15
"118",212634,"Q-P12634","Leontodon taraxacoide subsp. crassifolius","Leontodon tingitanus","*",1
"119",212634,"Q-P12634","Linaria polygalifolia","Linaria polygalifolia","+",1
"120",212634,"Q-P12634","Malcolmia littorea","Malcolmia littorea","f",15
"121",212634,"Q-P12634","Polycarpon alsinifolium","Polycarpon tetraphyllum","+",1
"122",212634,"Q-P12634","Rumex bucephalophorus","Rumex bucephalophorus","+",1
"123",212634,"Q-P12634","Holoschoenus romanus","Scirpoides holoschoenus","*",1
"124",212634,"Q-P12634","Seseli tortuosum subsp. ramosissimum","Seseli tortuosum","f",15
"125",212634,"Q-P12634","Silene littorea","Silene littorea","+",1
"126",212634,"Q-P12634","Silene portensis","Silene portensis","e",15
"127",212634,"Q-P12634","Vulpia alopecurus","Vulpia alopecuros","j",37.5
"128",212635,"Q-P12635","Anagallis monelli var. microphylla","Anagallis monelli","1",5
"129",212635,"Q-P12635","Artemisia crithmifolia","Artemisia campestris","b",5
"130",212635,"Q-P12635","Calystegia soldanella","Calystegia soldanella","+",1
"131",212635,"Q-P12635","Centaurea polyacantha","Centaurea sphaerocephala","a",5
"132",212635,"Q-P12635","Anthemis mixta","Cladanthus mixtus","a",5
"133",212635,"Q-P12635","Rhynchosinapis johnstonii","Coincya monensis","+",1
"134",212635,"Q-P12635","Corynephorus canescens var. maritima","Corynephorus canescens","3",37.5
"135",212635,"Q-P12635","Crucianella maritima","Crucianella maritima","*",1
"136",212635,"Q-P12635","Echium rosulatum","Echium rosulatum","+",1
"137",212635,"Q-P12635","Euphorbia paralias","Euphorbia paralias","1",5
"138",212635,"Q-P12635","Euphorbia portlandica","Euphorbia portlandica","*",1
"139",212635,"Q-P12635","Glaucium flavum","Glaucium flavum","+",1
"140",212635,"Q-P12635","Jasione lusitanica","Jasione montana","a",5
"141",212635,"Q-P12635","Leontodon taraxacoide subsp. crassifolius","Leontodon tingitanus","a",5
"142",212635,"Q-P12635","Linaria polygalifolia","Linaria polygalifolia","+",1
"143",212635,"Q-P12635","Lolium parabolicae","Lolium rigidum","*",1
"144",212635,"Q-P12635","Medicago littoralis","Medicago littoralis","*",1
"145",212635,"Q-P12635","Polygonum maritimum","Polygonum maritimum","*",1
"146",212635,"Q-P12635","Scrophularia frutescens","Scrophularia canina","+",1
"147",212635,"Q-P12635","Silene littorea","Silene littorea","+",1
"148",212635,"Q-P12635","Vulpia alopecurus","Vulpia alopecuros","i",37.5
"149",212637,"Q-P12637","Filago maritima","Achillea maritima","+",1
"150",212637,"Q-P12637","Anagallis monelli var. microphylla","Anagallis monelli","+",1
"151",212637,"Q-P12637","Carex arenaria","Carex arenaria","a",5
"152",212637,"Q-P12637","Cistus salviifolius","Cistus salviifolius","a",5
"153",212637,"Q-P12637","Corynephorus canescens var. maritima","Corynephorus canescens","2",15
"154",212637,"Q-P12637","Euphorbia portlandica","Euphorbia portlandica","*",1
"155",212637,"Q-P12637","Evax pygmaea","Filago pygmaea","+",1
"156",212637,"Q-P12637","Herniaria ciliolata","Herniaria ciliolata","*",1
"157",212637,"Q-P12637","Stereodon cupressiformis","Hypnum cupressiforme","+",1
"158",212637,"Q-P12637","Jasione lusitanica","Jasione montana","2",15
"159",212637,"Q-P12637","Leontodon taraxacoide subsp. crassifolius","Leontodon tingitanus","*",1
"160",212637,"Q-P12637","Malcolmia littorea","Malcolmia littorea","a",5
"161",212637,"Q-P12637","Medicago marina","Medicago marina","*",1
"162",212637,"Q-P12637","Ornithopus pinnatus","Ornithopus pinnatus","+",1
"163",212637,"Q-P12637","Plantago coronopus","Plantago coronopus","+",1
"164",212637,"Q-P12637","Scrophularia frutescens","Scrophularia canina","*",1
"165",212637,"Q-P12637","Sedum arenarium","Sedum arenarium","+",1
"166",212637,"Q-P12637","Seseli tortuosum subsp. ramosissimum","Seseli tortuosum","*",1
"167",212637,"Q-P12637","Trifolium arvense","Trifolium arvense","+",1
"168",212637,"Q-P12637","Tuberaria guttata","Tuberaria guttata","1",5
"169",212637,"Q-P12637","Vulpia alopecurus","Vulpia alopecuros","2",15
"170",212638,"Q-P12638","Filago maritima","Achillea maritima","+",1
"171",212638,"Q-P12638","Carex arenaria","Carex arenaria","b",5
"172",212638,"Q-P12638","Rhynchosinapis johnstonii","Coincya monensis","+",1
"173",212638,"Q-P12638","Helichrysum angustifolium","Helichrysum italicum","f",15
"174",212638,"Q-P12638","Jasione lusitanica","Jasione montana","a",5
"175",212638,"Q-P12638","Leontodon taraxacoide subsp. crassifolius","Leontodon tingitanus","*",1
"176",212638,"Q-P12638","Linaria polygalifolia","Linaria polygalifolia","+",1
"177",212638,"Q-P12638","Holoschoenus romanus","Scirpoides holoschoenus","+",1
"178",212638,"Q-P12638","Sedum arenarium","Sedum arenarium","+",1
"179",212638,"Q-P12638","Seseli tortuosum subsp. ramosissimum","Seseli tortuosum","*",1
"180",212638,"Q-P12638","Silene portensis","Silene portensis","a",5
"181",212638,"Q-P12638","Vulpia alopecurus","Vulpia alopecuros","2",15
"182",212639,"Q-P12639","Filago maritima","Achillea maritima","+",1
"183",212639,"Q-P12639","Aira caryophyllea","Aira caryophyllea","+",1
"184",212639,"Q-P12639","Carex arenaria","Carex arenaria","b",5
"185",212639,"Q-P12639","Cistus salviifolius","Cistus salviifolius","+",1
"186",212639,"Q-P12639","Anthemis mixta","Cladanthus mixtus","+",1
"187",212639,"Q-P12639","Cynodon dactylon","Cynodon dactylon","*",1
"188",212639,"Q-P12639","Evax pygmaea","Filago pygmaea","+",1
"189",212639,"Q-P12639","Hypochoeris radicata","Hypochaeris radicata","+",1
"190",212639,"Q-P12639","Jasione lusitanica","Jasione montana","a",5
"191",212639,"Q-P12639","Leontodon taraxacoide subsp. crassifolius","Leontodon tingitanus","*",1
"192",212639,"Q-P12639","Ornithopus pinnatus","Ornithopus pinnatus","z",1
"193",212639,"Q-P12639","Panicum repens","Panicum repens","+",1
"194",212639,"Q-P12639","Radiola linoides","Radiola linoides","+",1
"195",212639,"Q-P12639","Holoschoenus romanus","Scirpoides holoschoenus","3",37.5
"196",212639,"Q-P12639","Sedum arenarium","Sedum arenarium","+",1
"197",212639,"Q-P12639","Silene portensis","Silene portensis","a",5
"198",212639,"Q-P12639","Tuberaria guttata","Tuberaria guttata","1",5
"199",212639,"Q-P12639","Vulpia alopecurus","Vulpia alopecuros","f",15
"200",212639,"Q-P12639","Vulpia myuros","Vulpia myuros","+",1
"201",212640,"Q-P12640","Bellis perennis","Bellis perennis","+",1
"202",212640,"Q-P12640","Carex arenaria","Carex arenaria","4",62.5
"203",212640,"Q-P12640","Centaurea polyacantha","Centaurea sphaerocephala","b",5
"204",212640,"Q-P12640","Chamamelum nobile","Chamaemelum nobile","1",5
"205",212640,"Q-P12640","Rhynchosinapis johnstonii","Coincya monensis","+",1
"206",212640,"Q-P12640","Corynephorus canescens var. maritima","Corynephorus canescens","f",15
"207",212640,"Q-P12640","Cynodon dactylon","Cynodon dactylon","b",5
"208",212640,"Q-P12640","Evax pygmaea","Filago pygmaea","z",1
"209",212640,"Q-P12640","Helichrysum angustifolium","Helichrysum italicum","2",15
"210",212640,"Q-P12640","Herniaria ciliolata","Herniaria ciliolata","b",5
"211",212640,"Q-P12640","Hypochoeris radicata","Hypochaeris radicata","+",1
"212",212640,"Q-P12640","Jasione lusitanica","Jasione montana","b",5
"213",212640,"Q-P12640","Leontodon taraxacoide subsp. crassifolius","Leontodon tingitanus","z",1
"214",212640,"Q-P12640","Paronychia argentea","Paronychia argentea","b",5
"215",212640,"Q-P12640","Plantago coronopus","Plantago coronopus","f",15
"216",212640,"Q-P12640","Polycarpon alsinifolium","Polycarpon tetraphyllum","b",5
"217",212640,"Q-P12640","Vulpia alopecurus","Vulpia alopecuros","b",5
"218",212641,"Q-P12641","Ammophila arenaria","Ammophila arenaria","2",15
"219",212641,"Q-P12641","Artemisia crithmifolia","Artemisia campestris","a",5
"220",212641,"Q-P12641","Calystegia soldanella","Calystegia soldanella","z",1
"221",212641,"Q-P12641","Crucianella maritima","Crucianella maritima","a",5
"222",212641,"Q-P12641","Cyperus kalli","Cyperus capitatus","+",1
"223",212641,"Q-P12641","Euphorbia paralias","Euphorbia paralias","z",1
"224",212641,"Q-P12641","Helichrysum angustifolium","Helichrysum italicum","2",15
"225",212641,"Q-P12641","Jasione lusitanica","Jasione montana","z",1
"226",212641,"Q-P12641","Leontodon taraxacoide subsp. crassifolius","Leontodon tingitanus","*",1
"227",212641,"Q-P12641","Linaria polygalifolia","Linaria polygalifolia","+",1
"228",212641,"Q-P12641","Malcolmia littorea","Malcolmia littorea","2",15
"229",212641,"Q-P12641","Medicago marina","Medicago marina","a",5
"230",212641,"Q-P12641","Pancratium maritimum","Pancratium maritimum","+",1
"231",212641,"Q-P12641","Romulea clusiana","Romulea bulbocodium","+",1
"232",212641,"Q-P12641","Sedum acre","Sedum acre","+",1
"233",212641,"Q-P12641","Silene littorea","Silene littorea","+",1
"234",212641,"Q-P12641","Vulpia alopecurus","Vulpia alopecuros","1",5
"235",212642,"Q-P12642","Carex arenaria","Carex arenaria","a",5
"236",212642,"Q-P12642","Cistus salviifolius","Cistus salviifolius","a",5
"237",212642,"Q-P12642","Helichrysum angustifolium","Helichrysum italicum","z",1
"238",212642,"Q-P12642","Jasione lusitanica","Jasione montana","a",5
"239",212642,"Q-P12642","Lolium rigidum","Lolium rigidum","+",1
"240",212642,"Q-P12642","Malcolmia littorea","Malcolmia littorea","*",1
"241",212642,"Q-P12642","Ornithopus pinnatus","Ornithopus pinnatus","+",1
"242",212642,"Q-P12642","Pinus pinaster","Pinus pinaster","+",1
"243",212642,"Q-P12642","Scrophularia frutescens","Scrophularia canina","*",1
"244",212642,"Q-P12642","Silene portensis","Silene portensis","1",5
"245",212642,"Q-P12642","Tuberaria guttata","Tuberaria guttata","a",5
"246",212642,"Q-P12642","Vulpia alopecurus","Vulpia alopecuros","+",1
"247",212644,"Q-P12644","Ammophila arenaria","Ammophila arenaria","*",1
"248",212644,"Q-P12644","Artemisia crithmifolia","Artemisia campestris","2",15
"249",212644,"Q-P12644","Cerastium diffusum","Cerastium diffusum","+",1
"250",212644,"Q-P12644","Corynephorus canescens var. maritima","Corynephorus canescens","a",5
"251",212644,"Q-P12644","Crucianella maritima","Crucianella maritima","*",1
"252",212644,"Q-P12644","Jasione lusitanica","Jasione montana","e",15
"253",212644,"Q-P12644","Leontodon taraxacoide subsp. crassifolius","Leontodon tingitanus","*",1
"254",212644,"Q-P12644","Linaria spartea","Linaria spartea","+",1
"255",212644,"Q-P12644","Rumex bucephalophorus","Rumex bucephalophorus","1",5
"256",212644,"Q-P12644","Sedum acre","Sedum acre","e",15
"257",212644,"Q-P12644","Seseli tortuosum subsp. ramosissimum","Seseli tortuosum","*",1
"258",212644,"Q-P12644","Trifolium campestre","Trifolium campestre","+",1
"259",212644,"Q-P12644","Trifolium scabrum","Trifolium scabrum","+",1
"260",212644,"Q-P12644","Vulpia alopecurus","Vulpia alopecuros","e",15
"261",212645,"Q-P12645","Ammophila arenaria","Ammophila arenaria","*",1
"262",212645,"Q-P12645","Anagallis monelli var. microphylla","Anagallis monelli","a",5
"263",212645,"Q-P12645","Anthyllis dillenii","Anthyllis vulneraria","1",5
"264",212645,"Q-P12645","Artemisia crithmifolia","Artemisia campestris","f",15
"265",212645,"Q-P12645","Calystegia soldanella","Calystegia soldanella","z",1
"266",212645,"Q-P12645","Carex arenaria","Carex arenaria","+",1
"267",212645,"Q-P12645","Cerastium diffusum","Cerastium diffusum","+",1
"268",212645,"Q-P12645","Corynephorus canescens var. maritima","Corynephorus canescens","2",15
"269",212645,"Q-P12645","Crucianella maritima","Crucianella maritima","a",5
"270",212645,"Q-P12645","Cyperus kalli","Cyperus capitatus","+",1
"271",212645,"Q-P12645","Eryngium maritimum","Eryngium maritimum","+",1
"272",212645,"Q-P12645","Helichrysum angustifolium","Helichrysum italicum","2",15
"273",212645,"Q-P12645","Jasione lusitanica","Jasione montana","*",1
"274",212645,"Q-P12645","Leontodon taraxacoide subsp. crassifolius","Leontodon tingitanus","*",1
"275",212645,"Q-P12645","Lolium parabolicae","Lolium rigidum","*",1
"276",212645,"Q-P12645","Malcolmia littorea","Malcolmia littorea","a",5
"277",212645,"Q-P12645","Medicago marina","Medicago marina","2",15
"278",212645,"Q-P12645","Orobanche arenaria","Phelipanche arenaria","+",1
"279",212645,"Q-P12645","Phleum arenarium","Phleum arenarium","a",5
"280",212645,"Q-P12645","Plantago coronopus","Plantago coronopus","+",1
"281",212645,"Q-P12645","Sedum acre","Sedum acre","1",5
"282",212645,"Q-P12645","Seseli tortuosum subsp. ramosissimum","Seseli tortuosum","1",5
"283",212645,"Q-P12645","Vulpia alopecurus","Vulpia alopecuros","+",1
"284",212646,"Q-P12646","Ammophila arenaria","Ammophila arenaria","z",1
"285",212646,"Q-P12646","Anagallis monelli var. microphylla","Anagallis monelli","+",1
"286",212646,"Q-P12646","Anthyllis dillenii","Anthyllis vulneraria","+",1
"287",212646,"Q-P12646","Hedypnois cretica","Arnoseris minima","+",1
"288",212646,"Q-P12646","Artemisia crithmifolia","Artemisia campestris","i",37.5
"289",212646,"Q-P12646","Scleropoa rigida","Catapodium rigidum","+",1
"290",212646,"Q-P12646","Cerastium diffusum","Cerastium diffusum","+",1
"291",212646,"Q-P12646","Corynephorus canescens var. maritima","Corynephorus canescens","a",5
"292",212646,"Q-P12646","Crucianella maritima","Crucianella maritima","*",1
"293",212646,"Q-P12646","Euphorbia portlandica","Euphorbia portlandica","+",1
"294",212646,"Q-P12646","Evax pygmaea","Filago pygmaea","e",15
"295",212646,"Q-P12646","Helichrysum angustifolium","Helichrysum italicum","z",1
"296",212646,"Q-P12646","Jasione lusitanica","Jasione montana","a",5
"297",212646,"Q-P12646","Linaria polygalifolia","Linaria polygalifolia","z",1
"298",212646,"Q-P12646","Paronychia argentea","Paronychia argentea","2",15
"299",212646,"Q-P12646","Phleum arenarium","Phleum arenarium","+",1
"300",212646,"Q-P12646","Plantago coronopus","Plantago coronopus","+",1
"301",212646,"Q-P12646","Pleurochaete squarrosa","Pleurochaete squarrosa","a",5
"302",212646,"Q-P12646","Sedum acre","Sedum acre","a",5
"303",212646,"Q-P12646","Seseli tortuosum subsp. ramosissimum","Seseli tortuosum","1",5
"304",212646,"Q-P12646","Trifolium campestre","Trifolium campestre","1",5
"305",212646,"Q-P12646","Trifolium scabrum","Trifolium scabrum","1",5
"306",212655,"Q-P12655","Ammophila arenaria","Ammophila arenaria","a",5
"307",212655,"Q-P12655","Anagallis monelli var. microphylla","Anagallis monelli","+",1
"308",212655,"Q-P12655","Anthyllis dillenii","Anthyllis vulneraria","+",1
"309",212655,"Q-P12655","Artemisia crithmifolia","Artemisia campestris","f",15
"310",212655,"Q-P12655","Calystegia soldanella","Calystegia soldanella","z",1
"311",212655,"Q-P12655","Cerastium diffusum","Cerastium diffusum","+",1
"312",212655,"Q-P12655","Cistus salviifolius","Cistus salviifolius","3",37.5
"313",212655,"Q-P12655","Corynephorus canescens var. maritima","Corynephorus canescens","a",5
"314",212655,"Q-P12655","Crucianella maritima","Crucianella maritima","a",5
"315",212655,"Q-P12655","Erigeron crispus","Erigeron bonariensis","+",1
"316",212655,"Q-P12655","Euphorbia portlandica","Euphorbia portlandica","+",1
"317",212655,"Q-P12655","Helichrysum angustifolium","Helichrysum italicum","a",5
"318",212655,"Q-P12655","Jasione lusitanica","Jasione montana","*",1
"319",212655,"Q-P12655","Leontodon taraxacoide subsp. crassifolius","Leontodon tingitanus","*",1
"320",212655,"Q-P12655","Malcolmia littorea","Malcolmia littorea","+",1
"321",212655,"Q-P12655","Orobanche arenaria","Phelipanche arenaria","+",1
"322",212655,"Q-P12655","Plantago coronopus","Plantago coronopus","+",1
"323",212655,"Q-P12655","Rumex bucephalophorus","Rumex bucephalophorus","1",5
"324",212655,"Q-P12655","Scrophularia frutescens","Scrophularia canina","*",1
"325",212655,"Q-P12655","Sedum acre","Sedum acre","a",5
"326",212655,"Q-P12655","Seseli tortuosum subsp. ramosissimum","Seseli tortuosum","1",5
"327",212655,"Q-P12655","Crepis bulbosa","Sonchus bulbosus","+",1
"328",212655,"Q-P12655","Tuberaria guttata","Tuberaria guttata","1",5
"329",212655,"Q-P12655","Vulpia alopecurus","Vulpia alopecuros","2",15
"330",212656,"Q-P12656","Ammophila arenaria","Ammophila arenaria","*",1
"331",212656,"Q-P12656","Artemisia crithmifolia","Artemisia campestris","a",5
"332",212656,"Q-P12656","Cerastium diffusum","Cerastium diffusum","+",1
"333",212656,"Q-P12656","Cistus salviifolius","Cistus salviifolius","o",62.5
"334",212656,"Q-P12656","Corynephorus canescens var. maritima","Corynephorus canescens","2",15
"335",212656,"Q-P12656","Crucianella maritima","Crucianella maritima","a",5
"336",212656,"Q-P12656","Daphne gnidium","Daphne gnidium","+",1
"337",212656,"Q-P12656","Eryngium maritimum","Eryngium maritimum","z",1
"338",212656,"Q-P12656","Evax pygmaea","Filago pygmaea","+",1
"339",212656,"Q-P12656","Helichrysum angustifolium","Helichrysum italicum","2",15
"340",212656,"Q-P12656","Jasione lusitanica","Jasione montana","*",1
"341",212656,"Q-P12656","Malcolmia littorea","Malcolmia littorea","+",1
"342",212656,"Q-P12656","Ornithopus pinnatus","Ornithopus pinnatus","+",1
"343",212656,"Q-P12656","Pinus pinaster","Pinus pinaster","+",1
"344",212656,"Q-P12656","Rhacomitrium canescens","Racomitrium canescens","a",5
"345",212656,"Q-P12656","Sedum arenarium","Sedum arenarium","e",15
"346",212656,"Q-P12656","Seseli tortuosum subsp. ramosissimum","Seseli tortuosum","1",5
"347",212656,"Q-P12656","Trifolium arvense","Trifolium arvense","+",1
"348",212656,"Q-P12656","Trifolium campestre","Trifolium campestre","+",1
"349",212656,"Q-P12656","Tuberaria guttata","Tuberaria guttata","1",5
"350",212656,"Q-P12656","Vulpia alopecurus","Vulpia alopecuros","+",1
"351",315005,"R-P15005","Amaranthus albus","Amaranthus albus","+",1
"352",315005,"R-P15005","Amaranthus blitum subsp. blitum","Amaranthus blitum","1",5
"353",315005,"R-P15005","Amaranthus hybridus","Amaranthus hybridus aggr.","3",37.5
"354",315005,"R-P15005","Cyperus eragrostis","Cyperus eragrostis","+",1
"355",315005,"R-P15005","Digitaria sanguinalis","Digitaria sanguinalis","1",5
"356",315005,"R-P15005","Equisetum arvense","Equisetum arvense","1",5
"357",315005,"R-P15005","Eragrostis pectinacea","Eragrostis pectinacea","+",1
"358",315005,"R-P15005","Conyza bonariensis","Erigeron bonariensis","+",1
"359",315005,"R-P15005","Apium nodiflorum","Helosciadium nodiflorum","1",5
"360",315005,"R-P15005","Kickxia elatine","Kickxia elatine","1",5
"361",315005,"R-P15005","Leersia oryzoides","Leersia oryzoides","+",1
"362",315005,"R-P15005","Lythrum salicaria","Lythrum salicaria","1",5
"363",315005,"R-P15005","Medicago arabica","Medicago arabica","+",1
"364",315005,"R-P15005","Mentha suaveolens","Mentha suaveolens","1",5
"365",315005,"R-P15005","Paspalum paspalodes","Paspalum distichum","1",5
"366",315005,"R-P15005","Polygonum hydropiper","Persicaria hydropiper","+",1
"367",315005,"R-P15005","Polygonum lapathifolium","Persicaria lapathifolia","4",62.5
"368",315005,"R-P15005","Portulaca oleracea","Portulaca oleracea","+",1
"369",315005,"R-P15005","Potentilla reptans","Potentilla reptans","1",5
"370",315005,"R-P15005","Salix purpurea subsp. lambertiana","Salix purpurea","+",1
"371",315005,"R-P15005","Setaria verticillata","Setaria verticilliformis","1",5
"372",315005,"R-P15005","Solanum morella subsp. nigrum","Solanum nigrum","2",15
"373",315005,"R-P15005","Sonchus oleraceus","Sonchus oleraceus","+",1
"374",315005,"R-P15005","Stellaria media","Stellaria media","+",1
"375",315005,"R-P15005","Verbena officinalis","Verbena officinalis","1",5
"376",315005,"R-P15005","Veronica persica","Veronica persica","+",1
"377",320908,"R-P20908","Ammophila arenaria subsp. australis","Ammophila arenaria","f",15
"378",320908,"R-P20908","Artemisia crithmifolia","Artemisia campestris","f",15
"379",320908,"R-P20908","Cistus salvifolius","Cistus salviifolius","*",1
"380",320908,"R-P20908","Corema album","Corema album","a",5
"381",320908,"R-P20908","Crucianella maritima","Crucianella maritima","a",5
"382",320908,"R-P20908","Dactylis glomerata","Dactylis glomerata","1",5
"383",320908,"R-P20908","Daphne gnidium var. maritima","Daphne gnidium","*",1
"384",320908,"R-P20908","Linaria caesia var. decumbens","Euphorbia polygalifolia","1",5
"385",320908,"R-P20908","Festuca juncifolia","Festuca juncifolia","1",5
"386",320908,"R-P20908","Lagurus ovatus","Lagurus ovatus","1",5
"387",320908,"R-P20908","Leontodon taraxacoides","Leontodon saxatilis ","1",5
"388",320908,"R-P20908","Malcolmia littorea","Malcolmia littorea","1",5
"389",320908,"R-P20908","Pinus pinaster","Pinus pinaster","y",0.1
"390",320908,"R-P20908","Vulpia alopecuros","Vulpia alopecuros","+",1
"391",320909,"R-P20909","Armeria pungens","Armeria pungens","1",5
"392",320909,"R-P20909","Artemisia crithmifolia","Artemisia campestris","2",15
"393",320909,"R-P20909","Briza media","Briza media","y",0.1
"394",320909,"R-P20909","Corema album","Corema album","3",37.5
"395",320909,"R-P20909","Crithmum maritimus","Crithmum maritimum","1",5
"396",320909,"R-P20909","Daphne gnidium var. maritima","Daphne gnidium","1",5
"397",320909,"R-P20909","Festuca juncifolia","Festuca juncifolia","1",5
"398",320909,"R-P20909","Helichrysum picardii var. virescens","Helichrysum italicum","+",1
"399",320909,"R-P20909","Iberis procumbens","Iberis procumbens","+",1
"400",320909,"R-P20909","Lagurus ovatus","Lagurus ovatus","2",15
"401",320909,"R-P20909","Leontodon taraxacoides","Leontodon saxatilis ","+",1
"402",320909,"R-P20909","Osyris alba","Osyris alba","+",1
"403",320909,"R-P20909","Pinus pinaster","Pinus pinaster","1",5
"404",320909,"R-P20909","Scolymus hispanicus","Scolymus hispanicus","y",0.1
"405",320909,"R-P20909","Scrophularia frutescens","Scrophularia canina","+",1
"406",320911,"R-P20911","Ammophila arenaria subsp. australis","Ammophila arenaria","1",5
"407",320911,"R-P20911","Armeria pungens","Armeria pungens","a",5
"408",320911,"R-P20911","Artemisia crithmifolia","Artemisia campestris","3",37.5
"409",320911,"R-P20911","Briza media","Briza media","+",1
"410",320911,"R-P20911","Corema album","Corema album","2",15
"411",320911,"R-P20911","Crucianella maritima","Crucianella maritima","3",37.5
"412",320911,"R-P20911","Dactylis glomerata","Dactylis glomerata","+",1
"413",320911,"R-P20911","Eryngium maritimum","Eryngium maritimum","+",1
"414",320911,"R-P20911","Linaria caesia var. decumbens","Euphorbia polygalifolia","+",1
"415",320911,"R-P20911","Euphorbia portlandica","Euphorbia portlandica","1",5
"416",320911,"R-P20911","Euphorbia terracina","Euphorbia terracina","a",5
"417",320911,"R-P20911","Festuca juncifolia","Festuca juncifolia","2",15
"418",320911,"R-P20911","Helichrysum picardii var. virescens","Helichrysum italicum","+",1
"419",320911,"R-P20911","Iberis procumbens","Iberis procumbens","1",5
"420",320911,"R-P20911","Lagurus ovatus","Lagurus ovatus","1",5
"421",320911,"R-P20911","Leontodon taraxacoides","Leontodon saxatilis ","1",5
"422",320911,"R-P20911","Malcolmia littorea","Malcolmia littorea","1",5
"423",320911,"R-P20911","Pancratium maritimum","Pancratium maritimum","+",1
"424",320911,"R-P20911","Scrophularia frutescens","Scrophularia canina","1",5
"425",320911,"R-P20911","Sedum album","Sedum album","2",15
"426",324335,"R-P24335","Bidens tripartita","Bidens tripartitus","1",5
"427",324335,"R-P24335","Cyperus longus","Cyperus longus","1",5
"428",324335,"R-P24335","Equisetum arvense","Equisetum arvense","1",5
"429",324335,"R-P24335","Galinsoga parviflora","Galinsoga parviflora","+",1
"430",324335,"R-P24335","Lythrum salicaria","Lythrum salicaria","1",5
"431",324335,"R-P24335","Mentha Xrotundifolia","Mentha x rotundifolia","+",1
"432",324335,"R-P24335","Polygonum lapathifolium","Persicaria lapathifolia","4",62.5
"433",324335,"R-P24335","Plantago major subsp. major","Plantago major","+",1
"434",324335,"R-P24335","Poa trivialis","Poa trivialis","1",5
"435",324335,"R-P24335","Rumex conglomeratus","Rumex conglomeratus","1",5
"436",324335,"R-P24335","Saponaria officinalis","Saponaria officinalis","+",1
"437",324336,"R-P24336","Amaranthus hybridus","Amaranthus hybridus aggr.","+",1
"438",324336,"R-P24336","Atriplex patula","Atriplex patula","+",1
"439",324336,"R-P24336","Bidens tripartita","Bidens tripartitus","2",15
"440",324336,"R-P24336","Chelidonium majus","Chelidonium majus","+",1
"441",324336,"R-P24336","Chenopodium album","Chenopodium album","1",5
"442",324336,"R-P24336","Conium maculatum","Conium maculatum","+",1
"443",324336,"R-P24336","Eragrostis virescens","Eragrostis virescens","+",1
"444",324336,"R-P24336","Galinsoga parviflora","Galinsoga parviflora","+",1
"445",324336,"R-P24336","Lactuca virosa","Lactuca serriola","+",1
"446",324336,"R-P24336","Lamium amplexicaule","Lamium amplexicaule","+",1
"447",324336,"R-P24336","Malva sylvestris","Malva sylvestris","+",1
"448",324336,"R-P24336","Polygonum persicaria","Persicaria maculosa","2",15
"449",324336,"R-P24336","Plantago major subsp. major","Plantago major","1",5
"450",324336,"R-P24336","Setaria pumila","Setaria pumila","1",5
"451",324336,"R-P24336","Solanum nigrum","Solanum nigrum","+",1
"452",324336,"R-P24336","Stellaria media","Stellaria media","+",1
"453",324336,"R-P24336","Urtica dioica","Urtica dioica","+",1
"454",418419,"S-P18419","Atriplex hastata","Atriplex prostrata","a",5
"455",418419,"S-P18419","Bidens tripartita","Bidens tripartitus","f",15
"456",418419,"S-P18419","Galeopsis tetrahit","Galeopsis tetrahit","a",5
"457",418419,"S-P18419","Geranium robertianum","Geranium robertianum","1",5
"458",418419,"S-P18419","Gnaphalium uliginosum","Gnaphalium uliginosum","+",1
"459",418419,"S-P18419","Lapsana communis","Lapsana communis","2",15
"460",418419,"S-P18419","Polygonum hydropiper","Persicaria hydropiper","2",15
"461",418419,"S-P18419","Polygonum persicaria","Persicaria maculosa","2",15
"462",418419,"S-P18419","Plantago major","Plantago major","+",1
"463",418419,"S-P18419","Polygonum aviculare","Polygonum aviculare","+",1
"464",418419,"S-P18419","Potentilla reptans","Potentilla reptans","+",1
"465",418419,"S-P18419","Ranunculus repens","Ranunculus repens","+",1
"466",418419,"S-P18419","Solanum nigrum","Solanum nigrum","1",5
"467",418419,"S-P18419","Urtica dioica","Urtica dioica","3",37.5
"468",421313,"S-P21313","Ammophila arenaria subsp. australis","Ammophila arenaria","f",15
"469",421313,"S-P21313","Artemisia crithmifolia","Artemisia campestris","3",37.5
"470",421313,"S-P21313","Calystegia soldanella","Calystegia soldanella","+",1
"471",421313,"S-P21313","Crucianella maritima","Crucianella maritima","a",5
"472",421313,"S-P21313","Eryngium maritimum","Eryngium maritimum","1",5
"473",421313,"S-P21313","Festuca junczfolia","Festuca juncifolia","a",5
"474",421313,"S-P21313","Leontodon taraxacoides","Leontodon saxatilis ","+",1
"475",421313,"S-P21313","Linaria polygalifolia","Linaria polygalifolia","+",1
"476",421313,"S-P21313","Malcolmia littorea","Malcolmia littorea","1",5
"477",421313,"S-P21313","Pancratium maritimum","Pancratium maritimum","+",1
"478",421313,"S-P21313","Scrophularia frutescens","Scrophularia canina","*",1
"479",421314,"S-P21314","Ammophila arenaria subsp. australis","Ammophila arenaria","1",5
"480",421314,"S-P21314","Artemisia crithmifolia","Artemisia campestris","f",15
"481",421314,"S-P21314","Calystegia soldanella","Calystegia soldanella","1",5
"482",421314,"S-P21314","Cistus salvifolius","Cistus salviifolius","*",1
"483",421314,"S-P21314","Crucianella maritima","Crucianella maritima","a",5
"484",421314,"S-P21314","Eryngium maritimum","Eryngium maritimum","+",1
"485",421314,"S-P21314","Euphorbia terracina","Euphorbia terracina","1",5
"486",421314,"S-P21314","Festuca junczfolia","Festuca juncifolia","3",37.5
"487",421314,"S-P21314","Helichrysum picardii","Helichrysum italicum","f",15
"488",421314,"S-P21314","Lagurus ovatus","Lagurus ovatus","+",1
"489",421314,"S-P21314","Leontodon taraxacoides","Leontodon saxatilis ","1",5
"490",421314,"S-P21314","Linaria polygalifolia","Linaria polygalifolia","a",5
"491",421314,"S-P21314","Malcolmia littorea","Malcolmia littorea","1",5
"492",421314,"S-P21314","Pancratium maritimum","Pancratium maritimum","y",0.1
"493",421314,"S-P21314","Scrophularia frutescens","Scrophularia canina","+",1
"494",421314,"S-P21314","Sedum arenarium","Sedum arenarium","+",1
"495",421314,"S-P21314","Seseli tortuosum","Seseli tortuosum","y",0.1
"496",421314,"S-P21314","Aetheorhiza bulbosa","Sonchus bulbosus","+",1
"497",421314,"S-P21314","Vulpia alopecuros","Vulpia alopecuros","+",1
"498",421315,"S-P21315","Ammophila arenaria subsp. australis","Ammophila arenaria","f",15
"499",421315,"S-P21315","Artemisia crithmifolia","Artemisia campestris","f",15
"500",421315,"S-P21315","Corema album","Corema album","a",5
"501",421315,"S-P21315","Crucianella maritima","Crucianella maritima","a",5
"502",421315,"S-P21315","Dactylis glomerata","Dactylis glomerata","1",5
"503",421315,"S-P21315","Daphne gnidium var. maritima","Daphne gnidium","*",1
"504",421315,"S-P21315","Festuca junczfolia","Festuca juncifolia","1",5
"505",421315,"S-P21315","Lagurus ovatus","Lagurus ovatus","1",5
"506",421315,"S-P21315","Leontodon taraxacoides","Leontodon saxatilis ","1",5
"507",421315,"S-P21315","Linaria polygalifolia","Linaria polygalifolia","1",5
"508",421315,"S-P21315","Malcolmia littorea","Malcolmia littorea","1",5
"509",421315,"S-P21315","Pinus pinaster","Pinus pinaster","y",0.1
"510",421316,"S-P21316","Armeria pungens","Armeria pungens","1",5
"511",421316,"S-P21316","Artemisia crithmifolia","Artemisia campestris","2",15
"512",421316,"S-P21316","Briza media","Briza media","y",0.1
"513",421316,"S-P21316","Corema album","Corema album","3",37.5
"514",421316,"S-P21316","Crithmum maritimum","Crithmum maritimum","1",5
"515",421316,"S-P21316","Daphne gnidium var. maritima","Daphne gnidium","1",5
"516",421316,"S-P21316","Festuca junczfolia","Festuca juncifolia","1",5
"517",421316,"S-P21316","Helichrysum picardii","Helichrysum italicum","+",1
"518",421316,"S-P21316","Iberis procumbens","Iberis procumbens","+",1
"519",421316,"S-P21316","Lagurus ovatus","Lagurus ovatus","2",15
"520",421316,"S-P21316","Leontodon taraxacoides","Leontodon saxatilis ","+",1
"521",421316,"S-P21316","Osyris alba","Osyris alba","+",1
"522",421316,"S-P21316","Pinus pinaster","Pinus pinaster","1",5
"523",421316,"S-P21316","Scolymus hispanicus","Scolymus hispanicus","y",0.1
"524",421316,"S-P21316","Scrophularia frutescens","Scrophularia canina","+",1
"525",421317,"S-P21317","Ammophila arenaria subsp. australis","Ammophila arenaria","1",5
"526",421317,"S-P21317","Armeria pungens","Armeria pungens","a",5
"527",421317,"S-P21317","Artemisia crithmifolia","Artemisia campestris","3",37.5
"528",421317,"S-P21317","Briza media","Briza media","+",1
"529",421317,"S-P21317","Corema album","Corema album","2",15
"530",421317,"S-P21317","Crucianella maritima","Crucianella maritima","3",37.5
"531",421317,"S-P21317","Dactylis glomerata","Dactylis glomerata","+",1
"532",421317,"S-P21317","Eryngium maritimum","Eryngium maritimum","+",1
"533",421317,"S-P21317","Euphorbia portlandica","Euphorbia portlandica","1",5
"534",421317,"S-P21317","Festuca junczfolia","Festuca juncifolia","2",15
"535",421317,"S-P21317","Helichrysum picardii","Helichrysum italicum","+",1
"536",421317,"S-P21317","Iberis procumbens","Iberis procumbens","1",5
"537",421317,"S-P21317","Lagurus ovatus","Lagurus ovatus","1",5
"538",421317,"S-P21317","Leontodon taraxacoides","Leontodon saxatilis ","1",5
"539",421317,"S-P21317","Linaria polygalifolia","Linaria polygalifolia","+",1
"540",421317,"S-P21317","Malcolmia littorea","Malcolmia littorea","1",5
"541",421317,"S-P21317","Pancratium maritimum","Pancratium maritimum","+",1
"542",421317,"S-P21317","Scrophularia frutescens","Scrophularia canina","1",5
"543",421317,"S-P21317","Sedum album","Sedum album","2",15
"544",507838,"T-P07838","Alisma lanceolatum","Alisma lanceolatum","+",1
"545",507838,"T-P07838","Atriplex prostrata","Atriplex prostrata","+",1
"546",507838,"T-P07838","Lythrum salicaria","Lythrum salicaria","+",1
"547",507838,"T-P07838","Paspalum paspalodes","Paspalum distichum","5",87.5
"548",507838,"T-P07838","Rorippa sylvestris","Rorippa sylvestris","+",1
"549",507838,"T-P07838","Scirpus lacustris","Schoenoplectus lacustris","+",1
"550",507838,"T-P07838","Xanthium strumarium","Xanthium strumarium","1",5
"551",507841,"T-P07841","Cyperus longus","Cyperus longus","+",1
"552",507841,"T-P07841","Eleocharis palustris","Eleocharis palustris","2",15
"553",507841,"T-P07841","Leersia oryzoides","Leersia oryzoides","+",1
"554",507841,"T-P07841","Lythrum salicaria","Lythrum salicaria","+",1
"555",507841,"T-P07841","Paspalum paspalodes","Paspalum distichum","4",62.5
"556",507841,"T-P07841","Polygonum persicaria","Persicaria maculosa","1",5
"557",507841,"T-P07841","Plantago major","Plantago major","+",1
"558",507841,"T-P07841","Poa trivialis","Poa trivialis","+",1
"559",507841,"T-P07841","Rorippa sylvestris","Rorippa sylvestris","1",5
"560",507841,"T-P07841","Rumex obtusifolius","Rumex obtusifolius","+",1
"561",507841,"T-P07841","Sonchus asper","Sonchus asper","+",1
"562",507841,"T-P07841","Verbena officinalis","Verbena officinalis","+",1
"563",507841,"T-P07841","Xanthium strumarium","Xanthium strumarium","1",5
"564",507850,"T-P07850","Althaea officinalis","Althaea officinalis","+",1
"565",507850,"T-P07850","Cyperus longus","Cyperus longus","2",15
"566",507850,"T-P07850","Juncus articulatus","Juncus articulatus","+",1
"567",507850,"T-P07850","Mentha pulegium","Mentha pulegium","1",5
"568",507850,"T-P07850","Poa annua","Ochlopoa annua","+",1
"569",507850,"T-P07850","Paspalum paspalodes","Paspalum distichum","5",87.5
"570",507850,"T-P07850","Polygonum lapathifolium","Persicaria lapathifolia","1",5
"571",507850,"T-P07850","Polypogon monspeliensis","Polypogon monspeliensis","+",1
"572",507850,"T-P07850","Rorippa sylvestris","Rorippa sylvestris","2",15
"573",507850,"T-P07850","Samolus valerandi","Samolus valerandi","+",1
"574",507850,"T-P07850","Stachys palustris","Stachys palustris","+",1
"575",507850,"T-P07850","Verbena officinalis","Verbena officinalis","+",1
"576",507851,"T-P07851","Bidens tripartita","Bidens tripartitus","+",1
"577",507851,"T-P07851","Cyperus longus","Cyperus longus","1",5
"578",507851,"T-P07851","Eleocharis palustris","Eleocharis palustris","+",1
"579",507851,"T-P07851","Paspalum paspalodes","Paspalum distichum","4",62.5
"580",507851,"T-P07851","Polygonum lapathifolium","Persicaria lapathifolia","+",1
"581",507851,"T-P07851","Polypogon viridis","Polypogon viridis","+",1
"582",507851,"T-P07851","Rorippa sylvestris","Rorippa sylvestris","2",15
"583",507851,"T-P07851","Rumex obtusifolius","Rumex obtusifolius","+",1
"584",507851,"T-P07851","Xanthium strumarium","Xanthium strumarium","z",1
"585",507852,"T-P07852","Agrostis stolonifera","Agrostis stolonifera","+",1
"586",507852,"T-P07852","Cyperus longus","Cyperus longus","+",1
"587",507852,"T-P07852","Lythrum salicaria","Lythrum salicaria","+",1
"588",507852,"T-P07852","Paspalum paspalodes","Paspalum distichum","5",87.5
"589",507852,"T-P07852","Polygonum lapathifolium","Persicaria lapathifolia","1",5
"590",507852,"T-P07852","Scirpus lacustris","Schoenoplectus lacustris","+",1
"591",507852,"T-P07852","Xanthium strumarium","Xanthium strumarium","+",1
"592",507855,"T-P07855","Bidens tripartita","Bidens tripartitus","1",5
"593",507855,"T-P07855","Cyperus longus","Cyperus longus","1",5
"594",507855,"T-P07855","Eleocharis palustris","Eleocharis palustris","1",5
"595",507855,"T-P07855","Picris echioides","Helminthotheca echioides","+",1
"596",507855,"T-P07855","Kickxia integrifolia","Kickxia spuria","+",1
"597",507855,"T-P07855","Lycopus europaeus","Lycopus europaeus","+",1
"598",507855,"T-P07855","Lysimachia vulgaris","Lysimachia vulgaris","1",5
"599",507855,"T-P07855","Lythrum salicaria","Lythrum salicaria","2",15
"600",507855,"T-P07855","Paspalum paspalodes","Paspalum distichum","5",87.5
"601",507855,"T-P07855","Polygonum lapathifolium","Persicaria lapathifolia","1",5
"602",507855,"T-P07855","Rumex crispus","Rumex crispus","1",5
"603",507855,"T-P07855","Scirpus lacustris","Schoenoplectus lacustris","2",15
"604",507855,"T-P07855","Xanthium strumarium","Xanthium strumarium","+",1
"605",507856,"T-P07856","Cyperus longus","Cyperus longus","1",5
"606",507856,"T-P07856","Eleocharis palustris","Eleocharis palustris","3",37.5
"607",507856,"T-P07856","Eupatorium cannabinum","Eupatorium cannabinum","+",1
"608",507856,"T-P07856","Lycopus europaeus","Lycopus europaeus","1",5
"609",507856,"T-P07856","Lythrum salicaria","Lythrum salicaria","1",5
"610",507856,"T-P07856","Paspalum paspalodes","Paspalum distichum","5",87.5
"611",507856,"T-P07856","Polygonum lapathifolium","Persicaria lapathifolia","1",5
"612",507856,"T-P07856","Pulicaria dysenterica","Pulicaria dysenterica","+",1
"613",507856,"T-P07856","Rumex crispus","Rumex crispus","+",1
"614",507856,"T-P07856","Salix lambertiana","Salix purpurea","+",1
"615",507856,"T-P07856","Scirpus lacustris","Schoenoplectus lacustris","1",5
"616",507856,"T-P07856","Sonchus oleraceus","Sonchus oleraceus","+",1
"617",507857,"T-P07857","Apium nodiflorum","Helosciadium nodiflorum","+",1
"618",507857,"T-P07857","Leersia oryzoides","Leersia oryzoides","+",1
"619",507857,"T-P07857","Lythrum salicaria","Lythrum salicaria","1",5
"620",507857,"T-P07857","Paspalum paspalodes","Paspalum distichum","5",87.5
"621",507857,"T-P07857","Polygonum lapathifolium","Persicaria lapathifolia","+",1
"622",507857,"T-P07857","Potamogeton fluitans","Potamogeton nodosus","+",1
"623",507857,"T-P07857","Scirpus lacustris","Schoenoplectus lacustris","+",1
"624",507858,"T-P07858","Alisma lanceolatum","Alisma lanceolatum","1",5
"625",507858,"T-P07858","Cyperus longus","Cyperus longus","+",1
"626",507858,"T-P07858","Leersia oryzoides","Leersia oryzoides","+",1
"627",507858,"T-P07858","Paspalum paspalodes","Paspalum distichum","5",87.5
"628",507858,"T-P07858","Polygonum lapathifolium","Persicaria lapathifolia","1",5
"629",507858,"T-P07858","Rumex obtusifolius","Rumex obtusifolius","+",1
"630",507858,"T-P07858","Scirpus lacustris","Schoenoplectus lacustris","+",1
"631",507859,"T-P07859","Juncus articulatus","Juncus articulatus","+",1
"632",507859,"T-P07859","Lotus glaber","Lotus tenuis","1",5
"633",507859,"T-P07859","Lythrum salicaria","Lythrum salicaria","+",1
"634",507859,"T-P07859","Paspalum paspalodes","Paspalum distichum","5",87.5
"635",507859,"T-P07859","Polygonum pallidum","Persicaria lapathifolia","2",15
"636",507859,"T-P07859","Potentilla reptans","Potentilla reptans","1",5
"637",507859,"T-P07859","Scirpus lacustris","Schoenoplectus lacustris","+",1
"638",507860,"T-P07860","Amaranthus sylvestris","Amaranthus graecizans","+",1
"639",507860,"T-P07860","Cyperus longus","Cyperus longus","1",5
"640",507860,"T-P07860","Epilobium parviflorum","Epilobium parviflorum","+",1
"641",507860,"T-P07860","Apium nodiflorum","Helosciadium nodiflorum","+",1
"642",507860,"T-P07860","Lycopus europaeus","Lycopus europaeus","+",1
"643",507860,"T-P07860","Paspalum paspalodes","Paspalum distichum","5",87.5
"644",507860,"T-P07860","Polygonum brittingeri","Persicaria lapathifolia","2",15
"645",507860,"T-P07860","Polygonum persicaria","Persicaria maculosa","+",1
"646",507860,"T-P07860","Polygonum aviculare","Polygonum aviculare","+",1
"647",507860,"T-P07860","Rumex obtusifolius","Rumex obtusifolius","+",1
"648",507860,"T-P07860","Scrophularia balbisii","Scrophularia auriculata","+",1
"649",507860,"T-P07860","Sinapis arvensis","Sinapis arvensis","+",1
"650",518089,"T-P18089","Bidens tripartita","Bidens tripartitus","3",37.5
"651",518089,"T-P18089","Campanula lusitanica","Campanula lusitanica","+",1
"652",518089,"T-P18089","Gnaphalium uliginosum","Gnaphalium uliginosum","+",1
"653",518089,"T-P18089","Polygonum persicaria","Persicaria maculosa","+",1
"654",518089,"T-P18089","Spergularia rubra","Spergularia rubra","1",5
"655",612293,"U-P12293","Agrostis stolonifera","Agrostis stolonifera","1",5
"656",612293,"U-P12293","Bidens frondosa","Bidens frondosus","3",37.5
"657",612293,"U-P12293","Cuscuta campestris","Cuscuta campestris","1",5
"658",612293,"U-P12293","Chenopodium ambrosioides","Dysphania ambrosioides","+",1
"659",612293,"U-P12293","Galium palustre","Galium palustre","1",5
"660",612293,"U-P12293","Apium nodiflorum","Helosciadium nodiflorum","2",15
"661",612293,"U-P12293","Lotus pedunculatus","Lotus pedunculatus","+",1
"662",612293,"U-P12293","Lythrum salicaria","Lythrum salicaria","1",5
"663",612293,"U-P12293","Mentha pulegium","Mentha pulegium","1",5
"664",612293,"U-P12293","Oenanthe crocata","Oenanthe crocata","1",5
"665",612293,"U-P12293","Panicum dichotomiflorum","Panicum dichotomiflorum","+",1
"666",612293,"U-P12293","Persicaria hydropiper","Persicaria hydropiper","4",62.5
"667",612293,"U-P12293","Plantago lanceolata","Plantago lanceolata","1",5
"668",612293,"U-P12293","Potentilla reptans","Potentilla reptans","+",1
"669",612293,"U-P12293","Rumex pulcher","Rumex pulcher","+",1
"670",612293,"U-P12293","Setaria faberi","Setaria faberi","+",1
"671",612293,"U-P12293","Setaria pumila","Setaria pumila","+",1
"672",612293,"U-P12293","Aster squamatus","Symphyotrichum squamatum","y",0.1
"673",612293,"U-P12293","Xanthium italicum","Xanthium orientale","4",62.5
"674",612294,"U-P12294","Agrostis stolonifera","Agrostis stolonifera","+",1
"675",612294,"U-P12294","Bidens frondosa","Bidens frondosus","4",62.5
"676",612294,"U-P12294","Chamaemelum mixtum","Cladanthus mixtus","1",5
"677",612294,"U-P12294","Cuscuta campestris","Cuscuta campestris","1",5
"678",612294,"U-P12294","Cyperus longus","Cyperus longus","1",5
"679",612294,"U-P12294","Galium palustre","Galium palustre","1",5
"680",612294,"U-P12294","Lycopus europaeus","Lycopus europaeus","+",1
"681",612294,"U-P12294","Lythrum salicaria","Lythrum salicaria","+",1
"682",612294,"U-P12294","Mentha aquatica","Mentha aquatica","+",1
"683",612294,"U-P12294","Mentha pulegium","Mentha pulegium","+",1
"684",612294,"U-P12294","Oenanthe crocata","Oenanthe crocata","+",1
"685",612294,"U-P12294","Panicum repens","Panicum repens","1",5
"686",612294,"U-P12294","Persicaria hydropiper","Persicaria hydropiper","2",15
"687",612294,"U-P12294","Plantago lanceolata","Plantago lanceolata","+",1
"688",612294,"U-P12294","Polypogon viridis","Polypogon viridis","+",1
"689",612294,"U-P12294","Rumex obtusifolius","Rumex obtusifolius","+",1
"690",612294,"U-P12294","Rumex pulcher","Rumex pulcher","+",1
"691",612294,"U-P12294","Setaria pumila","Setaria pumila","+",1
"692",612294,"U-P12294","Xanthium italicum","Xanthium orientale","3",37.5
"693",612295,"U-P12295","Agrostis stolonifera","Agrostis stolonifera","2",15
"694",612295,"U-P12295","Bidens frondosa","Bidens frondosus","1",5
"695",612295,"U-P12295","Cuscuta campestris","Cuscuta campestris","3",37.5
"696",612295,"U-P12295","Cyperus longus","Cyperus longus","+",1
"697",612295,"U-P12295","Equisetum arvense","Equisetum arvense","+",1
"698",612295,"U-P12295","Leersia oryzoides","Leersia oryzoides","1",5
"699",612295,"U-P12295","Lythrum salicaria","Lythrum salicaria","+",1
"700",612295,"U-P12295","Persicaria hydropiper","Persicaria hydropiper","3",37.5
"701",612295,"U-P12295","Phalaris arundinacea","Phalaroides arundinacea","2",15
"702",612295,"U-P12295","Plantago lanceolata","Plantago lanceolata","+",1
"703",612295,"U-P12295","Rubus caesius","Rubus caesius","2",15
"704",612295,"U-P12295","Xanthium italicum","Xanthium orientale","5",87.5
"705",612296,"U-P12296","Bidens frondosa","Bidens frondosus","4",62.5
"706",612296,"U-P12296","Calystegia sepium","Calystegia sepium","1",5
"707",612296,"U-P12296","Chamaemelum mixtum","Cladanthus mixtus","+",1
"708",612296,"U-P12296","Cuscuta campestris","Cuscuta campestris","+",1
"709",612296,"U-P12296","Cyperus eragrostis","Cyperus eragrostis","1",5
"710",612296,"U-P12296","Chenopodium ambrosioides","Dysphania ambrosioides","+",1
"711",612296,"U-P12296","Equisetum arvense","Equisetum arvense","+",1
"712",612296,"U-P12296","Galinsoga ciliata","Galinsoga quadriradiata","+",1
"713",612296,"U-P12296","Apium nodiflorum","Helosciadium nodiflorum","1",5
"714",612296,"U-P12296","Holcus lanatus","Holcus lanatus","1",5
"715",612296,"U-P12296","Lycopus europaeus","Lycopus europaeus","2",15
"716",612296,"U-P12296","Lysimachia vulgaris","Lysimachia vulgaris","+",1
"717",612296,"U-P12296","Lythrum salicaria","Lythrum salicaria","1",5
"718",612296,"U-P12296","Mentha pulegium","Mentha pulegium","+",1
"719",612296,"U-P12296","Persicaria hydropiper","Persicaria hydropiper","3",37.5
"720",612296,"U-P12296","Phalaris arundinacea","Phalaroides arundinacea","1",5
"721",612296,"U-P12296","Plantago lanceolata","Plantago lanceolata","+",1
"722",612296,"U-P12296","Rumex obtusifolius","Rumex obtusifolius","1",5
"723",612296,"U-P12296","Solanum sublobatum","Solanum chenopodioides","+",1
"724",612296,"U-P12296","Xanthium italicum","Xanthium orientale","4",62.5
"725",612297,"U-P12297","Agrostis stolonifera","Agrostis stolonifera","1",5
"726",612297,"U-P12297","Bidens frondosa","Bidens frondosus","4",62.5
"727",612297,"U-P12297","Cuscuta campestris","Cuscuta campestris","2",15
"728",612297,"U-P12297","Chenopodium ambrosioides","Dysphania ambrosioides","+",1
"729",612297,"U-P12297","Galinsoga ciliata","Galinsoga quadriradiata","+",1
"730",612297,"U-P12297","Apium nodiflorum","Helosciadium nodiflorum","3",37.5
"731",612297,"U-P12297","Holcus lanatus","Holcus lanatus","+",1
"732",612297,"U-P12297","Lycopus europaeus","Lycopus europaeus","+",1
"733",612297,"U-P12297","Lythrum salicaria","Lythrum salicaria","1",5
"734",612297,"U-P12297","Paspalum paspalodes","Paspalum distichum","1",5
"735",612297,"U-P12297","Persicaria hydropiper","Persicaria hydropiper","2",15
"736",612297,"U-P12297","Phalaris arundinacea","Phalaroides arundinacea","+",1
"737",612297,"U-P12297","Polypogon viridis","Polypogon viridis","+",1
"738",612297,"U-P12297","Rumex obtusifolius","Rumex obtusifolius","+",1
"739",612297,"U-P12297","Rumex pulcher","Rumex pulcher","+",1
"740",612297,"U-P12297","Salix salviifolia","Salix salviifolia","+",1
"741",612297,"U-P12297","Xanthium italicum","Xanthium orientale","5",87.5
"742",612298,"U-P12298","Bidens frondosa","Bidens frondosus","5",87.5
"743",612298,"U-P12298","Calystegia sepium","Calystegia sepium","+",1
"744",612298,"U-P12298","Chamaemelum mixtum","Cladanthus mixtus","y",0.1
"745",612298,"U-P12298","Coleostephus myconis","Coleostephus myconis","+",1
"746",612298,"U-P12298","Cuscuta campestris","Cuscuta campestris","1",5
"747",612298,"U-P12298","Cyperus eragrostis","Cyperus eragrostis","+",1
"748",612298,"U-P12298","Chenopodium ambrosioides","Dysphania ambrosioides","1",5
"749",612298,"U-P12298","Echium rosulatum","Echium rosulatum","+",1
"750",612298,"U-P12298","Elymus caninus","Elymus caninus","+",1
"751",612298,"U-P12298","Apium nodiflorum","Helosciadium nodiflorum","1",5
"752",612298,"U-P12298","Lycopus europaeus","Lycopus europaeus","+",1
"753",612298,"U-P12298","Lythrum salicaria","Lythrum salicaria","1",5
"754",612298,"U-P12298","Mentha pulegium","Mentha pulegium","+",1
"755",612298,"U-P12298","Mentha suaveolens","Mentha suaveolens","+",1
"756",612298,"U-P12298","Paspalum paspalodes","Paspalum distichum","1",5
"757",612298,"U-P12298","Persicaria hydropiper","Persicaria hydropiper","3",37.5
"758",612298,"U-P12298","Persicaria maculosa","Persicaria maculosa","+",1
"759",612298,"U-P12298","Phalaris arundinacea","Phalaroides arundinacea","1",5
"760",612298,"U-P12298","Plantago lanceolata","Plantago lanceolata","+",1
"761",612298,"U-P12298","Rumex obtusifolius","Rumex obtusifolius","+",1
"762",612298,"U-P12298","Setaria faberi","Setaria faberi","+",1
"763",612298,"U-P12298","Setaria pumila","Setaria pumila","+",1
"764",612298,"U-P12298","Veronica beccabunga","Veronica beccabunga","+",1
"765",612298,"U-P12298","Xanthium italicum","Xanthium orientale","3",37.5
"766",612299,"U-P12299","Bidens frondosa","Bidens frondosus","4",62.5
"767",612299,"U-P12299","Calystegia sepium","Calystegia sepium","+",1
"768",612299,"U-P12299","Chamaemelum mixtum","Cladanthus mixtus","+",1
"769",612299,"U-P12299","Coleostephus myconis","Coleostephus myconis","+",1
"770",612299,"U-P12299","Cuscuta campestris","Cuscuta campestris","1",5
"771",612299,"U-P12299","Cyperus eragrostis","Cyperus eragrostis","1",5
"772",612299,"U-P12299","Chenopodium ambrosioides","Dysphania ambrosioides","1",5
"773",612299,"U-P12299","Galinsoga ciliata","Galinsoga quadriradiata","+",1
"774",612299,"U-P12299","Apium nodiflorum","Helosciadium nodiflorum","3",37.5
"775",612299,"U-P12299","Leersia oryzoides","Leersia oryzoides","1",5
"776",612299,"U-P12299","Lycopus europaeus","Lycopus europaeus","+",1
"777",612299,"U-P12299","Lythrum salicaria","Lythrum salicaria","2",15
"778",612299,"U-P12299","Paspalum paspalodes","Paspalum distichum","1",5
"779",612299,"U-P12299","Persicaria hydropiper","Persicaria hydropiper","3",37.5
"780",612299,"U-P12299","Persicaria maculosa","Persicaria maculosa","+",1
"781",612299,"U-P12299","Phalaris arundinacea","Phalaroides arundinacea","1",5
"782",612299,"U-P12299","Rumex obtusifolius","Rumex obtusifolius","+",1
"783",612299,"U-P12299","Veronica beccabunga","Veronica beccabunga","+",1
"784",612299,"U-P12299","Xanthium italicum","Xanthium orientale","2",15
"785",612300,"U-P12300","Agrostis stolonifera","Agrostis stolonifera","+",1
"786",612300,"U-P12300","Bidens frondosa","Bidens frondosus","5",87.5
"787",612300,"U-P12300","Calystegia sepium","Calystegia sepium","+",1
"788",612300,"U-P12300","Chamaemelum mixtum","Cladanthus mixtus","+",1
"789",612300,"U-P12300","Cuscuta campestris","Cuscuta campestris","1",5
"790",612300,"U-P12300","Cyperus eragrostis","Cyperus eragrostis","1",5
"791",612300,"U-P12300","Chenopodium ambrosioides","Dysphania ambrosioides","2",15
"792",612300,"U-P12300","Eupatorium cannabinum","Eupatorium cannabinum","+",1
"793",612300,"U-P12300","Galium palustre","Galium palustre","+",1
"794",612300,"U-P12300","Apium nodiflorum","Helosciadium nodiflorum","1",5
"795",612300,"U-P12300","Leersia oryzoides","Leersia oryzoides","+",1
"796",612300,"U-P12300","Lotus pedunculatus","Lotus pedunculatus","+",1
"797",612300,"U-P12300","Lycopus europaeus","Lycopus europaeus","1",5
"798",612300,"U-P12300","Lythrum salicaria","Lythrum salicaria","1",5
"799",612300,"U-P12300","Mentha aquatica","Mentha aquatica","1",5
"800",612300,"U-P12300","Mentha pulegium","Mentha pulegium","+",1
"801",612300,"U-P12300","Persicaria hydropiper","Persicaria hydropiper","3",37.5
"802",612300,"U-P12300","Persicaria maculosa","Persicaria maculosa","1",5
"803",612300,"U-P12300","Phalaris arundinacea","Phalaroides arundinacea","+",1
"804",612300,"U-P12300","Polypogon viridis","Polypogon viridis","+",1
"805",612300,"U-P12300","Setaria faberi","Setaria faberi","+",1
"806",612300,"U-P12300","Setaria pumila","Setaria pumila","y",0.1
"807",612300,"U-P12300","Aster squamatus","Symphyotrichum squamatum","+",1
"808",612300,"U-P12300","Xanthium italicum","Xanthium orientale","2",15
"809",612301,"U-P12301","Agrostis stolonifera","Agrostis stolonifera","+",1
"810",612301,"U-P12301","Bidens frondosa","Bidens frondosus","3",37.5
"811",612301,"U-P12301","Cyperus eragrostis","Cyperus eragrostis","1",5
"812",612301,"U-P12301","Chenopodium ambrosioides","Dysphania ambrosioides","1",5
"813",612301,"U-P12301","Eupatorium cannabinum","Eupatorium cannabinum","+",1
"814",612301,"U-P12301","Galinsoga ciliata","Galinsoga quadriradiata","+",1
"815",612301,"U-P12301","Apium nodiflorum","Helosciadium nodiflorum","2",15
"816",612301,"U-P12301","Holcus lanatus","Holcus lanatus","+",1
"817",612301,"U-P12301","Lycopus europaeus","Lycopus europaeus","1",5
"818",612301,"U-P12301","Lythrum salicaria","Lythrum salicaria","1",5
"819",612301,"U-P12301","Mentha pulegium","Mentha pulegium","2",15
"820",612301,"U-P12301","Mentha suaveolens","Mentha suaveolens","+",1
"821",612301,"U-P12301","Paspalum paspalodes","Paspalum distichum","+",1
"822",612301,"U-P12301","Persicaria hydropiper","Persicaria hydropiper","4",62.5
"823",612301,"U-P12301","Phalaris arundinacea","Phalaroides arundinacea","1",5
"824",612301,"U-P12301","Polypogon viridis","Polypogon viridis","+",1
"825",612301,"U-P12301","Rumex pulcher","Rumex pulcher","+",1
"826",612301,"U-P12301","Scrophularia balbisii","Scrophularia auriculata","1",5
"827",612301,"U-P12301","Setaria pumila","Setaria pumila","1",5
"828",612301,"U-P12301","Solanum sublobatum","Solanum chenopodioides","+",1
"829",612301,"U-P12301","Solanum dulcamara","Solanum dulcamara","+",1
"830",612301,"U-P12301","Aster squamatus","Symphyotrichum squamatum","+",1
"831",612301,"U-P12301","Veronica beccabunga","Veronica beccabunga","+",1
"832",612301,"U-P12301","Xanthium italicum","Xanthium orientale","2",15
"833",612302,"U-P12302","Agrostis stolonifera","Agrostis stolonifera","1",5
"834",612302,"U-P12302","Bidens frondosa","Bidens frondosus","5",87.5
"835",612302,"U-P12302","Calystegia sepium","Calystegia sepium","1",5
"836",612302,"U-P12302","Chamaemelum mixtum","Cladanthus mixtus","+",1
"837",612302,"U-P12302","Cyperus eragrostis","Cyperus eragrostis","1",5
"838",612302,"U-P12302","Chenopodium ambrosioides","Dysphania ambrosioides","3",37.5
"839",612302,"U-P12302","Echium rosulatum","Echium rosulatum","+",1
"840",612302,"U-P12302","Apium nodiflorum","Helosciadium nodiflorum","1",5
"841",612302,"U-P12302","Lycopus europaeus","Lycopus europaeus","1",5
"842",612302,"U-P12302","Lysimachia vulgaris","Lysimachia vulgaris","+",1
"843",612302,"U-P12302","Lythrum salicaria","Lythrum salicaria","2",15
"844",612302,"U-P12302","Melilotus albus","Melilotus albus","+",1
"845",612302,"U-P12302","Mentha aquatica","Mentha aquatica","2",15
"846",612302,"U-P12302","Mentha pulegium","Mentha pulegium","1",5
"847",612302,"U-P12302","Persicaria hydropiper","Persicaria hydropiper","1",5
"848",612302,"U-P12302","Phalaris arundinacea","Phalaroides arundinacea","1",5
"849",612302,"U-P12302","Plantago major","Plantago major","+",1
"850",612302,"U-P12302","Rorippa palustris","Rorippa palustris","y",0.1
"851",612302,"U-P12302","Rumex obtusifolius","Rumex obtusifolius","+",1
"852",612302,"U-P12302","Scutellaria galericulata","Scutellaria galericulata","+",1
"853",612302,"U-P12302","Setaria parviflora","Setaria parviflora","+",1
"854",612302,"U-P12302","Veronica beccabunga","Veronica beccabunga","+",1
"855",612302,"U-P12302","Xanthium italicum","Xanthium orientale","3",37.5
"856",612303,"U-P12303","Agrostis stolonifera","Agrostis stolonifera","+",1
"857",612303,"U-P12303","Bidens frondosa","Bidens frondosus","5",87.5
"858",612303,"U-P12303","Calystegia sepium","Calystegia sepium","+",1
"859",612303,"U-P12303","Cyperus eragrostis","Cyperus eragrostis","1",5
"860",612303,"U-P12303","Digitaria sanguinalis","Digitaria sanguinalis","+",1
"861",612303,"U-P12303","Chenopodium ambrosioides","Dysphania ambrosioides","2",15
"862",612303,"U-P12303","Echium rosulatum","Echium rosulatum","+",1
"863",612303,"U-P12303","Epilobium parviflorum","Epilobium parviflorum","+",1
"864",612303,"U-P12303","Conyza canadensis","Erigeron canadensis","+",1
"865",612303,"U-P12303","Galinsoga ciliata","Galinsoga quadriradiata","+",1
"866",612303,"U-P12303","Apium nodiflorum","Helosciadium nodiflorum","1",5
"867",612303,"U-P12303","Hypericum undulatum","Hypericum undulatum","y",0.1
"868",612303,"U-P12303","Leersia oryzoides","Leersia oryzoides","1",5
"869",612303,"U-P12303","Lotus pedunculatus","Lotus pedunculatus","+",1
"870",612303,"U-P12303","Lycopus europaeus","Lycopus europaeus","2",15
"871",612303,"U-P12303","Lythrum salicaria","Lythrum salicaria","2",15
"872",612303,"U-P12303","Mentha aquatica","Mentha aquatica","+",1
"873",612303,"U-P12303","Mentha pulegium","Mentha pulegium","1",5
"874",612303,"U-P12303","Mentha suaveolens","Mentha suaveolens","1",5
"875",612303,"U-P12303","Persicaria hydropiper","Persicaria hydropiper","3",37.5
"876",612303,"U-P12303","Phalaris arundinacea","Phalaroides arundinacea","+",1
"877",612303,"U-P12303","Plantago major","Plantago major","+",1
"878",612303,"U-P12303","Polypogon viridis","Polypogon viridis","+",1
"879",612303,"U-P12303","Rumex obtusifolius","Rumex obtusifolius","+",1
"880",612303,"U-P12303","Salix salviifolia","Salix salviifolia","1",5
"881",612303,"U-P12303","Scrophularia balbisii","Scrophularia auriculata","+",1
"882",612303,"U-P12303","Setaria pumila","Setaria pumila","2",15
"883",612303,"U-P12303","Solanum sublobatum","Solanum chenopodioides","+",1
"884",612303,"U-P12303","Aster squamatus","Symphyotrichum squamatum","+",1
"885",612303,"U-P12303","Vitis vinifera","Vitis vinifera","+",1
"886",612303,"U-P12303","Xanthium italicum","Xanthium orientale","3",37.5
"887",612304,"U-P12304","Bidens frondosa","Bidens frondosus","4",62.5
"888",612304,"U-P12304","Cyperus eragrostis","Cyperus eragrostis","2",15
"889",612304,"U-P12304","Chenopodium ambrosioides","Dysphania ambrosioides","1",5
"890",612304,"U-P12304","Echium rosulatum","Echium rosulatum","y",0.1
"891",612304,"U-P12304","Conyza canadensis","Erigeron canadensis","+",1
"892",612304,"U-P12304","Galium palustre","Galium palustre","+",1
"893",612304,"U-P12304","Apium nodiflorum","Helosciadium nodiflorum","1",5
"894",612304,"U-P12304","Leersia oryzoides","Leersia oryzoides","1",5
"895",612304,"U-P12304","Lythrum salicaria","Lythrum salicaria","+",1
"896",612304,"U-P12304","Persicaria hydropiper","Persicaria hydropiper","2",15
"897",612304,"U-P12304","Persicaria lapathifolia","Persicaria lapathifolia","y",0.1
"898",612304,"U-P12304","Phalaris arundinacea","Phalaroides arundinacea","1",5
"899",612304,"U-P12304","Rorippa palustris","Rorippa palustris","1",5
"900",612304,"U-P12304","Setaria faberi","Setaria faberi","+",1
"901",612304,"U-P12304","Setaria parviflora","Setaria parviflora","+",1
"902",612304,"U-P12304","Solanum sublobatum","Solanum chenopodioides","+",1
"903",612304,"U-P12304","Aster squamatus","Symphyotrichum squamatum","+",1
"904",612304,"U-P12304","Veronica beccabunga","Veronica beccabunga","+",1
"905",612304,"U-P12304","Xanthium italicum","Xanthium orientale","3",37.5
"906",612305,"U-P12305","Bidens frondosa","Bidens frondosus","3",37.5
"907",612305,"U-P12305","Chamaemelum mixtum","Cladanthus mixtus","+",1
"908",612305,"U-P12305","Cyperus eragrostis","Cyperus eragrostis","1",5
"909",612305,"U-P12305","Chenopodium ambrosioides","Dysphania ambrosioides","3",37.5
"910",612305,"U-P12305","Epilobium tetragonum","Epilobium tetragonum","1",5
"911",612305,"U-P12305","Conyza canadensis","Erigeron canadensis","+",1
"912",612305,"U-P12305","Galinsoga ciliata","Galinsoga quadriradiata","1",5
"913",612305,"U-P12305","Apium nodiflorum","Helosciadium nodiflorum","1",5
"914",612305,"U-P12305","Lycopus europaeus","Lycopus europaeus","1",5
"915",612305,"U-P12305","Lythrum salicaria","Lythrum salicaria","3",37.5
"916",612305,"U-P12305","Mentha aquatica","Mentha aquatica","+",1
"917",612305,"U-P12305","Mentha pulegium","Mentha pulegium","1",5
"918",612305,"U-P12305","Panicum dichotomiflorum","Panicum dichotomiflorum","y",0.1
"919",612305,"U-P12305","Persicaria hydropiper","Persicaria hydropiper","4",62.5
"920",612305,"U-P12305","Persicaria lapathifolia","Persicaria lapathifolia","y",0.1
"921",612305,"U-P12305","Phalaris arundinacea","Phalaroides arundinacea","3",37.5
"922",612305,"U-P12305","Plantago lanceolata","Plantago lanceolata","+",1
"923",612305,"U-P12305","Plantago major","Plantago major","1",5
"924",612305,"U-P12305","Salix salviifolia","Salix salviifolia","+",1
"925",612305,"U-P12305","Setaria faberi","Setaria faberi","+",1
"926",612305,"U-P12305","Setaria parviflora","Setaria parviflora","1",5
"927",612305,"U-P12305","Solanum sublobatum","Solanum chenopodioides","+",1
"928",612305,"U-P12305","Aster lanceolatus","Symphyotrichum lanceolatum","+",1
"929",612305,"U-P12305","Aster squamatus","Symphyotrichum squamatum","3",37.5
"930",612305,"U-P12305","Verbena officinalis","Verbena officinalis","+",1
"931",612305,"U-P12305","Xanthium italicum","Xanthium orientale","1",5
"932",612306,"U-P12306","Agrostis stolonifera","Agrostis stolonifera","1",5
"933",612306,"U-P12306","Amaranthus powellii","Amaranthus powellii","+",1
"934",612306,"U-P12306","Bidens frondosa","Bidens frondosus","5",87.5
"935",612306,"U-P12306","Calystegia sepium","Calystegia sepium","+",1
"936",612306,"U-P12306","Cyperus eragrostis","Cyperus eragrostis","+",1
"937",612306,"U-P12306","Digitaria sanguinalis","Digitaria sanguinalis","1",5
"938",612306,"U-P12306","Chenopodium ambrosioides","Dysphania ambrosioides","1",5
"939",612306,"U-P12306","Epilobium parviflorum","Epilobium parviflorum","+",1
"940",612306,"U-P12306","Apium nodiflorum","Helosciadium nodiflorum","+",1
"941",612306,"U-P12306","Leersia oryzoides","Leersia oryzoides","1",5
"942",612306,"U-P12306","Lycopus europaeus","Lycopus europaeus","1",5
"943",612306,"U-P12306","Lythrum salicaria","Lythrum salicaria","1",5
"944",612306,"U-P12306","Mentha piperita","Mentha x piperita","+",1
"945",612306,"U-P12306","Persicaria hydropiper","Persicaria hydropiper","2",15
"946",612306,"U-P12306","Persicaria lapathifolia","Persicaria lapathifolia","1",5
"947",612306,"U-P12306","Persicaria maculosa","Persicaria maculosa","2",15
"948",612306,"U-P12306","Phalaris arundinacea","Phalaroides arundinacea","+",1
"949",612306,"U-P12306","Phytolacca americana","Phytolacca americana","+",1
"950",612306,"U-P12306","Rumex obtusifolius","Rumex obtusifolius","+",1
"951",612306,"U-P12306","Setaria pumila","Setaria pumila","+",1
"952",612306,"U-P12306","Setaria verticillata var. ambigua","Setaria verticilliformis","+",1
"953",612306,"U-P12306","Solanum sublobatum","Solanum chenopodioides","+",1
"954",612306,"U-P12306","Solanum dulcamara","Solanum dulcamara","+",1
"955",612306,"U-P12306","Xanthium italicum","Xanthium orientale","+",1
"956",612307,"U-P12307","Agrostis stolonifera","Agrostis stolonifera","1",5
"957",612307,"U-P12307","Antinoria agrostidea","Antinoria agrostidea","y",0.1
"958",612307,"U-P12307","Bidens frondosa","Bidens frondosus","3",37.5
"959",612307,"U-P12307","Calystegia sepium","Calystegia sepium","+",1
"960",612307,"U-P12307","Carex elata subsp. reuteriana","Carex reuteriana","1",5
"961",612307,"U-P12307","Cyperus eragrostis","Cyperus eragrostis","2",15
"962",612307,"U-P12307","Equisetum arvense","Equisetum arvense","1",5
"963",612307,"U-P12307","Leersia oryzoides","Leersia oryzoides","1",5
"964",612307,"U-P12307","Lycopus europaeus","Lycopus europaeus","+",1
"965",612307,"U-P12307","Lysimachia vulgaris","Lysimachia vulgaris","+",1
"966",612307,"U-P12307","Lythrum salicaria","Lythrum salicaria","2",15
"967",612307,"U-P12307","Mentha suaveolens","Mentha suaveolens","+",1
"968",612307,"U-P12307","Mentha piperita","Mentha x piperita","+",1
"969",612307,"U-P12307","Persicaria hydropiper","Persicaria hydropiper","4",62.5
"970",612307,"U-P12307","Persicaria maculosa","Persicaria maculosa","+",1
"971",612307,"U-P12307","Phalaris arundinacea","Phalaroides arundinacea","1",5
"972",612307,"U-P12307","Plantago major","Plantago major","+",1
"973",612307,"U-P12307","Rumex conglomeratus","Rumex conglomeratus","1",5
"974",612307,"U-P12307","Salix salviifolia","Salix salviifolia","y",0.1
"975",612307,"U-P12307","Setaria pumila","Setaria pumila","y",0.1
"976",612307,"U-P12307","Solanum dulcamara","Solanum dulcamara","+",1
"977",612307,"U-P12307","Veronica beccabunga","Veronica beccabunga","+",1
"978",612307,"U-P12307","Xanthium italicum","Xanthium orientale","y",0.1
"979",612308,"U-P12308","Bidens frondosa","Bidens frondosus","4",62.5
"980",612308,"U-P12308","Cynodon dactylon","Cynodon dactylon","1",5
"981",612308,"U-P12308","Cyperus eragrostis","Cyperus eragrostis","2",15
"982",612308,"U-P12308","Chenopodium ambrosioides","Dysphania ambrosioides","1",5
"983",612308,"U-P12308","Elymus caninus","Elymus caninus","+",1
"984",612308,"U-P12308","Apium nodiflorum","Helosciadium nodiflorum","1",5
"985",612308,"U-P12308","Humulus lupulus","Humulus lupulus","+",1
"986",612308,"U-P12308","Lycopus europaeus","Lycopus europaeus","+",1
"987",612308,"U-P12308","Lythrum salicaria","Lythrum salicaria","3",37.5
"988",612308,"U-P12308","Mentha aquatica","Mentha aquatica","3",37.5
"989",612308,"U-P12308","Oenanthe crocata","Oenanthe crocata","+",1
"990",612308,"U-P12308","Persicaria hydropiper","Persicaria hydropiper","4",62.5
"991",612308,"U-P12308","Phalaris arundinacea","Phalaroides arundinacea","2",15
"992",612308,"U-P12308","Plantago major","Plantago major","+",1
"993",612308,"U-P12308","Rumex obtusifolius","Rumex obtusifolius","1",5
"994",612308,"U-P12308","Salix atrocinerea","Salix cinerea subsp. oleifolia","+",1
"995",612308,"U-P12308","Aster lanceolatus","Symphyotrichum lanceolatum","+",1
"996",612308,"U-P12308","Aster squamatus","Symphyotrichum squamatum","+",1
"997",612309,"U-P12309","Bidens frondosa","Bidens frondosus","2",15
"998",612309,"U-P12309","Cyperus eragrostis","Cyperus eragrostis","2",15
"999",612309,"U-P12309","Cyperus longus","Cyperus longus","1",5
"1000",612309,"U-P12309","Equisetum arvense","Equisetum arvense","1",5
"1001",612309,"U-P12309","Fraxinus angustifolia","Fraxinus angustifolia","+",1
"1002",612309,"U-P12309","Lotus pedunculatus","Lotus pedunculatus","2",15
"1003",612309,"U-P12309","Lythrum salicaria","Lythrum salicaria","2",15
"1004",612309,"U-P12309","Melilotus albus","Melilotus albus","1",5
"1005",612309,"U-P12309","Mentha pulegium","Mentha pulegium","+",1
"1006",612309,"U-P12309","Mentha suaveolens","Mentha suaveolens","1",5
"1007",612309,"U-P12309","Mentha piperita","Mentha x piperita","1",5
"1008",612309,"U-P12309","Persicaria hydropiper","Persicaria hydropiper","4",62.5
"1009",612309,"U-P12309","Phalaris arundinacea","Phalaroides arundinacea","+",1
"1010",612309,"U-P12309","Rumex pulcher","Rumex pulcher","+",1
"1011",612309,"U-P12309","Scutellaria galericulata","Scutellaria galericulata","+",1
"1012",612309,"U-P12309","Solanum dulcamara","Solanum dulcamara","1",5
"1013",612310,"U-P12310","Bidens frondosa","Bidens frondosus","4",62.5
"1014",612310,"U-P12310","Calystegia sepium","Calystegia sepium","1",5
"1015",612310,"U-P12310","Cyperus eragrostis","Cyperus eragrostis","1",5
"1016",612310,"U-P12310","Chenopodium ambrosioides","Dysphania ambrosioides","+",1
"1017",612310,"U-P12310","Conyza canadensis","Erigeron canadensis","+",1
"1018",612310,"U-P12310","Eupatorium cannabinum","Eupatorium cannabinum","y",0.1
"1019",612310,"U-P12310","Filipendula ulmaria","Filipendula ulmaria","+",1
"1020",612310,"U-P12310","Apium nodiflorum","Helosciadium nodiflorum","1",5
"1021",612310,"U-P12310","Lythrum salicaria","Lythrum salicaria","2",15
"1022",612310,"U-P12310","Panicum repens","Panicum repens","+",1
"1023",612310,"U-P12310","Paspalum paspalodes","Paspalum distichum","1",5
"1024",612310,"U-P12310","Persicaria hydropiper","Persicaria hydropiper","4",62.5
"1025",612310,"U-P12310","Phalaris arundinacea","Phalaroides arundinacea","1",5
"1026",612310,"U-P12310","Potentilla reptans","Potentilla reptans","+",1
"1027",612310,"U-P12310","Ranunculus repens","Ranunculus repens","+",1
"1028",612310,"U-P12310","Solanum dulcamara","Solanum dulcamara","+",1
"1029",612310,"U-P12310","Aster squamatus","Symphyotrichum squamatum","+",1
"1030",612311,"U-P12311","Agrostis stolonifera","Agrostis stolonifera","1",5
"1031",612311,"U-P12311","Bidens frondosa","Bidens frondosus","4",62.5
"1032",612311,"U-P12311","Calystegia sepium","Calystegia sepium","+",1
"1033",612311,"U-P12311","Chamaemelum mixtum","Cladanthus mixtus","+",1
"1034",612311,"U-P12311","Cyperus eragrostis","Cyperus eragrostis","1",5
"1035",612311,"U-P12311","Digitaria sanguinalis","Digitaria sanguinalis","+",1
"1036",612311,"U-P12311","Chenopodium ambrosioides","Dysphania ambrosioides","+",1
"1037",612311,"U-P12311","Echium rosulatum","Echium rosulatum","+",1
"1038",612311,"U-P12311","Eleocharis multicaulis","Eleocharis multicaulis","1",5
"1039",612311,"U-P12311","Conyza canadensis","Erigeron canadensis","+",1
"1040",612311,"U-P12311","Humulus lupulus","Humulus lupulus","+",1
"1041",612311,"U-P12311","Lycopus europaeus","Lycopus europaeus","+",1
"1042",612311,"U-P12311","Lythrum salicaria","Lythrum salicaria","+",1
"1043",612311,"U-P12311","Mentha suaveolens","Mentha suaveolens","y",0.1
"1044",612311,"U-P12311","Paspalum dilatatum","Paspalum dilatatum","+",1
"1045",612311,"U-P12311","Paspalum paspalodes","Paspalum distichum","1",5
"1046",612311,"U-P12311","Persicaria hydropiper","Persicaria hydropiper","5",87.5
"1047",612311,"U-P12311","Persicaria maculosa","Persicaria maculosa","+",1
"1048",612311,"U-P12311","Phalaris arundinacea","Phalaroides arundinacea","+",1
"1049",612311,"U-P12311","Polygonum aviculare","Polygonum aviculare","+",1
"1050",612311,"U-P12311","Ranunculus repens","Ranunculus repens","y",0.1
"1051",612311,"U-P12311","Rumex obtusifolius","Rumex obtusifolius","2",15
"1052",612311,"U-P12311","Setaria parviflora","Setaria parviflora","1",5
"1053",612311,"U-P12311","Solanum sublobatum","Solanum chenopodioides","+",1
"1054",612311,"U-P12311","Solanum dulcamara","Solanum dulcamara","+",1
"1055",612312,"U-P12312","Amaranthus hybridus","Amaranthus hybridus aggr.","+",1
"1056",612312,"U-P12312","Bidens frondosa","Bidens frondosus","3",37.5
"1057",612312,"U-P12312","Calystegia sepium","Calystegia sepium","1",5
"1058",612312,"U-P12312","Crocosmia Xcrocosmiflora","Crocosmia x crocosmiiflora","y",0.1
"1059",612312,"U-P12312","Cyperus eragrostis","Cyperus eragrostis","+",1
"1060",612312,"U-P12312","Digitaria sanguinalis","Digitaria sanguinalis","+",1
"1061",612312,"U-P12312","Echium rosulatum","Echium rosulatum","+",1
"1062",612312,"U-P12312","Conyza canadensis","Erigeron canadensis","+",1
"1063",612312,"U-P12312","Eupatorium cannabinum","Eupatorium cannabinum","+",1
"1064",612312,"U-P12312","Leersia oryzoides","Leersia oryzoides","1",5
"1065",612312,"U-P12312","Lythrum salicaria","Lythrum salicaria","1",5
"1066",612312,"U-P12312","Paspalum paspalodes","Paspalum distichum","3",37.5
"1067",612312,"U-P12312","Persicaria hydropiper","Persicaria hydropiper","5",87.5
"1068",612312,"U-P12312","Phalaris arundinacea","Phalaroides arundinacea","1",5
"1069",612312,"U-P12312","Rubus caesius","Rubus caesius","+",1
"1070",612312,"U-P12312","Rumex obtusifolius","Rumex obtusifolius","1",5
"1071",612312,"U-P12312","Scrophularia balbisii","Scrophularia auriculata","+",1
"1072",612312,"U-P12312","Setaria parviflora","Setaria parviflora","2",15
"1073",612312,"U-P12312","Solanum sublobatum","Solanum chenopodioides","+",1
"1074",612312,"U-P12312","Aster squamatus","Symphyotrichum squamatum","+",1
"1075",612313,"U-P12313","Agrostis stolonifera","Agrostis stolonifera","1",5
"1076",612313,"U-P12313","Bidens frondosa","Bidens frondosus","4",62.5
"1077",612313,"U-P12313","Chenopodium ambrosioides","Dysphania ambrosioides","1",5
"1078",612313,"U-P12313","Apium nodiflorum","Helosciadium nodiflorum","2",15
"1079",612313,"U-P12313","Lycopus europaeus","Lycopus europaeus","+",1
"1080",612313,"U-P12313","Lythrum salicaria","Lythrum salicaria","3",37.5
"1081",612313,"U-P12313","Mentha pulegium","Mentha pulegium","1",5
"1082",612313,"U-P12313","Persicaria hydropiper","Persicaria hydropiper","1",5
"1083",612313,"U-P12313","Phalaris arundinacea","Phalaroides arundinacea","+",1
"1084",612313,"U-P12313","Plantago major","Plantago major","1",5
"1085",612313,"U-P12313","Salix salviifolia","Salix salviifolia","1",5
"1086",612313,"U-P12313","Setaria faberi","Setaria faberi","+",1
"1087",612313,"U-P12313","Setaria pumila","Setaria pumila","1",5
"1088",612313,"U-P12313","Solanum sublobatum","Solanum chenopodioides","+",1
"1089",612313,"U-P12313","Solanum dulcamara","Solanum dulcamara","+",1
"1090",612313,"U-P12313","Aster lanceolatus","Symphyotrichum lanceolatum","+",1
"1091",612313,"U-P12313","Veronica beccabunga","Veronica beccabunga","+",1
"1092",612314,"U-P12314","Bidens frondosa","Bidens frondosus","5",87.5
"1093",612314,"U-P12314","Calystegia sepium","Calystegia sepium","+",1
"1094",612314,"U-P12314","Chamaemelum mixtum","Cladanthus mixtus","+",1
"1095",612314,"U-P12314","Cyperus eragrostis","Cyperus eragrostis","2",15
"1096",612314,"U-P12314","Cyperus flavescens","Cyperus flavescens","y",0.1
"1097",612314,"U-P12314","Chenopodium ambrosioides","Dysphania ambrosioides","1",5
"1098",612314,"U-P12314","Conyza canadensis","Erigeron canadensis","+",1
"1099",612314,"U-P12314","Lotus pedunculatus","Lotus pedunculatus","1",5
"1100",612314,"U-P12314","Lycopus europaeus","Lycopus europaeus","+",1
"1101",612314,"U-P12314","Lythrum portula","Lythrum portula","1",5
"1102",612314,"U-P12314","Lythrum salicaria","Lythrum salicaria","3",37.5
"1103",612314,"U-P12314","Mentha pulegium","Mentha pulegium","1",5
"1104",612314,"U-P12314","Mentha suaveolens","Mentha suaveolens","1",5
"1105",612314,"U-P12314","Panicum dichotomiflorum","Panicum dichotomiflorum","y",0.1
"1106",612314,"U-P12314","Panicum repens","Panicum repens","3",37.5
"1107",612314,"U-P12314","Paspalum dilatatum","Paspalum dilatatum","+",1
"1108",612314,"U-P12314","Persicaria hydropiper","Persicaria hydropiper","4",62.5
"1109",612314,"U-P12314","Plantago lanceolata","Plantago lanceolata","+",1
"1110",612314,"U-P12314","Plantago major","Plantago major","+",1
"1111",612314,"U-P12314","Rumex obtusifolius","Rumex obtusifolius","+",1
"1112",612314,"U-P12314","Setaria parviflora","Setaria parviflora","1",5
"1113",612314,"U-P12314","Setaria pumila","Setaria pumila","y",0.1
"1114",612314,"U-P12314","Solanum sublobatum","Solanum chenopodioides","+",1
"1115",612314,"U-P12314","Aster lanceolatus","Symphyotrichum lanceolatum","+",1
"1116",612314,"U-P12314","Aster squamatus","Symphyotrichum squamatum","+",1
"1117",612315,"U-P12315","Agrostis stolonifera","Agrostis stolonifera","2",15
"1118",612315,"U-P12315","Bidens frondosa","Bidens frondosus","3",37.5
"1119",612315,"U-P12315","Calystegia sepium","Calystegia sepium","+",1
"1120",612315,"U-P12315","Cyperus eragrostis","Cyperus eragrostis","+",1
"1121",612315,"U-P12315","Eupatorium cannabinum","Eupatorium cannabinum","+",1
"1122",612315,"U-P12315","Galium palustre","Galium palustre","+",1
"1123",612315,"U-P12315","Leersia oryzoides","Leersia oryzoides","1",5
"1124",612315,"U-P12315","Lotus pedunculatus","Lotus pedunculatus","1",5
"1125",612315,"U-P12315","Lycopus europaeus","Lycopus europaeus","2",15
"1126",612315,"U-P12315","Lythrum salicaria","Lythrum salicaria","2",15
"1127",612315,"U-P12315","Mentha pulegium","Mentha pulegium","1",5
"1128",612315,"U-P12315","Mentha suaveolens","Mentha suaveolens","1",5
"1129",612315,"U-P12315","Paspalum paspalodes","Paspalum distichum","+",1
"1130",612315,"U-P12315","Persicaria hydropiper","Persicaria hydropiper","5",87.5
"1131",612315,"U-P12315","Phalaris arundinacea","Phalaroides arundinacea","1",5
"1132",612315,"U-P12315","Plantago lanceolata","Plantago lanceolata","+",1
"1133",612315,"U-P12315","Rumex obtusifolius","Rumex obtusifolius","+",1
"1134",612315,"U-P12315","Aster lanceolatus","Symphyotrichum lanceolatum","1",5
"1135",612316,"U-P12316","Agrostis stolonifera","Agrostis stolonifera","3",37.5
"1136",612316,"U-P12316","Alopecurus aequalis","Alopecurus aequalis","1",5
"1137",612316,"U-P12316","Bidens frondosa","Bidens frondosus","1",5
"1138",612316,"U-P12316","Carex hirta","Carex hirta","3",37.5
"1139",612316,"U-P12316","Galium palustre","Galium palustre","1",5
"1140",612316,"U-P12316","Lycopus europaeus","Lycopus europaeus","1",5
"1141",612316,"U-P12316","Lythrum salicaria","Lythrum salicaria","1",5
"1142",612316,"U-P12316","Mentha suaveolens","Mentha suaveolens","+",1
"1143",612316,"U-P12316","Persicaria hydropiper","Persicaria hydropiper","5",87.5
"1144",612316,"U-P12316","Rumex conglomeratus","Rumex conglomeratus","+",1
"1145",612316,"U-P12316","Solanum dulcamara","Solanum dulcamara","+",1
"1146",612317,"U-P12317","Agrostis stolonifera","Agrostis stolonifera","1",5
"1147",612317,"U-P12317","Bidens frondosa","Bidens frondosus","4",62.5
"1148",612317,"U-P12317","Chamaemelum nobile","Chamaemelum nobile","1",5
"1149",612317,"U-P12317","Cyperus eragrostis","Cyperus eragrostis","2",15
"1150",612317,"U-P12317","Conyza canadensis","Erigeron canadensis","+",1
"1151",612317,"U-P12317","Galium palustre","Galium palustre","+",1
"1152",612317,"U-P12317","Iris pseudacorus","Iris pseudacorus","1",5
"1153",612317,"U-P12317","Lysimachia vulgaris","Lysimachia vulgaris","y",0.1
"1154",612317,"U-P12317","Lythrum salicaria","Lythrum salicaria","2",15
"1155",612317,"U-P12317","Mentha aquatica","Mentha aquatica","+",1
"1156",612317,"U-P12317","Panicum dichotomiflorum","Panicum dichotomiflorum","1",5
"1157",612317,"U-P12317","Persicaria hydropiper","Persicaria hydropiper","4",62.5
"1158",612317,"U-P12317","Persicaria lapathifolia","Persicaria lapathifolia","+",1
"1159",612317,"U-P12317","Phalaris arundinacea","Phalaroides arundinacea","1",5
"1160",612318,"U-P12318","Bidens frondosa","Bidens frondosus","5",87.5
"1161",612318,"U-P12318","Cyperus eragrostis","Cyperus eragrostis","+",1
"1162",612318,"U-P12318","Lythrum salicaria","Lythrum salicaria","y",0.1
"1163",612318,"U-P12318","Panicum dichotomiflorum","Panicum dichotomiflorum","+",1
"1164",612318,"U-P12318","Persicaria hydropiper","Persicaria hydropiper","3",37.5
"1165",612318,"U-P12318","Persicaria lapathifolia","Persicaria lapathifolia","1",5
"1166",612318,"U-P12318","Phalaris arundinacea","Phalaroides arundinacea","1",5
"1167",612318,"U-P12318","Plantago major","Plantago major","y",0.1
"1168",612318,"U-P12318","Rumex obtusifolius","Rumex obtusifolius","+",1
"1169",612318,"U-P12318","Aster squamatus","Symphyotrichum squamatum","+",1
"1170",612319,"U-P12319","Bidens frondosa","Bidens frondosus","4",62.5
"1171",612319,"U-P12319","Calystegia sepium","Calystegia sepium","1",5
"1172",612319,"U-P12319","Cyperus eragrostis","Cyperus eragrostis","+",1
"1173",612319,"U-P12319","Apium nodiflorum","Helosciadium nodiflorum","1",5
"1174",612319,"U-P12319","Lycopus europaeus","Lycopus europaeus","+",1
"1175",612319,"U-P12319","Lythrum salicaria","Lythrum salicaria","1",5
"1176",612319,"U-P12319","Oenanthe crocata","Oenanthe crocata","1",5
"1177",612319,"U-P12319","Persicaria hydropiper","Persicaria hydropiper","5",87.5
"1178",612319,"U-P12319","Persicaria lapathifolia","Persicaria lapathifolia","2",15
"1179",612319,"U-P12319","Phalaris arundinacea","Phalaroides arundinacea","1",5
"1180",612319,"U-P12319","Rumex obtusifolius","Rumex obtusifolius","1",5
"1181",612319,"U-P12319","Solanum dulcamara","Solanum dulcamara","+",1
"1182",612319,"U-P12319","Aster squamatus","Symphyotrichum squamatum","+",1
"1183",612319,"U-P12319","Urtica dioica","Urtica dioica","y",0.1
"1184",612320,"U-P12320","Bidens frondosa","Bidens frondosus","2",15
"1185",612320,"U-P12320","Cyperus eragrostis","Cyperus eragrostis","3",37.5
"1186",612320,"U-P12320","Digitaria sanguinalis","Digitaria sanguinalis","+",1
"1187",612320,"U-P12320","Epilobium parviflorum","Epilobium parviflorum","+",1
"1188",612320,"U-P12320","Galinsoga ciliata","Galinsoga quadriradiata","1",5
"1189",612320,"U-P12320","Apium nodiflorum","Helosciadium nodiflorum","1",5
"1190",612320,"U-P12320","Leersia oryzoides","Leersia oryzoides","+",1
"1191",612320,"U-P12320","Lycopus europaeus","Lycopus europaeus","+",1
"1192",612320,"U-P12320","Lythrum salicaria","Lythrum salicaria","+",1
"1193",612320,"U-P12320","Paspalum paspalodes","Paspalum distichum","+",1
"1194",612320,"U-P12320","Persicaria hydropiper","Persicaria hydropiper","5",87.5
"1195",612320,"U-P12320","Persicaria lapathifolia","Persicaria lapathifolia","1",5
"1196",612320,"U-P12320","Plantago lanceolata","Plantago lanceolata","y",0.1
"1197",612320,"U-P12320","Plantago major","Plantago major","+",1
"1198",612320,"U-P12320","Rumex obtusifolius","Rumex obtusifolius","1",5
"1199",612320,"U-P12320","Solanum dulcamara","Solanum dulcamara","+",1
"1200",612321,"U-P12321","Bidens frondosa","Bidens frondosus","3",37.5
"1201",612321,"U-P12321","Calystegia sepium","Calystegia sepium","+",1
"1202",612321,"U-P12321","Cyperus eragrostis","Cyperus eragrostis","y",0.1
"1203",612321,"U-P12321","Chenopodium ambrosioides","Dysphania ambrosioides","+",1
"1204",612321,"U-P12321","Apium nodiflorum","Helosciadium nodiflorum","+",1
"1205",612321,"U-P12321","Lycopus europaeus","Lycopus europaeus","y",0.1
"1206",612321,"U-P12321","Lythrum salicaria","Lythrum salicaria","+",1
"1207",612321,"U-P12321","Persicaria hydropiper","Persicaria hydropiper","4",62.5
"1208",612321,"U-P12321","Persicaria lapathifolia","Persicaria lapathifolia","5",87.5
"1209",612321,"U-P12321","Rumex obtusifolius","Rumex obtusifolius","1",5
"1210",612321,"U-P12321","Salix neotricha","Salix x fragilis f. fragilis","+",1
"1211",612322,"U-P12322","Alnus glutinosa","Alnus glutinosa","1",5
"1212",612322,"U-P12322","Bidens frondosa","Bidens frondosus","5",87.5
"1213",612322,"U-P12322","Cyperus eragrostis","Cyperus eragrostis","1",5
"1214",612322,"U-P12322","Chenopodium ambrosioides","Dysphania ambrosioides","1",5
"1215",612322,"U-P12322","Conyza canadensis","Erigeron canadensis","1",5
"1216",612322,"U-P12322","Galium palustre","Galium palustre","+",1
"1217",612322,"U-P12322","Leersia oryzoides","Leersia oryzoides","+",1
"1218",612322,"U-P12322","Lycopus europaeus","Lycopus europaeus","1",5
"1219",612322,"U-P12322","Lythrum salicaria","Lythrum salicaria","1",5
"1220",612322,"U-P12322","Mentha pulegium","Mentha pulegium","+",1
"1221",612322,"U-P12322","Persicaria hydropiper","Persicaria hydropiper","3",37.5
"1222",612322,"U-P12322","Persicaria lapathifolia","Persicaria lapathifolia","2",15
"1223",612322,"U-P12322","Phalaris arundinacea","Phalaroides arundinacea","+",1
"1224",612322,"U-P12322","Rorippa palustris","Rorippa palustris","+",1
"1225",612322,"U-P12322","Rumex obtusifolius","Rumex obtusifolius","+",1
"1226",612322,"U-P12322","Scutellaria galericulata","Scutellaria galericulata","y",0.1
"1227",612322,"U-P12322","Setaria parviflora","Setaria parviflora","+",1
"1228",612322,"U-P12322","Aster squamatus","Symphyotrichum squamatum","3",37.5
"1229",612323,"U-P12323","Amaranthus blitum","Amaranthus blitum","1",5
"1230",612323,"U-P12323","Bidens tripartita","Bidens tripartitus","4",62.5
"1231",612323,"U-P12323","Chenopodium album","Chenopodium album","1",5
"1232",612323,"U-P12323","Cyperus esculentus","Cyperus esculentus","1",5
"1233",612323,"U-P12323","Epilobium tetragonum","Epilobium tetragonum","1",5
"1234",612323,"U-P12323","Conyza canadensis","Erigeron canadensis","1",5
"1235",612323,"U-P12323","Filaginella uliginosa","Gnaphalium uliginosum","1",5
"1236",612323,"U-P12323","Lotus pedunculatus","Lotus pedunculatus","1",5
"1237",612323,"U-P12323","Lycopus europaeus","Lycopus europaeus","3",37.5
"1238",612323,"U-P12323","Lythrum junceum","Lythrum junceum","1",5
"1239",612323,"U-P12323","Lythrum salicaria","Lythrum salicaria","3",37.5
"1240",612323,"U-P12323","Mentha aquatica","Mentha aquatica","+",1
"1241",612323,"U-P12323","Mentha suaveolens","Mentha suaveolens","+",1
"1242",612323,"U-P12323","Persicaria lapathifolia","Persicaria lapathifolia","1",5
"1243",612323,"U-P12323","Plantago lanceolata","Plantago lanceolata","2",15
"1244",612323,"U-P12323","Solanum nigrum","Solanum nigrum","+",1
"1245",612324,"U-P12324","Alopecurus aequalis","Alopecurus aequalis","3",37.5
"1246",612324,"U-P12324","Bidens tripartita","Bidens tripartitus","2",15
"1247",612324,"U-P12324","Corrigiola littoralis","Corrigiola litoralis","+",1
"1248",612324,"U-P12324","Galium palustre","Galium palustre","+",1
"1249",612324,"U-P12324","Glyceria declinata","Glyceria declinata","4",62.5
"1250",612324,"U-P12324","Apium nodiflorum","Helosciadium nodiflorum","1",5
"1251",612324,"U-P12324","Lycopus europaeus","Lycopus europaeus","+",1
"1252",612324,"U-P12324","Lythrum salicaria","Lythrum salicaria","+",1
"1253",612324,"U-P12324","Persicaria hydropiper","Persicaria hydropiper","4",62.5
"1254",612324,"U-P12324","Persicaria lapathifolia","Persicaria lapathifolia","2",15
"1255",612324,"U-P12324","Rorippa palustris","Rorippa palustris","1",5
"1256",612324,"U-P12324","Spergularia purpurea","Spergularia purpurea","+",1
"1257",612324,"U-P12324","Veronica beccabunga","Veronica beccabunga","y",0.1
"1258",612325,"U-P12325","Bidens tripartita","Bidens tripartitus","5",87.5
"1259",612325,"U-P12325","Corrigiola littoralis","Corrigiola litoralis","1",5
"1260",612325,"U-P12325","Crocosmia xcrocosmiflora","Crocosmia x crocosmiiflora","y",0.1
"1261",612325,"U-P12325","Crypsis alopecuroides","Crypsis alopecuroides","y",0.1
"1262",612325,"U-P12325","Cyperus fuscus","Cyperus fuscus","y",0.1
"1263",612325,"U-P12325","Cyperus michelianus","Cyperus michelianus","+",1
"1264",612325,"U-P12325","Filaginella uliginosa","Gnaphalium uliginosum","5",87.5
"1265",612325,"U-P12325","Illecebrum verticillatum","Illecebrum verticillatum","+",1
"1266",612325,"U-P12325","Leersia oryzoides","Leersia oryzoides","+",1
"1267",612325,"U-P12325","Lindernia dubia","Lindernia dubia","1",5
"1268",612325,"U-P12325","Lysimachia vulgaris","Lysimachia vulgaris","1",5
"1269",612325,"U-P12325","Persicaria lapathifolia","Persicaria lapathifolia","3",37.5
"1270",612325,"U-P12325","Rorippa palustris","Rorippa palustris","+",1
"1271",612325,"U-P12325","Spergularia purpurea","Spergularia purpurea","2",15
"1272",612326,"U-P12326","Antinoria agrostidea","Antinoria agrostidea","+",1
"1273",612326,"U-P12326","Bidens tripartita","Bidens tripartitus","+",1
"1274",612326,"U-P12326","Corrigiola littoralis","Corrigiola litoralis","+",1
"1275",612326,"U-P12326","Filaginella uliginosa","Gnaphalium uliginosum","+",1
"1276",612326,"U-P12326","Illecebrum verticillatum","Illecebrum verticillatum","1",5
"1277",612326,"U-P12326","Juncus bulbosus","Juncus bulbosus","+",1
"1278",612326,"U-P12326","Lythrum portula","Lythrum portula","4",62.5
"1279",612326,"U-P12326","Persicaria hydropiper","Persicaria hydropiper","+",1
"1280",612326,"U-P12326","Persicaria lapathifolia","Persicaria lapathifolia","4",62.5
"1281",612326,"U-P12326","Polygonum rurivagum","Polygonum rurivagum","1",5
"1282",612326,"U-P12326","Rorippa palustris","Rorippa palustris","3",37.5
"1283",612326,"U-P12326","Spergularia purpurea","Spergularia purpurea","1",5
"1284",612327,"U-P12327","Bidens frondosa","Bidens frondosus","y",0.1
"1285",612327,"U-P12327","Bidens tripartita","Bidens tripartitus","1",5
"1286",612327,"U-P12327","Calystegia sepium","Calystegia sepium","+",1
"1287",612327,"U-P12327","Coleostephus myconis","Coleostephus myconis","1",5
"1288",612327,"U-P12327","Echium plantagineum","Echium plantagineum","1",5
"1289",612327,"U-P12327","Filaginella uliginosa","Gnaphalium uliginosum","+",1
"1290",612327,"U-P12327","Lycopus europaeus","Lycopus europaeus","5",87.5
"1291",612327,"U-P12327","Lythrum salicaria","Lythrum salicaria","2",15
"1292",612327,"U-P12327","Mentha aquatica","Mentha aquatica","2",15
"1293",612327,"U-P12327","Panicum capillare","Panicum capillare","y",0.1
"1294",612327,"U-P12327","Paspalum dilatatum","Paspalum dilatatum","+",1
"1295",612327,"U-P12327","Persicaria lapathifolia","Persicaria lapathifolia","+",1
"1296",612327,"U-P12327","Persicaria Xlenticularis","Persicaria maculosa x laphatifolia","+",1
"1297",612327,"U-P12327","Plantago lanceolata","Plantago lanceolata","+",1
"1298",612327,"U-P12327","Solanum nigrum","Solanum nigrum","+",1
"1299",612327,"U-P12327","Aster squamatus","Symphyotrichum squamatum","+",1
"1300",612328,"U-P12328","Agrostis stolonifera","Agrostis stolonifera","1",5
"1301",612328,"U-P12328","Bidens frondosa","Bidens frondosus","3",37.5
"1302",612328,"U-P12328","Bidens tripartita","Bidens tripartitus","2",15
"1303",612328,"U-P12328","Carex elata subsp. reuteriana","Carex reuteriana","+",1
"1304",612328,"U-P12328","Chamaemelum nobile","Chamaemelum nobile","3",37.5
"1305",612328,"U-P12328","Corrigiola littoralis","Corrigiola litoralis","1",5
"1306",612328,"U-P12328","Eleocharis multicaulis","Eleocharis multicaulis","1",5
"1307",612328,"U-P12328","Glyceria declinata","Glyceria declinata","+",1
"1308",612328,"U-P12328","Apium nodiflorum","Helosciadium nodiflorum","2",15
"1309",612328,"U-P12328","Lycopus europaeus","Lycopus europaeus","1",5
"1310",612328,"U-P12328","Lythrum salicaria","Lythrum salicaria","2",15
"1311",612328,"U-P12328","Mentha aquatica","Mentha aquatica","1",5
"1312",612328,"U-P12328","Mentha pulegium","Mentha pulegium","2",15
"1313",612328,"U-P12328","Persicaria hydropiper","Persicaria hydropiper","+",1
"1314",612328,"U-P12328","Persicaria lapathifolia","Persicaria lapathifolia","2",15
"1315",612328,"U-P12328","Rumex obtusifolius","Rumex obtusifolius","1",5
"1316",612329,"U-P12329","Bidens frondosa","Bidens frondosus","2",15
"1317",612329,"U-P12329","Bidens tripartita","Bidens tripartitus","3",37.5
"1318",612329,"U-P12329","Corrigiola littoralis","Corrigiola litoralis","1",5
"1319",612329,"U-P12329","Digitaria sanguinalis","Digitaria sanguinalis","1",5
"1320",612329,"U-P12329","Filaginella uliginosa","Gnaphalium uliginosum","1",5
"1321",612329,"U-P12329","Illecebrum verticillatum","Illecebrum verticillatum","+",1
"1322",612329,"U-P12329","Juncus tenageia","Juncus tenageia","+",1
"1323",612329,"U-P12329","Lycopus europaeus","Lycopus europaeus","+",1
"1324",612329,"U-P12329","Mentha pulegium","Mentha pulegium","+",1
"1325",612329,"U-P12329","Persicaria hydropiper","Persicaria hydropiper","+",1
"1326",612329,"U-P12329","Persicaria maculosa","Persicaria maculosa","4",62.5
"1327",612330,"U-P12330","Bidens frondosa","Bidens frondosus","5",87.5
"1328",612330,"U-P12330","Bidens tripartita","Bidens tripartitus","2",15
"1329",612330,"U-P12330","Calystegia sepium","Calystegia sepium","4",62.5
"1330",612330,"U-P12330","Coleostephus myconis","Coleostephus myconis","+",1
"1331",612330,"U-P12330","Corrigiola littoralis","Corrigiola litoralis","1",5
"1332",612330,"U-P12330","Cyperus longus","Cyperus longus","+",1
"1333",612330,"U-P12330","Digitaria sanguinalis","Digitaria sanguinalis","3",37.5
"1334",612330,"U-P12330","Equisetum arvense","Equisetum arvense","+",1
"1335",612330,"U-P12330","Fumaria muralis","Fumaria muralis","+",1
"1336",612330,"U-P12330","Filaginella uliginosa","Gnaphalium uliginosum","+",1
"1337",612330,"U-P12330","Lythrum salicaria","Lythrum salicaria","+",1
"1338",612330,"U-P12330","Poa annua","Ochlopoa annua","2",15
"1339",612330,"U-P12330","Persicaria hydropiper","Persicaria hydropiper","+",1
"1340",612330,"U-P12330","Phalaris arundinacea","Phalaroides arundinacea","+",1
"1341",612330,"U-P12330","Solanum nigrum","Solanum nigrum","+",1
"1342",612330,"U-P12330","Stellaria media","Stellaria media","1",5
