"","SIVIMID","Sintaxon","Alliance","Class","EUNIS","Area","Year","Longitude","Latitude","Accuracy","Elevation","Aspect","Slope","L1"
"1","NEW-OMAR-BA02","Picridi echioides-Melilotetum albi","Dauco-Melilotion","Artemisietea vulgaris",NA,200,1981,-5.707241301,43.32530597,"500",190,"",0,"Dauco-Melilotion"
"2","NEW-OMAR-BA12","Comunidad de Arctium minus y Artemisia vulgaris","Arction lappae","Epilobietea angustifolii",NA,4,1981,-5.707241301,43.32530597,"500",190,"",0,"Dauco-Melilotion"
"3","NEW-OMAR-PA97","Picridi echioides-Melilotetum albi","Dauco-Melilotion","Artemisietea vulgaris",NA,40,1981,-5.654043577,43.23651311,"500",360,"S",0,"Dauco-Melilotion"
"4","NEW-OMAR-PA98","Sisymbrio officinalis-Hordeetum murini","Sisymbrion officinalis","Sisymbrietea",NA,15,1981,-5.654043577,43.23651311,"500",360,"",0,"Dauco-Melilotion"
"5","NEW-OMAR-RE27","Comunidad de Poa annua","Polygono-Coronopodion","Polygono-Poetea annuae",NA,3,1981,-5.669491805,43.30818588,"500",225,"O",5,"Dauco-Melilotion"
"6","Q-P09154","Geranio lusitanici-Scrophularietum herminii","Arction lappae","Epilobietea angustifolii","V38",NA,2004,-8.142281322,42.04570422,"3 - UTM10x10 + Elevation",1050,"",NA,"Senecionion fluviatilis"
"7","Q-P09155","Geranio lusitanici-Scrophularietum herminii","Arction lappae","Epilobietea angustifolii","V38",NA,2004,-8.062724337,42.07805993,"3 - UTM10x10 + Elevation",990,"",NA,"Senecionion fluviatilis"
"8","Q-P09158","Geranio lusitanici-Scrophularietum herminii","Arction lappae","Epilobietea angustifolii","V38",NA,2004,-8.223140863,41.76475744,"3 - UTM10x10 + Elevation",650,"",NA,"Senecionion fluviatilis"
"9","Q-P09921","Parietarietum judaicae","Galio valantiae-Parietarion judaicae","Cymbalario-Parietarietea diffusae","V",1,2000,-6.860724682,41.86736218,"3 - UTM10x10 + Elevation",850,"S",90,"Allion triquetri"
"10","Q-P10094","Comunidad de Chaerophyllum temulum y Urtica dioica","Balloto-Conion maculati","Epilobietea angustifolii","R57",4,2000,-6.642501247,41.80066068,"3 - UTM10x10 + Elevation",860,"S",63,"Echio-Galactition tomentosae"
"11","Q-P13519","Allio triquetri-Urticetum membranaceae","Allion triquetri","Chenopodietea","V32",NA,2003,-8.860919048,41.84912089,"3 - UTM10x10 + Elevation",5,"",NA,"Allion triquetri"
"12","Q-P13524","Allio triquetri-Urticetum membranaceae","Allion triquetri","Chenopodietea","V32",NA,2003,-8.783882159,41.68920542,"3 - UTM10x10 + Elevation",5,"",NA,"Allion triquetri"
"13","Q-P13526","Allio triquetri-Urticetum membranaceae","Allion triquetri","Chenopodietea","V32",NA,2003,-8.591556494,40.99117886,"3 - UTM10x10 + Elevation",90,"",NA,"Allion triquetri"
"14","R-P07579","Polygono-Chenopodion polyspermi","Oxalidion europeae","Papaveretea rhoeadis","V",1,1949,-2.568802595,43.12655443,"4 - UTM10x10 + Centroid",304,"",NA,"Oxalidion europeae"
"15","R-P07580","Polygono-Chenopodion polyspermi","Oxalidion europeae","Papaveretea rhoeadis","R22",1,1949,-2.568802595,43.12655443,"4 - UTM10x10 + Centroid",304,"",NA,"Oxalidion europeae"
"16","R-P07581","Polygono-Chenopodion polyspermi","Oxalidion europeae","Papaveretea rhoeadis","R",1,1949,-2.568802595,43.12655443,"4 - UTM10x10 + Centroid",304,"",NA,"Oxalidion europeae"
"17","R-P07582","Polygono-Chenopodion polyspermi","Oxalidion europeae","Papaveretea rhoeadis","R",1,1949,-2.568802595,43.12655443,"4 - UTM10x10 + Centroid",304,"",NA,"Oxalidion europeae"
"18","R-P07583","Polygono-Chenopodion polyspermi","Oxalidion europeae","Papaveretea rhoeadis","R",1,1949,-2.568802595,43.12655443,"4 - UTM10x10 + Centroid",304,"",NA,"Oxalidion europeae"
"19","R-P07584","Polygono-Chenopodion polyspermi","Oxalidion europeae","Papaveretea rhoeadis","H25",1,1949,-2.568802595,43.12655443,"4 - UTM10x10 + Centroid",304,"",NA,"Oxalidion europeae"
"20","R-P07585","Polygono-Chenopodion polyspermi","Oxalidion europeae","Papaveretea rhoeadis","V",1,1949,-2.568802595,43.12655443,"4 - UTM10x10 + Centroid",304,"",NA,"Oxalidion europeae"
"21","R-P07586","Polygono-Chenopodion polyspermi","Oxalidion europeae","Papaveretea rhoeadis","R",1,1949,-2.568802595,43.12655443,"4 - UTM10x10 + Centroid",304,"",NA,"Oxalidion europeae"
"22","R-P07587","Polygono-Chenopodion polyspermi","Oxalidion europeae","Papaveretea rhoeadis","H25",1,1949,-2.568802595,43.12655443,"4 - UTM10x10 + Centroid",304,"",NA,"Oxalidion europeae"
"23","R-P07588","Polygono-Chenopodion polyspermi","Oxalidion europeae","Papaveretea rhoeadis","V",1,1949,-2.568802595,43.12655443,"4 - UTM10x10 + Centroid",304,"",NA,"Oxalidion europeae"
"24","R-P12749","Helmintio echioidis-Melilotetum albae","Dauco-Melilotion","Artemisietea vulgaris","V33",70,1997,-3.144630223,42.79502702,"4 - UTM10x10 + Centroid",520,"",NA,"Dauco-Melilotion"
"25","R-P12754","Helmintio echioidis-Melilotetum albae","Dauco-Melilotion","Artemisietea vulgaris","R1E",12,1997,-3.122531221,42.76080643,"3 - UTM10x10 + Elevation",530,"",NA,"Dauco-Melilotion"
"26","R-P12755","Helmintio echioidis-Melilotetum albae","Dauco-Melilotion","Artemisietea vulgaris","V38",20,1997,-3.144630223,42.79502702,"4 - UTM10x10 + Centroid",510,"",NA,"Dauco-Melilotion"
"27","R-P22294","Sisymbrio officinalis-Hordeetum murini","Sisymbrion officinalis","Sisymbrietea","V37",2,1999,-8.094693036,41.90378497,"1 - UTM1x1 + Elevation",392,"S",5,"Dauco-Melilotion"
"28","R-P27073","Coleostepho myconis-Galactitetum tomentosae","Echio-Galactition tomentosae","Chenopodietea","V33",10,1985,-5.814756567,43.6140776,"4 - UTM10x10 + Centroid",48,"",NA,"Echio-Galactition tomentosae"
"29","R-P27074","Coleostepho myconis-Galactitetum tomentosae","Echio-Galactition tomentosae","Chenopodietea","V",5,1985,-6.949739134,43.54130303,"4 - UTM10x10 + Centroid",47,"",NA,"Echio-Galactition tomentosae"
"30","R-P27079","Coleostepho myconis-Galactitetum tomentosae","Echio-Galactition tomentosae","Chenopodietea","V32",8,1985,-7.616743442,43.66705507,"3 - UTM10x10 + Elevation",40,"W",NA,"Echio-Galactition tomentosae"
"31","R-P27080","Coleostepho myconis-Galactitetum tomentosae","Echio-Galactition tomentosae","Chenopodietea","V33",20,1985,-8.084451059,43.65436324,"3 - UTM10x10 + Elevation",5,"NW",NA,"Echio-Galactition tomentosae"
"32","R-P27082","Coleostepho myconis-Galactitetum tomentosae","Echio-Galactition tomentosae","Chenopodietea","V32",20,1985,-8.927698183,42.76504137,"4 - UTM10x10 + Centroid",100,"",NA,"Echio-Galactition tomentosae"
"33","R-P27087","Coleostepho myconis-Galactitetum tomentosae","Echio-Galactition tomentosae","Chenopodietea","R",9,1985,-8.896225772,42.77268555,"3 - UTM10x10 + Elevation",35,"",5,"Echio-Galactition tomentosae"
"34","R-P27088","Coleostepho myconis-Galactitetum tomentosae","Echio-Galactition tomentosae","Chenopodietea","V33",15,1985,-9.024891352,42.66334622,"3 - UTM10x10 + Elevation",50,"",NA,"Echio-Galactition tomentosae"
"35","R-P27090","Coleostepho myconis-Galactitetum tomentosae","Echio-Galactition tomentosae","Chenopodietea","V32",20,1985,-8.730383271,42.29862745,"3 - UTM10x10 + Elevation",80,"NW",NA,"Echio-Galactition tomentosae"
"36","R-P27091","Coleostepho myconis-Galactitetum tomentosae","Echio-Galactition tomentosae","Chenopodietea","V32",10,1985,-7.868039742,42.34399505,"3 - UTM10x10 + Elevation",110,"",NA,"Echio-Galactition tomentosae"
"37","R-P27092","Coleostepho myconis-Galactitetum tomentosae","Echio-Galactition tomentosae","Chenopodietea","V32",10,1985,-8.218287074,43.28101945,"3 - UTM10x10 + Elevation",40,"SW",45,"Echio-Galactition tomentosae"
"38","R-P27093","Coleostepho myconis-Galactitetum tomentosae","Echio-Galactition tomentosae","Chenopodietea","V32",12,1985,-8.02739789,43.62448443,"3 - UTM10x10 + Elevation",170,"",NA,"Echio-Galactition tomentosae"
"39","R-P27096","Coleostepho myconis-Galactitetum tomentosae","Echio-Galactition tomentosae","Chenopodietea","V33",10,1985,-7.492084004,41.94706717,"4 - UTM10x10 + Centroid",515,"",NA,"Echio-Galactition tomentosae"
"40","R-P27097","Coleostepho myconis-Galactitetum tomentosae","Echio-Galactition tomentosae","Chenopodietea","V32",20,1985,-8.572186673,42.76671167,"4 - UTM10x10 + Centroid",147,"",NA,"Echio-Galactition tomentosae"
"41","R-P27098","Coleostepho myconis-Galactitetum tomentosae","Echio-Galactition tomentosae","Chenopodietea","V32",80,1985,-8.619651879,42.28071968,"3 - UTM10x10 + Elevation",40,"NE",NA,"Echio-Galactition tomentosae"
"42","R-P27099","Coleostepho myconis-Galactitetum tomentosae","Echio-Galactition tomentosae","Chenopodietea","R",10,1985,-8.603893194,42.26708981,"3 - UTM10x10 + Elevation",50,"",NA,"Echio-Galactition tomentosae"
"43","R-P27102","Coleostepho myconis-Galactitetum tomentosae","Echio-Galactition tomentosae","Chenopodietea","R22",12,1985,-5.814756567,43.6140776,"4 - UTM10x10 + Centroid",48,"",NA,"Echio-Galactition tomentosae"
"44","R-P27103","Coleostepho myconis-Galactitetum tomentosae","Echio-Galactition tomentosae","Chenopodietea","V",10,1985,-5.814756567,43.6140776,"4 - UTM10x10 + Centroid",48,"",NA,"Echio-Galactition tomentosae"
"45","R-P27105","Coleostepho myconis-Galactitetum tomentosae","Echio-Galactition tomentosae","Chenopodietea","V32",3,1985,-6.708298223,43.53800992,"4 - UTM10x10 + Centroid",71,"",NA,"Echio-Galactition tomentosae"
"46","R-P27106","Coleostepho myconis-Galactitetum tomentosae","Echio-Galactition tomentosae","Chenopodietea","V33",20,1985,-5.982601798,43.44749749,"4 - UTM10x10 + Centroid",325,"",NA,"Echio-Galactition tomentosae"
"47","R-P27107","Coleostepho myconis-Galactitetum tomentosae","Echio-Galactition tomentosae","Chenopodietea","V32",8,1985,-5.814756567,43.6140776,"4 - UTM10x10 + Centroid",48,"",NA,"Echio-Galactition tomentosae"
"48","S-P12113","Galactito tomentosae-Digitaletum purpureae","Arction lappae","Epilobietea angustifolii","R57",15,1975,-6.431495524,43.49997367,"3 - UTM10x10 + Elevation",50,"NW",15,"Senecionion fluviatilis"
"49","S-P12118","Galactito tomentosae-Digitaletum purpureae","Arction lappae","Epilobietea angustifolii","V38",20,1975,-6.999259579,43.55712554,"3 - UTM10x10 + Elevation",20,"",NA,"Echio-Galactition tomentosae"
"50","S-P12119","Galactito tomentosae-Digitaletum purpureae","Arction lappae","Epilobietea angustifolii","V38",20,1975,-6.663215521,43.5684033,"3 - UTM10x10 + Elevation",5,"SE",15,"Echio-Galactition tomentosae"
"51","S-P15118","Sisymbrio officinalis-Hordeetum murini","Sisymbrion officinalis","Sisymbrietea","V32",10,1967,-2.212078809,43.04632731,"1 - UTM1x1 + Elevation",160,"",NA,"Echio-Galactition tomentosae"
"52","S-P15123","Sisymbrio officinalis-Hordeetum murini","Sisymbrion officinalis","Sisymbrietea","V32",100,1967,-1.79821425,43.36509548,"1 - UTM1x1 + Elevation",2,"",NA,"Echio-Galactition tomentosae"
"53","S-P15151","Balloto-Conion maculati","Balloto-Conion maculati","Epilobietea angustifolii","V38",20,1967,-1.969251875,43.02998989,"1 - UTM1x1 + Elevation",480,"",NA,"Dauco-Melilotion"
"54","S-P15154","Urtico dioicae-Sambucetum ebuli","Balloto-Conion maculati","Epilobietea angustifolii","R55",20,1967,-2.262020399,43.18173316,"1 - UTM1x1 + Elevation",120,"",5,"Echio-Galactition tomentosae"
"55","S-P15158","Carduo nutantis-Cirsietum richterani","Cirsion richterano-chodati","Artemisietea vulgaris","R55",NA,1967,-2.255082735,42.9421568,"1 - UTM1x1 + Elevation",750,"",NA,"Echio-Galactition tomentosae"
"56","S-P18419","Bidentetea tripartitae","Bidention tripartitae","Bidentetea","V",15,1974,-5.945297316,43.16599674,"2 - UTM1x1 + Centroid",420,"W",NA,"Echio-Galactition tomentosae"
"57","S-P20228","Oxali-Parietarietum diffusae","Galio valantiae-Parietarion judaicae","Cymbalario-Parietarietea diffusae","H32d",10,1972,-8.810109025,42.32160787,"3 - UTM10x10 + Elevation",70,"SW",NA,"Senecionion fluviatilis"
"58","S-P20230","Oxali-Parietarietum diffusae","Galio valantiae-Parietarion judaicae","Cymbalario-Parietarietea diffusae","V15",10,1972,-8.82620396,42.25957595,"3 - UTM10x10 + Elevation",50,"S",NA,"Senecionion fluviatilis"
"59","S-P20361","Chrysanthemum segetum-Raphanetum","Scleranthion annui","Papaveretea rhoeadis","R",10,1972,-8.846578977,42.29634309,"3 - UTM10x10 + Elevation",20,"NW",NA,"Echio-Galactition tomentosae"
"60","S-P20363","Chrysanthemum segetum-Raphanetum","Scleranthion annui","Papaveretea rhoeadis","V32",10,1972,-8.692361542,42.22671075,"3 - UTM10x10 + Elevation",50,"S",NA,"Echio-Galactition tomentosae"
"61","S-P20364","Chrysanthemum segetum-Raphanetum","Scleranthion annui","Papaveretea rhoeadis","R22",10,1972,-8.695258067,42.23196771,"3 - UTM10x10 + Elevation",80,"E",NA,"Echio-Galactition tomentosae"
"62","S-P20365","Chrysanthemum segetum-Raphanetum","Scleranthion annui","Papaveretea rhoeadis","V15",5,1972,-8.741504596,42.42049594,"3 - UTM10x10 + Elevation",100,"N",NA,"Echio-Galactition tomentosae"
"63","S-P20366","Chrysanthemum segetum-Raphanetum","Scleranthion annui","Papaveretea rhoeadis","V32",8,1972,-8.671631958,42.29255581,"3 - UTM10x10 + Elevation",50,"NW",NA,"Echio-Galactition tomentosae"
"64","S-P20403","Panicum sanguinale-Mercurialis annua","Spergulo arvensis-Erodion cicutariae","Digitario sanguinalis-Eragrostietea minoris","V",10,1972,-8.754693811,42.19298353,"3 - UTM10x10 + Elevation",50,"E",NA,"Echio-Galactition tomentosae"
"65","S-P20406","Arundini-Convolvuletum sepium","Senecionion fluviatilis","Epilobietea angustifolii","V38",20,1972,-8.756626836,42.39993072,"3 - UTM10x10 + Elevation",15,"NE",NA,"Senecionion fluviatilis"
"66","S-P20407","Arundini-Convolvuletum sepium","Senecionion fluviatilis","Epilobietea angustifolii","V38",10,1972,-8.717336264,42.28847845,"3 - UTM10x10 + Elevation",20,"SW",NA,"Senecionion fluviatilis"
"67","S-P20408","Arundini-Convolvuletum sepium","Senecionion fluviatilis","Epilobietea angustifolii","V",10,1972,-8.745193175,42.40770778,"3 - UTM10x10 + Elevation",50,"N",NA,"Senecionion fluviatilis"
"68","S-P20409","Arundini-Convolvuletum sepium","Senecionion fluviatilis","Epilobietea angustifolii","V15",20,1972,-8.796984906,42.28446649,"3 - UTM10x10 + Elevation",100,"E",NA,"Senecionion fluviatilis"
"69","S-P20410","Arundini-Convolvuletum sepium","Senecionion fluviatilis","Epilobietea angustifolii","V",20,1972,-8.790511787,42.26679086,"3 - UTM10x10 + Elevation",100,"SE",NA,"Senecionion fluviatilis"
"70","S-P20411","Arundini-Convolvuletum sepium","Senecionion fluviatilis","Epilobietea angustifolii","V",20,1972,-8.806473068,42.28218448,"3 - UTM10x10 + Elevation",70,"NW",NA,"Senecionion fluviatilis"
"71","S-P20412","Arundini-Convolvuletum sepium","Senecionion fluviatilis","Epilobietea angustifolii","V",20,1972,-8.83651627,42.26625127,"3 - UTM10x10 + Elevation",80,"W",NA,"Senecionion fluviatilis"
"72","S-P20413","Arundini-Convolvuletum sepium","Senecionion fluviatilis","Epilobietea angustifolii","R",20,1972,-8.846578977,42.29634309,"3 - UTM10x10 + Elevation",20,"NE",NA,"Senecionion fluviatilis"
"73","S-P20414","Arundini-Convolvuletum sepium","Senecionion fluviatilis","Epilobietea angustifolii","V",20,1972,-8.813351438,42.33044482,"3 - UTM10x10 + Elevation",100,"S",NA,"Senecionion fluviatilis"
"74","S-P20415","Arundini-Convolvuletum sepium","Senecionion fluviatilis","Epilobietea angustifolii","R",20,1972,-8.661816316,42.31824822,"3 - UTM10x10 + Elevation",70,"SE",NA,"Senecionion fluviatilis"
"75","S-P20416","Arundini-Convolvuletum sepium","Senecionion fluviatilis","Epilobietea angustifolii","V39",20,1972,-8.672930964,42.3339008,"3 - UTM10x10 + Elevation",180,"S",NA,"Senecionion fluviatilis"
"76","S-P20417","Arundini-Convolvuletum sepium","Senecionion fluviatilis","Epilobietea angustifolii","V38",20,1972,-8.850740406,42.28892867,"3 - UTM10x10 + Elevation",100,"N",NA,"Senecionion fluviatilis"
"77","S-P20418","Arundini-Convolvuletum sepium","Senecionion fluviatilis","Epilobietea angustifolii","R55",20,1972,-8.761107417,42.1836586,"3 - UTM10x10 + Elevation",150,"SW",NA,"Senecionion fluviatilis"
"78","S-P20419","Arundini-Convolvuletum sepium","Senecionion fluviatilis","Epilobietea angustifolii","R",15,1972,-8.790022314,42.18219795,"3 - UTM10x10 + Elevation",50,"SW",NA,"Senecionion fluviatilis"
"79","S-P20420","Arundini-Convolvuletum sepium","Senecionion fluviatilis","Epilobietea angustifolii","V",20,1972,-8.672424391,42.22050003,"3 - UTM10x10 + Elevation",80,"S",NA,"Senecionion fluviatilis"
"80","S-P20421","Galactito tomentosae-Digitaletum purpureae","Arction lappae","Epilobietea angustifolii","R55",4,1972,-8.828947458,42.2630368,"3 - UTM10x10 + Elevation",50,"N",NA,"Senecionion fluviatilis"
"81","S-P20422","Galactito tomentosae-Digitaletum purpureae","Arction lappae","Epilobietea angustifolii","H25",4,1972,-8.821048616,42.25623789,"3 - UTM10x10 + Elevation",60,"E",NA,"Senecionion fluviatilis"
"82","S-P20423","Galactito tomentosae-Digitaletum purpureae","Arction lappae","Epilobietea angustifolii","V35",4,1972,-8.768052046,42.20671344,"3 - UTM10x10 + Elevation",50,"N",NA,"Echio-Galactition tomentosae"
"83","S-P20425","Galactito tomentosae-Digitaletum purpureae","Arction lappae","Epilobietea angustifolii","V37",7,1972,-8.681501241,42.40189058,"3 - UTM10x10 + Elevation",2,"W",NA,"Echio-Galactition tomentosae"
"84","S-P20426","Galactito tomentosae-Digitaletum purpureae","Arction lappae","Epilobietea angustifolii","Sa",7,1972,-8.746870682,42.34641016,"3 - UTM10x10 + Elevation",70,"SE",NA,"Echio-Galactition tomentosae"
"85","S-P20427","Galactito tomentosae-Digitaletum purpureae","Arction lappae","Epilobietea angustifolii","?",7,1972,-8.679197579,42.29578098,"3 - UTM10x10 + Elevation",80,"SE",NA,"Senecionion fluviatilis"
"86","S-P20428","Galactito tomentosae-Digitaletum purpureae","Arction lappae","Epilobietea angustifolii","V38",10,1972,-8.656824797,42.31669495,"3 - UTM10x10 + Elevation",15,"S",NA,"Echio-Galactition tomentosae"
"87","S-P20429","Galactito tomentosae-Digitaletum purpureae","Arction lappae","Epilobietea angustifolii","V32",9,1972,-8.675814513,42.28514656,"3 - UTM10x10 + Elevation",20,"N",NA,"Echio-Galactition tomentosae"
"88","S-P20430","Galactito tomentosae-Digitaletum purpureae","Arction lappae","Epilobietea angustifolii","R54",10,1972,-8.748958932,42.34270434,"3 - UTM10x10 + Elevation",20,"N",NA,"Senecionion fluviatilis"
"89","S-P20431","Galactito tomentosae-Digitaletum purpureae","Arction lappae","Epilobietea angustifolii","Sa",10,1972,-8.677976939,42.44347517,"3 - UTM10x10 + Elevation",50,"E",NA,"Senecionion fluviatilis"
"90","S-P20432","Galactito tomentosae-Digitaletum purpureae","Arction lappae","Epilobietea angustifolii","V",10,1972,-8.65296843,42.4357132,"3 - UTM10x10 + Elevation",70,"N",NA,"Echio-Galactition tomentosae"
"91","S-P20433","Galactito tomentosae-Digitaletum purpureae","Arction lappae","Epilobietea angustifolii","Sa",10,1972,-8.649416338,42.39627972,"3 - UTM10x10 + Elevation",120,"N",NA,"Senecionion fluviatilis"
"92","T-P05185","Helmintio echioidis-Melilotetum albae","Dauco-Melilotion","Artemisietea vulgaris","V38",25,1995,-3.43730551,43.37597667,"3 - UTM10x10 + Elevation",8,"",NA,"Dauco-Melilotion"
"93","T-P05187","Helmintio echioidis-Melilotetum albae","Dauco-Melilotion","Artemisietea vulgaris","V38",50,1995,-3.492142772,43.44058572,"2 - UTM1x1 + Centroid",8,"",NA,"Dauco-Melilotion"
"94","T-P05188","Helmintio echioidis-Melilotetum albae","Dauco-Melilotion","Artemisietea vulgaris","V38",20,1995,-3.457706304,43.4623392,"1 - UTM1x1 + Elevation",7,"",NA,"Dauco-Melilotion"
"95","T-P05189","Helmintio echioidis-Melilotetum albae","Dauco-Melilotion","Artemisietea vulgaris","V38",60,1995,-3.434182013,43.28414213,"1 - UTM1x1 + Elevation",40,"",NA,"Dauco-Melilotion"
"96","T-P05190","Helmintio echioidis-Melilotetum albae","Dauco-Melilotion","Artemisietea vulgaris","V33",60,1995,-3.44512037,43.43177403,"1 - UTM1x1 + Elevation",10,"",NA,"Dauco-Melilotion"
"97","T-P05191","Helmintio echioidis-Melilotetum albae","Dauco-Melilotion","Artemisietea vulgaris","?",10,1995,-3.45771989,43.46414002,"1 - UTM1x1 + Elevation",8,"",NA,"Dauco-Melilotion"
"98","T-P05192","Helmintio echioidis-Melilotetum albae","Dauco-Melilotion","Artemisietea vulgaris","V38",40,1995,-3.462678319,43.46592093,"1 - UTM1x1 + Elevation",10,"",NA,"Dauco-Melilotion"
"99","T-P05963","Chelidonio maji-Smyrnietum olusatri","Allion triquetri","Chenopodietea","V32",15,1997,-7.454478929,41.95207655,"3 - UTM10x10 + Elevation",500,"",0,"Allion triquetri"
"100","T-P05971","Chelidonio maji-Smyrnietum olusatri","Allion triquetri","Chenopodietea","V32",15,1997,-7.911564883,41.11408263,"3 - UTM10x10 + Elevation",100,"E",40,"Allion triquetri"
"101","T-P05973","Chelidonio maji-Smyrnietum olusatri","Allion triquetri","Chenopodietea","V32",10,1997,-8.781682515,42.27623972,"3 - UTM10x10 + Elevation",60,"N",20,"Allion triquetri"
"102","T-P05974","Chelidonio maji-Smyrnietum olusatri","Allion triquetri","Chenopodietea","V39",9,1997,-8.783931179,42.27432557,"3 - UTM10x10 + Elevation",70,"SE",80,"Allion triquetri"
"103","T-P05975","Chelidonio maji-Smyrnietum olusatri","Allion triquetri","Chenopodietea","V32",15,1997,-8.764134987,42.26992447,"3 - UTM10x10 + Elevation",60,"N",5,"Allion triquetri"
"104","T-P05976","Chelidonio maji-Smyrnietum olusatri","Allion triquetri","Chenopodietea","V32",25,1997,-8.67613738,42.28873135,"3 - UTM10x10 + Elevation",0,"",0,"Allion triquetri"
"105","T-P05977","Chelidonio maji-Smyrnietum olusatri","Allion triquetri","Chenopodietea","V32",10,1997,-8.722652234,42.29361361,"3 - UTM10x10 + Elevation",40,"SW",10,"Allion triquetri"
"106","T-P05978","Chelidonio maji-Smyrnietum olusatri","Allion triquetri","Chenopodietea","V32",4,1997,-8.581121353,42.3384208,"3 - UTM10x10 + Elevation",40,"",0,"Allion triquetri"
"107","T-P06607","Urtico dioicae-Sambucetum ebuli","Balloto-Conion maculati","Epilobietea angustifolii","R55",20,1995,-2.80786812,43.33883235,"2 - UTM1x1 + Centroid",3,"",NA,"Dauco-Melilotion"
"108","T-P11636","Chenopodio boni-henrici-Senecietum durieui","Arction lappae","Epilobietea angustifolii","R",10,1988,-5.830234263,42.91138143,"3 - UTM10x10 + Elevation",1550,"N",54,"Oxalidion europeae"
"109","T-P11931","Helmintio echioidis-Melilotetum albae","Dauco-Melilotion","Artemisietea vulgaris","V38",40,1988,-2.623897266,43.16368453,"3 - UTM10x10 + Elevation",130,"",NA,"Dauco-Melilotion"
"110","T-P11932","Helmintio echioidis-Melilotetum albae","Dauco-Melilotion","Artemisietea vulgaris","V38",30,1988,-2.49713252,43.02091985,"3 - UTM10x10 + Elevation",350,"",NA,"Dauco-Melilotion"
"111","T-P11933","Helmintio echioidis-Melilotetum albae","Dauco-Melilotion","Artemisietea vulgaris","V38",30,1988,-2.178016654,43.0226748,"3 - UTM10x10 + Elevation",190,"",NA,"Dauco-Melilotion"
"112","T-P11934","Helmintio echioidis-Melilotetum albae","Dauco-Melilotion","Artemisietea vulgaris","V38",20,1988,-2.422535962,43.12322415,"3 - UTM10x10 + Elevation",170,"",NA,"Dauco-Melilotion"
"113","T-P11936","Helmintio echioidis-Melilotetum albae","Dauco-Melilotion","Artemisietea vulgaris","V38",40,1988,-2.245079764,42.95830047,"3 - UTM10x10 + Elevation",520,"",NA,"Dauco-Melilotion"
"114","T-P11937","Helmintio echioidis-Melilotetum albae","Dauco-Melilotion","Artemisietea vulgaris","V38",30,1988,-2.579564002,43.17073406,"3 - UTM10x10 + Elevation",200,"",NA,"Dauco-Melilotion"
"115","T-P11938","Helmintio echioidis-Melilotetum albae","Dauco-Melilotion","Artemisietea vulgaris","V38",20,1988,-2.424606154,43.16465681,"3 - UTM10x10 + Elevation",360,"",NA,"Dauco-Melilotion"
"116","T-P11939","Helmintio echioidis-Melilotetum albae","Dauco-Melilotion","Artemisietea vulgaris","V38",30,1988,-2.47049379,43.26393038,"3 - UTM10x10 + Elevation",210,"",NA,"Dauco-Melilotion"
"117","T-P11941","Helmintio echioidis-Melilotetum albae","Dauco-Melilotion","Artemisietea vulgaris","R22",10,1988,-2.281938959,43.16204941,"3 - UTM10x10 + Elevation",240,"",NA,"Dauco-Melilotion"
"118","T-P11942","Helmintio echioidis-Melilotetum albae","Dauco-Melilotion","Artemisietea vulgaris","R22",20,1988,-2.317221109,43.08662466,"3 - UTM10x10 + Elevation",360,"",NA,"Dauco-Melilotion"
"119","T-P11943","Helmintio echioidis-Melilotetum albae","Dauco-Melilotion","Artemisietea vulgaris","V38",60,1988,-2.464754909,43.07480293,"3 - UTM10x10 + Elevation",220,"",NA,"Dauco-Melilotion"
"120","T-P11944","Helmintio echioidis-Melilotetum albae","Dauco-Melilotion","Artemisietea vulgaris","V38",30,1988,-2.477022668,43.07666064,"3 - UTM10x10 + Elevation",230,"",NA,"Dauco-Melilotion"
"121","T-P11945","Helmintio echioidis-Melilotetum albae","Dauco-Melilotion","Artemisietea vulgaris","V38",20,1988,-2.459825872,43.07658076,"3 - UTM10x10 + Elevation",210,"",NA,"Dauco-Melilotion"
"122","T-P11946","Helmintio echioidis-Melilotetum albae","Dauco-Melilotion","Artemisietea vulgaris","V38",20,1988,-2.43009541,43.10345131,"3 - UTM10x10 + Elevation",160,"",NA,"Dauco-Melilotion"
"123","T-P11947","Helmintio echioidis-Melilotetum albae","Dauco-Melilotion","Artemisietea vulgaris","V38",50,1988,-2.41354407,43.03493007,"3 - UTM10x10 + Elevation",250,"",NA,"Dauco-Melilotion"
"124","T-P11948","Helmintio echioidis-Melilotetum albae","Dauco-Melilotion","Artemisietea vulgaris","V38",20,1988,-2.716305692,42.86498298,"3 - UTM10x10 + Elevation",520,"",NA,"Dauco-Melilotion"
"125","T-P11949","Helmintio echioidis-Melilotetum albae","Dauco-Melilotion","Artemisietea vulgaris","V11",25,1988,-2.593534522,42.91864443,"3 - UTM10x10 + Elevation",600,"",NA,"Dauco-Melilotion"
"126","T-P11950","Helmintio echioidis-Melilotetum albae","Dauco-Melilotion","Artemisietea vulgaris","V38",20,1988,-2.391819254,43.24552983,"3 - UTM10x10 + Elevation",20,"",NA,"Dauco-Melilotion"
"127","T-P11951","Helmintio echioidis-Melilotetum albae","Dauco-Melilotion","Artemisietea vulgaris","V38",30,1988,-2.327175779,43.29919562,"3 - UTM10x10 + Elevation",10,"",NA,"Dauco-Melilotion"
"128","T-P11952","Helmintio echioidis-Melilotetum albae","Dauco-Melilotion","Artemisietea vulgaris","V",15,1988,-2.344492805,43.29389342,"3 - UTM10x10 + Elevation",130,"",NA,"Dauco-Melilotion"
"129","T-P11953","Helmintio echioidis-Melilotetum albae","Dauco-Melilotion","Artemisietea vulgaris","V33",25,1988,-2.406809509,43.22399729,"3 - UTM10x10 + Elevation",40,"",NA,"Dauco-Melilotion"
"130","T-P11957","Picrido hieracioidis-Eupatorietum cannabinii","Cynancho-Convolvulion sepium","Epilobietea angustifolii","R55",5,1988,-2.659930395,43.32047905,"3 - UTM10x10 + Elevation",40,"",NA,"Dauco-Melilotion"
"131","T-P17218","Arundini-Convolvuletum sepium","Senecionion fluviatilis","Epilobietea angustifolii","V",20,1975,-8.654418308,42.42483896,"3 - UTM10x10 + Elevation",15,"",NA,"Senecionion fluviatilis"
"132","T-P17219","Arundini-Convolvuletum sepium","Senecionion fluviatilis","Epilobietea angustifolii","V38",10,1975,-8.813848245,42.33582066,"3 - UTM10x10 + Elevation",20,"",NA,"Senecionion fluviatilis"
"133","T-P17222","Arundini-Convolvuletum sepium","Senecionion fluviatilis","Epilobietea angustifolii","V",20,1975,-8.807070288,42.26235004,"3 - UTM10x10 + Elevation",100,"",NA,"Senecionion fluviatilis"
"134","T-P17223","Arundini-Convolvuletum sepium","Senecionion fluviatilis","Epilobietea angustifolii","V",20,1975,-8.808852256,42.33427436,"3 - UTM10x10 + Elevation",70,"",NA,"Senecionion fluviatilis"
"135","T-P17224","Arundini-Convolvuletum sepium","Senecionion fluviatilis","Epilobietea angustifolii","V39",20,1975,-8.805710967,42.30022692,"3 - UTM10x10 + Elevation",80,"",NA,"Senecionion fluviatilis"
"136","T-P17227","Arundini-Convolvuletum sepium","Senecionion fluviatilis","Epilobietea angustifolii","R",20,1975,-8.678874459,42.29219622,"3 - UTM10x10 + Elevation",70,"",NA,"Senecionion fluviatilis"
"137","T-P17228","Arundini-Convolvuletum sepium","Senecionion fluviatilis","Epilobietea angustifolii","V39",20,1975,-8.716223267,42.3029373,"3 - UTM10x10 + Elevation",180,"",NA,"Senecionion fluviatilis"
"138","T-P17229","Arundini-Convolvuletum sepium","Senecionion fluviatilis","Epilobietea angustifolii","V38",20,1975,-8.80319532,42.32555992,"3 - UTM10x10 + Elevation",100,"",NA,"Senecionion fluviatilis"
"139","T-P17230","Arundini-Convolvuletum sepium","Senecionion fluviatilis","Epilobietea angustifolii","R55",20,1975,-8.797375012,42.31505309,"3 - UTM10x10 + Elevation",150,"",NA,"Senecionion fluviatilis"
"140","T-P22476","Fumario capreolatae-Veronicetum persicae","Oxalidion europeae","Papaveretea rhoeadis","V32",2,1986,-6.949739134,43.54130303,"4 - UTM10x10 + Centroid",47,"",NA,"Allion triquetri"
"141","T-P35967","Chenopodio boni-henrici-Senecietum durieui","Arction lappae","Epilobietea angustifolii","R",10,1983,-5.831939783,42.89513125,"1 - UTM1x1 + Elevation",1500,"N",54,"Oxalidion europeae"
"142","T-P36748","Comunidad de Dipsacus fullonum","Dauco-Melilotion","Artemisietea vulgaris","V33",100,1993,-7.506684798,42.55147473,"1 - UTM1x1 + Elevation",320,"E-SE",15,"Dauco-Melilotion"
"143","T-P36749","Comunidad de Dipsacus fullonum","Dauco-Melilotion","Artemisietea vulgaris","V37",60,1993,-7.504256247,42.55157042,"1 - UTM1x1 + Elevation",320,"SE",5,"Dauco-Melilotion"
"144","T-P36813","Coleostepho myconis-Galactitetum tomentosae","Echio-Galactition tomentosae","Chenopodietea","V37",80,1993,-7.504256247,42.55157042,"1 - UTM1x1 + Elevation",310,"",0,"Echio-Galactition tomentosae"
"145","T-P36815","Coleostepho myconis-Galactitetum tomentosae","Echio-Galactition tomentosae","Chenopodietea","V33",9,1993,-7.631960626,42.46723974,"2 - UTM1x1 + Centroid",220,"",0,"Echio-Galactition tomentosae"
"146","U-P13629","Picridio hieracioidis-Eupatorietum cannabini","Cynancho-Convolvulion sepium","Epilobietea angustifolii","R55",30,1994,-5.895010627,43.35096224,"1 - UTM1x1 + Elevation",250,"NW",2,"Dauco-Melilotion"
