SIVIMID,Original.Taxon,Analysis.Names,Cover.percent
NEW-OMAR-PA104,achillea millefolium,Achillea millefolium,5
NEW-OMAR-BA13,Alliaria petiolata,Alliaria petiolata,5
NEW-OMAR-BA02,Anagallis arvensis,Anagallis arvensis,5
NEW-OMAR-BA13,Anisantha diandra,Anisantha diandra,5
NEW-OMAR-BA58,Anisantha madritensis,Anisantha madritensis,5
NEW-OMAR-PA102,Anisantha madritensis,Anisantha madritensis,5
NEW-OMAR-LF95,Anisantha madritensis,Anisantha madritensis,5
NEW-OMAR-BA12,Anisantha rigida,Anisantha rigida,5
NEW-OMAR-BA13,Anisantha rigida,Anisantha rigida,5
NEW-OMAR-BA13,Anisantha sterilis,Anisantha sterilis,5
NEW-OMAR-PA35,Anthemis arvensis,Anthemis arvensis,5
NEW-OMAR-BA05,Amaranthus quitensis,Amaranthus hybridus aggr.,37.5
NEW-OMAR-PA102,Artemisia vulgaris,Artemisia vulgaris,5
NEW-OMAR-BA12,Artemisia vulgaris,Artemisia vulgaris,5
NEW-OMAR-PA97,Artemisia vulgaris,Artemisia vulgaris,5
NEW-OMAR-CC86,Asplenium trichomanes,Asplenium trichomanes,5
NEW-OMAR-CA02,Carex cuprina,Carex cuprina,1
NEW-OMAR-LF109,Avena barbata,Avena barbata,5
NEW-OMAR-PA98,Avena sterilis,Avena sterilis,5
NEW-OMAR-BA20,Bellis perennis,Bellis perennis,5
NEW-OMAR-BA02,Arctium minus,Arctium minus,5
NEW-OMAR-PA102,Arctium minus,Arctium minus,5
NEW-OMAR-LF109,Arctium minus,Arctium minus,37.5
NEW-OMAR-BA15,Arctium minus,Arctium minus,62.5
NEW-OMAR-LF109,Bidens aurea,Bidens aureus,5
NEW-OMAR-TU92,Agrostis curtisii,Agrostis curtisii aggr.,1
NEW-OMAR-CA02,Dipsacus fullonum,Dipsacus fullonum,1
NEW-OMAR-LF109,Calystegia sepium,Calystegia sepium,5
NEW-OMAR-BA106,Calystegia sepium,Calystegia sepium,5
NEW-OMAR-LF95,Arctium minus,Arctium minus,62.5
NEW-OMAR-PA97,Arctium minus,Arctium minus,1
NEW-OMAR-BA38,Cardamine hirsuta,Cardamine hirsuta,5
NEW-OMAR-BA05,Cardamine hirsuta,Cardamine hirsuta,5
NEW-OMAR-CA02,Poa trivialis,Poa trivialis,1
NEW-OMAR-BA106,Carex pendula,Carex pendula,5
NEW-OMAR-PA104,Centaurea nigra ,Centaurea nigra,5
NEW-OMAR-BA02,Centaurium erythraea,Centaurium erythraea,5
NEW-OMAR-BA12,Centranthus calcitrapae,Centranthus calcitrapae,5
NEW-OMAR-BA12,Ceratochloa cathartica,Ceratochloa cathartica,5
NEW-OMAR-PA97,Ceratochloa cathartica,Ceratochloa cathartica,5
NEW-OMAR-BA02,Chenopodium ambrosioides,Dysphania ambrosioides,5
NEW-OMAR-BA05,Cirsium arvense,Cirsium arvense,5
NEW-OMAR-BA08,Arum italicum subsp. neglectum,Arum italicum,5
NEW-OMAR-CA07,Potentilla reptans,Potentilla reptans,1
NEW-OMAR-BA02,Cirsium vulgare ,Cirsium vulgare,5
NEW-OMAR-BA15,Cirsium vulgare ,Cirsium vulgare,5
NEW-OMAR-BA12,Cirsium vulgare ,Cirsium vulgare,5
NEW-OMAR-PA102,Cirsium vulgare ,Cirsium vulgare,5
NEW-OMAR-BA42,Coronopus didymus,Lepidium didymum,5
NEW-OMAR-BA05,Coronopus didymus,Lepidium didymum,5
NEW-OMAR-CC86,Cymbalaria muralis,Cymbalaria muralis,5
NEW-OMAR-MO01,Helminthotheca echioides ,Helminthotheca echioides,1
NEW-OMAR-MO01,Hypochaeris radicata ,Hypochaeris radicata,1
NEW-OMAR-PA97,Dactylis glomerata,Dactylis glomerata,5
NEW-OMAR-PA30,Dactylis glomerata,Dactylis glomerata,5
NEW-OMAR-MO03,Dactylis glomerata,Dactylis glomerata,1
NEW-OMAR-BA12,Dactylis glomerata,Dactylis glomerata,5
NEW-OMAR-BA12,Daucus carota,Daucus carota,5
NEW-OMAR-MO04,Bromus hordeaceus ,Bromus hordeaceus,1
NEW-OMAR-PA102,Daucus carota,Daucus carota,5
NEW-OMAR-MO04,Dactylis glomerata,Dactylis glomerata,1
NEW-OMAR-BA02,Daucus carota,Daucus carota,5
NEW-OMAR-PA35,Daucus carota,Daucus carota,5
NEW-OMAR-PA98,Diplotaxis tenuifolia,Diplotaxis tenuifolia,5
NEW-OMAR-PA97,Dipsacus fullonum,Dipsacus fullonum,5
NEW-OMAR-BA13,Dipsacus fullonum,Dipsacus fullonum,5
NEW-OMAR-BA02,Dipsacus fullonum,Dipsacus fullonum,5
NEW-OMAR-PA102,Dipsacus fullonum,Dipsacus fullonum,5
NEW-OMAR-MO04,Dittrichia viscosa ,Dittrichia viscosa,1
NEW-OMAR-LF95,Dipsacus fullonum,Dipsacus fullonum,5
NEW-OMAR-BA02,Dittrichia graveolens,Dittrichia graveolens,5
NEW-OMAR-MO04,Helminthotheca echioides ,Helminthotheca echioides,1
NEW-OMAR-MO04,Medicago sativa ,Medicago sativa,1
NEW-OMAR-PA97,Echium vulgare,Echium vulgare,5
NEW-OMAR-BA05,Equisetum telmateia,Equisetum telmateia,5
NEW-OMAR-BA42,Erigeron canadensis,Erigeron canadensis,5
NEW-OMAR-BA15,Erigeron canadensis,Erigeron canadensis,5
NEW-OMAR-MO04,Prunella vulgaris ,Prunella vulgaris,1
NEW-OMAR-BA06,Euphorbia helioscopia,Euphorbia helioscopia,5
NEW-OMAR-PA35,Euphorbia helioscopia,Euphorbia helioscopia,5
NEW-OMAR-BA06,Euphorbia peplus,Euphorbia peplus,5
NEW-OMAR-BA05,Euphorbia peplus,Euphorbia peplus,5
NEW-OMAR-BA38,Euphorbia peplus,Euphorbia peplus,5
NEW-OMAR-BA12,Euphorbia platyphyllos,Euphorbia platyphyllos,5
NEW-OMAR-BA42,Fumaria muralis,Fumaria muralis,5
NEW-OMAR-BA13,Galium aparine,Galium aparine,5
NEW-OMAR-BA12,Galium aparine,Galium aparine,5
NEW-OMAR-BA106,Galium aparine,Galium aparine,5
NEW-OMAR-BA12,Geranium purpureum,Geranium purpureum,5
NEW-OMAR-BA58,Geranium robertianum,Geranium robertianum,5
NEW-OMAR-PA97,Helminthotheca echioides,Helminthotheca echioides,5
NEW-OMAR-MO05,Dactylis glomerata,Dactylis glomerata,1
NEW-OMAR-MO05,Daucus carota,Daucus carota,1
NEW-OMAR-MO05,Holcus lanatus ,Holcus lanatus,1
NEW-OMAR-MO05,Trifolium pratense ,Trifolium pratense,1
NEW-OMAR-MO06,Dittrichia viscosa ,Dittrichia viscosa,1
NEW-OMAR-PA97,Hirschfeldia incana ,Hirschfeldia incana,5
NEW-OMAR-BA13,Hirschfeldia incana ,Hirschfeldia incana,5
NEW-OMAR-PA30,Hirschfeldia incana ,Hirschfeldia incana,5
NEW-OMAR-MO06,Helminthotheca echioides ,Helminthotheca echioides,1
NEW-OMAR-PA104,Holcus lanatus ,Holcus lanatus,5
NEW-OMAR-PA98,Holcus lanatus ,Holcus lanatus,5
NEW-OMAR-PA97,Holcus lanatus ,Holcus lanatus,5
NEW-OMAR-MO06,Holcus lanatus ,Holcus lanatus,1
NEW-OMAR-PA98,Hordeum murinum,Hordeum murinum,5
NEW-OMAR-BA02,Hypericum perforatum,Hypericum perforatum,5
NEW-OMAR-PA104,Hypericum perforatum,Hypericum perforatum,5
NEW-OMAR-MO06,Hypochaeris radicata ,Hypochaeris radicata,1
NEW-OMAR-MO06,Lolium perenne ,Lolium perenne,1
NEW-OMAR-BA12,Inula montana,Inula montana,5
NEW-OMAR-LF95,Inula montana,Inula montana,5
NEW-OMAR-BA02,Juncus conglomeratus,Juncus conglomeratus,5
NEW-OMAR-RE27,Lactuca serriola ,Lactuca serriola,5
NEW-OMAR-BA02,Lactuca serriola ,Lactuca serriola,5
NEW-OMAR-BA43,Lapsana communis,Lapsana communis,5
NEW-OMAR-CA09,Alnus glutinosa,Alnus glutinosa aggr.,25
NEW-OMAR-BA13,Lolium multiflorum,Lolium multiflorum,5
NEW-OMAR-PA98,Lolium perenne ,Lolium perenne,5
NEW-OMAR-BA06,Lolium perenne ,Lolium perenne,5
NEW-OMAR-BA02,Lolium perenne ,Lolium perenne,5
NEW-OMAR-LF10,Lolium perenne ,Lolium perenne,5
NEW-OMAR-MO06,Medicago polymorpha ,Medicago polymorpha,1
NEW-OMAR-BA38,Lolium perenne ,Lolium perenne,5
NEW-OMAR-CA08,Alnus glutinosa,Alnus glutinosa aggr.,60
Xixon28,Alnus glutinosa,Alnus glutinosa aggr.,40.1
NEW-OMAR-BA02,Medicago lupulina,Medicago lupulina,5
NEW-OMAR-BA12,Medicago lupulina,Medicago lupulina,5
NEW-OMAR-MO07,Daucus carota,Daucus carota,1
NEW-OMAR-MO08,Helminthotheca echioides ,Helminthotheca echioides,1
NEW-OMAR-MO08,Medicago sativa ,Medicago sativa,1
NEW-OMAR-PA104,Melilotus albus,Melilotus albus,5
NEW-OMAR-PA97,Melilotus albus,Melilotus albus,5
NEW-OMAR-BA13,Melilotus albus,Melilotus albus,5
NEW-OMAR-BA12,Melilotus albus,Melilotus albus,5
NEW-OMAR-BA02,Melilotus indicus,Melilotus indicus,5
NEW-OMAR-BA02,Mentha suaveolens,Mentha suaveolens,5
NEW-OMAR-BA08,Mentha suaveolens,Mentha suaveolens,5
NEW-OMAR-BA05,Mercurialis annua,Mercurialis annua,5
NEW-OMAR-BA06,Mercurialis annua,Mercurialis annua,5
NEW-OMAR-BA12,Ochlopoa annua,Ochlopoa annua,5
NEW-OMAR-BA05,Ochlopoa annua,Ochlopoa annua,5
NEW-OMAR-BA06,Ochlopoa annua,Ochlopoa annua,5
NEW-OMAR-BA34,Ochlopoa annua,Ochlopoa annua,5
NEW-OMAR-BA38,Ochlopoa annua,Ochlopoa annua,5
NEW-OMAR-PA97,Oenothera glazioviana,Oenothera glazioviana,5
NEW-OMAR-PA35,Oxalis corniculata,Oxalis corniculata,5
NEW-OMAR-PA102,Persicaria maculosa,Persicaria maculosa,5
NEW-OMAR-MO08,Trifolium campestre ,Trifolium campestre,1
NEW-OMAR-BA15,Piptatherum miliaceum ,Piptatherum miliaceum,5
NEW-OMAR-MO09,Plantago lanceolata ,Plantago lanceolata,1
NEW-OMAR-BA02,Plantago lanceolata ,Plantago lanceolata,5
NEW-OMAR-MO09,Trifolium campestre ,Trifolium campestre,1
NEW-OMAR-BA02,Plantago major,Plantago major,5
NEW-OMAR-PA98,Plantago major,Plantago major,5
NEW-OMAR-BA15,Plantago major,Plantago major,5
NEW-OMAR-BA20,Plantago major,Plantago major,5
NEW-OMAR-RE27,Plantago major,Plantago major,5
NEW-OMAR-MO10,Avena barbata,Avena barbata,1
NEW-OMAR-PA98,Polypogon monspeliensis,Polypogon monspeliensis,5
NEW-OMAR-BA02,Potentilla reptans,Potentilla reptans,5
NEW-OMAR-MO10,Helminthotheca echioides ,Helminthotheca echioides,1
NEW-OMAR-NI01,Cirsium vulgare ,Cirsium vulgare,1
NEW-OMAR-BA08,Pulicaria dysenterica,Pulicaria dysenterica,5
NEW-OMAR-BA20,Ranunculus repens,Ranunculus repens,5
NEW-OMAR-BA43,Ranunculus repens,Ranunculus repens,5
NEW-OMAR-PA68,Asplenium adiantum-nigrum,Asplenium adiantum-nigrum aggr.,1
NEW-OMAR-BA02,Blackstonia perfoliata ,Blackstonia perfoliata aggr.,5
NEW-OMAR-CA04,Blackstonia perfoliata ,Blackstonia perfoliata aggr.,3
NEW-OMAR-BA13,Rumex crispus,Rumex crispus,5
NEW-OMAR-MO09,Blackstonia perfoliata ,Blackstonia perfoliata aggr.,0.5
NEW-OMAR-BA12,Schedonorus arundinaceus,Schedonorus arundinaceus,5
NEW-OMAR-NI01,Erigeron sumatrensis,Erigeron sumatrensis,1
NEW-OMAR-BA06,Senecio vulgaris,Senecio vulgaris,5
NEW-OMAR-BA34,Senecio vulgaris,Senecio vulgaris,5
NEW-OMAR-PA98,Sisymbrium officinale,Sisymbrium officinale,5
NEW-OMAR-PA97,Sisymbrium officinale,Sisymbrium officinale,5
NEW-OMAR-LF10,Sisymbrium officinale,Sisymbrium officinale,5
NEW-OMAR-BA38,Sonchus asper,Sonchus asper,5
NEW-OMAR-BA43,Sonchus asper,Sonchus asper,5
NEW-OMAR-BA06,Sonchus oleraceus,Sonchus oleraceus,5
NEW-OMAR-BA38,Sonchus oleraceus,Sonchus oleraceus,5
NEW-OMAR-BA43,Sonchus oleraceus,Sonchus oleraceus,5
NEW-OMAR-BA34,Stachys arvensis,Stachys arvensis,5
NEW-OMAR-BA42,Stellaria media,Stellaria media,5
NEW-OMAR-BA38,Stellaria media,Stellaria media,5
NEW-OMAR-BA05,Stellaria media,Stellaria media,5
NEW-OMAR-BA02,Symphyotrichum squamatum,Symphyotrichum squamatum,5
NEW-OMAR-PA68,Teucrium scorodonia,Teucrium scorodonia,5
NEW-OMAR-LF95,Torilis japonica,Torilis japonica,5
NEW-OMAR-NI01,Sedum album ,Sedum album,1
NEW-OMAR-PA104,Trifolium campestre ,Trifolium campestre,5
NEW-OMAR-NI06,Plantago lanceolata ,Plantago lanceolata,1
NEW-OMAR-BA02,Trifolium repens,Trifolium repens,5
NEW-OMAR-BA15,Tussilago farfara,Tussilago farfara,5
NEW-OMAR-CA05,Carex cuprina,Carex cuprina,2
NEW-OMAR-CA05,Poa trivialis,Poa trivialis,2
NEW-OMAR-CA05,Potentilla reptans,Potentilla reptans,2
NEW-OMAR-PA68,Umbilicus rupestris,Umbilicus rupestris,5
NEW-OMAR-BA13,Urtica dioica,Urtica dioica,5
NEW-OMAR-BA15,Urtica dioica,Urtica dioica,5
NEW-OMAR-MO02,Helminthotheca echioides ,Helminthotheca echioides,2
NEW-OMAR-PA30,Verbena officinalis,Verbena officinalis,5
NEW-OMAR-BA15,Verbena officinalis,Verbena officinalis,5
NEW-OMAR-BA38,Veronica persica,Veronica persica,5
NEW-OMAR-PA35,Veronica persica,Veronica persica,5
NEW-OMAR-BA43,Veronica persica,Veronica persica,5
NEW-OMAR-MO03,Holcus lanatus ,Holcus lanatus,2
NEW-OMAR-PA35,Capsella bursa-pastoris subsp. bursa-pastoris,Capsella bursa-pastoris,5
NEW-OMAR-BA06,Capsella bursa-pastoris subsp. bursa-pastoris,Capsella bursa-pastoris,5
NEW-OMAR-PA98,Agrostis capillaris,Agrostis capillaris,15
NEW-OMAR-PA98,Anisantha madritensis,Anisantha madritensis,15
NEW-OMAR-BA42,Capsella bursa-pastoris subsp. bursa-pastoris,Capsella bursa-pastoris,5
NEW-OMAR-BA05,Capsella bursa-pastoris subsp. bursa-pastoris,Capsella bursa-pastoris,5
NEW-OMAR-BA34,Capsella bursa-pastoris subsp. bursa-pastoris,Capsella bursa-pastoris,1
NEW-OMAR-LF10,Capsella bursa-pastoris subsp. rubella,Capsella bursa-pastoris,1
NEW-OMAR-PA104,Artemisia vulgaris,Artemisia vulgaris,15
NEW-OMAR-BA13,Calystegia sepium,Calystegia sepium,15
NEW-OMAR-BA42,Cardamine hirsuta,Cardamine hirsuta,15
NEW-OMAR-MO07,Dittrichia viscosa ,Dittrichia viscosa,2
NEW-OMAR-BA34,Cerastium fontanum,Cerastium fontanum,15
NEW-OMAR-TU92,Cymbalaria muralis,Cymbalaria muralis,15
NEW-OMAR-MO07,Helminthotheca echioides ,Helminthotheca echioides,2
NEW-OMAR-BA15,Dipsacus fullonum,Dipsacus fullonum,15
NEW-OMAR-PA104,Dipsacus fullonum,Dipsacus fullonum,15
NEW-OMAR-NI03,Daucus carota,Daucus carota,2
NEW-OMAR-BA02,Erigeron bonariensis,Erigeron bonariensis,15
NEW-OMAR-BA05,Euphorbia helioscopia,Euphorbia helioscopia,15
NEW-OMAR-BA43,Euphorbia peplus,Euphorbia peplus,15
NEW-OMAR-PA35,Euphorbia peplus,Euphorbia peplus,15
NEW-OMAR-BA58,Galium aparine,Galium aparine,15
NEW-OMAR-NI05,Holcus lanatus ,Holcus lanatus,2
NEW-OMAR-CA02,Schedonorus arundinaceus,Schedonorus arundinaceus,3
NEW-OMAR-BA12,Hirschfeldia incana ,Hirschfeldia incana,15
NEW-OMAR-BA15,Hirschfeldia incana ,Hirschfeldia incana,15
Xixon11,Blackstonia perfoliata,Blackstonia perfoliata aggr.,5
NEW-OMAR-CA05,Dipsacus fullonum,Dipsacus fullonum,3
NEW-OMAR-BA12,Holcus lanatus ,Holcus lanatus,15
NEW-OMAR-LF10,Hordeum murinum,Hordeum murinum,15
NEW-OMAR-BA12,Lolium multiflorum,Lolium multiflorum,15
NEW-OMAR-PA97,Melilotus indicus,Melilotus indicus,15
NEW-OMAR-PA35,Mercurialis annua,Mercurialis annua,15
NEW-OMAR-BA34,Mercurialis annua,Mercurialis annua,15
NEW-OMAR-BA20,Ochlopoa annua,Ochlopoa annua,15
NEW-OMAR-LF10,Ochlopoa annua,Ochlopoa annua,15
NEW-OMAR-BA34,Oxalis corniculata,Oxalis corniculata,15
NEW-OMAR-PA98,Piptatherum miliaceum ,Piptatherum miliaceum,15
NEW-OMAR-PA97,Piptatherum miliaceum ,Piptatherum miliaceum,15
NEW-OMAR-BA12,Piptatherum miliaceum ,Piptatherum miliaceum,15
NEW-OMAR-CA05,Mentha suaveolens,Mentha suaveolens,3
NEW-OMAR-MO01,Medicago sativa ,Medicago sativa,3
NEW-OMAR-BA38,Senecio vulgaris,Senecio vulgaris,15
NEW-OMAR-BA42,Senecio vulgaris,Senecio vulgaris,15
NEW-OMAR-PA35,Senecio vulgaris,Senecio vulgaris,15
NEW-OMAR-PA35,Sonchus oleraceus,Sonchus oleraceus,15
NEW-OMAR-BA34,Stellaria media,Stellaria media,15
NEW-OMAR-PA35,Stellaria media,Stellaria media,15
NEW-OMAR-BA106,Urtica dioica,Urtica dioica,15
NEW-OMAR-BA58,Urtica dioica,Urtica dioica,15
NEW-OMAR-LF95,Urtica dioica,Urtica dioica,15
NEW-OMAR-BA02,Agrostis canina,Agrostis canina,37.5
NEW-OMAR-BA13,Artemisia vulgaris,Artemisia vulgaris,37.5
Xixon15,Blackstonia perfoliata,Blackstonia perfoliata aggr.,5
NEW-OMAR-MO03,Helminthotheca echioides ,Helminthotheca echioides,3
NEW-OMAR-BA43,Brassica napus var. napus,Brassica napus,37.5
NEW-OMAR-LF109,Conium maculatum,Conium maculatum,37.5
NEW-OMAR-MO03,Plantago major,Plantago major,3
NEW-OMAR-BA106,Equisetum telmateia,Equisetum telmateia,37.5
NEW-OMAR-PA102,Galium aparine,Galium aparine,37.5
NEW-OMAR-MO06,Trifolium pratense ,Trifolium pratense,3
NEW-OMAR-NI02,Lactuca serriola ,Lactuca serriola,3
NEW-OMAR-BA58,Hirschfeldia incana ,Hirschfeldia incana,37.5
NEW-OMAR-BA02,Hirschfeldia incana ,Hirschfeldia incana,37.5
NEW-OMAR-NI03,Piptatherum miliaceum ,Piptatherum miliaceum,3
NEW-OMAR-PA35,Lapsana communis,Lapsana communis,37.5
NEW-OMAR-NI05,Gastridium ventricosum ,Gastridium ventricosum,3
Xixon17,Blackstonia perfoliata,Blackstonia perfoliata aggr.,1
NEW-OMAR-BA43,Mercurialis annua,Mercurialis annua,37.5
NEW-OMAR-PA30,Ochlopoa annua,Ochlopoa annua,37.5
NEW-OMAR-RE27,Ochlopoa annua,Ochlopoa annua,37.5
NEW-OMAR-CA02,Holcus lanatus ,Holcus lanatus,5
NEW-OMAR-BA02,Piptatherum miliaceum ,Piptatherum miliaceum,37.5
NEW-OMAR-CA02,Plantago lanceolata ,Plantago lanceolata,5
NEW-OMAR-LF10,Plantago major,Plantago major,37.5
NEW-OMAR-BA42,Polycarpon tetraphyllum,Polycarpon tetraphyllum,37.5
NEW-OMAR-CA03,Carex pendula,Carex pendula,5
NEW-OMAR-CA03,Dactylis glomerata,Dactylis glomerata,5
NEW-OMAR-BA43,Senecio vulgaris,Senecio vulgaris,37.5
NEW-OMAR-BA05,Sonchus oleraceus,Sonchus oleraceus,37.5
NEW-OMAR-PA98,Trifolium dubium,Trifolium dubium,37.5
NEW-OMAR-CA03,Holcus lanatus ,Holcus lanatus,5
Xixon19,Blackstonia perfoliata,Blackstonia perfoliata aggr.,1
Xixon20,Blackstonia perfoliata,Blackstonia perfoliata aggr.,2
NEW-OMAR-CA05,Schedonorus arundinaceus,Schedonorus arundinaceus,5
NEW-OMAR-BA08,Equisetum telmateia,Equisetum telmateia,62.5
NEW-OMAR-BA06,Stellaria media,Stellaria media,62.5
NEW-OMAR-BA58,Symphyotrichum squamatum,Symphyotrichum squamatum,62.5
NEW-OMAR-CA06,Dactylis glomerata,Dactylis glomerata,5
NEW-OMAR-CA06,Mentha suaveolens,Mentha suaveolens,5
Xixon21,Blackstonia perfoliata,Blackstonia perfoliata aggr.,0.1
NEW-OMAR-CA09,Juncus inflexus,Juncus inflexus,5
NEW-OMAR-CA10,Trifolium pratense ,Trifolium pratense,5
Xixon23,Blackstonia perfoliata,Blackstonia perfoliata aggr.,1
NEW-OMAR-MO01,Dittrichia viscosa ,Dittrichia viscosa,5
NEW-OMAR-MO02,Holcus lanatus ,Holcus lanatus,5
NEW-OMAR-MO03,Trifolium pratense ,Trifolium pratense,5
NEW-OMAR-MO05,Helminthotheca echioides ,Helminthotheca echioides,5
NEW-OMAR-MO05,Hypochaeris radicata ,Hypochaeris radicata,5
NEW-OMAR-MO06,Melilotus albus,Melilotus albus,5
NEW-OMAR-MO07,Trifolium pratense ,Trifolium pratense,5
NEW-OMAR-MO10,Lotus corniculatus subsp. corniculatus,Lotus corniculatus,5
NEW-OMAR-MO10,Melilotus albus,Melilotus albus,5
NEW-OMAR-NI02,Andryala integrifolia ,Andryala integrifolia,5
Xixon31,Blackstonia perfoliata,Blackstonia perfoliata aggr.,1
Xixon05,Brachypodium pinnatum,Brachypodium pinnatum aggr.,1
NEW-OMAR-NI04,Plantago lanceolata ,Plantago lanceolata,5
NEW-OMAR-NI05,Centaurea nigra ,Centaurea nigra,5
NEW-OMAR-NI05,Helminthotheca echioides ,Helminthotheca echioides,5
NEW-OMAR-NI05,Trifolium campestre ,Trifolium campestre,5
NEW-OMAR-NI07,Centaurea nigra ,Centaurea nigra,5
NEW-OMAR-NI07,Melilotus albus,Melilotus albus,5
Xixon07,Brachypodium pinnatum,Brachypodium pinnatum aggr.,5
NEW-OMAR-MO10,Bromus hordeaceus ,Bromus hordeaceus,8
NEW-OMAR-NI03,Gastridium ventricosum ,Gastridium ventricosum,8
NEW-OMAR-CA03,Plantago lanceolata ,Plantago lanceolata,10
NEW-OMAR-CA06,Juncus inflexus,Juncus inflexus,10
NEW-OMAR-CA06,Plantago lanceolata ,Plantago lanceolata,10
Xixon14,Brachypodium pinnatum,Brachypodium pinnatum aggr.,20
NEW-OMAR-CA08,Juncus inflexus,Juncus inflexus,10
NEW-OMAR-CA08,Potentilla reptans,Potentilla reptans,10
NEW-OMAR-CA09,Potentilla reptans,Potentilla reptans,10
NEW-OMAR-MO01,Holcus lanatus ,Holcus lanatus,10
NEW-OMAR-MO01,Trifolium campestre ,Trifolium campestre,10
NEW-OMAR-MO02,Medicago sativa ,Medicago sativa,10
NEW-OMAR-MO03,Dittrichia viscosa ,Dittrichia viscosa,10
NEW-OMAR-MO03,Melilotus albus,Melilotus albus,10
Xixon15,Brachypodium pinnatum,Brachypodium pinnatum aggr.,20
NEW-OMAR-MO05,Dittrichia viscosa ,Dittrichia viscosa,10
NEW-OMAR-MO05,Medicago polymorpha ,Medicago polymorpha,10
NEW-OMAR-MO05,Melilotus albus,Melilotus albus,10
NEW-OMAR-MO05,Plantago lanceolata ,Plantago lanceolata,10
Xixon16,Brachypodium pinnatum,Brachypodium pinnatum aggr.,20
NEW-OMAR-MO06,Plantago lanceolata ,Plantago lanceolata,10
NEW-OMAR-MO08,Bromus hordeaceus ,Bromus hordeaceus,10
NEW-OMAR-MO08,Dittrichia viscosa ,Dittrichia viscosa,10
NEW-OMAR-MO09,Lotus corniculatus subsp. corniculatus,Lotus corniculatus,10
NEW-OMAR-NI03,Galactites tomentosus ,Galactites tomentosus,10
NEW-OMAR-CA07,Brachypodium rupestre,Brachypodium pinnatum aggr.,20
NEW-OMAR-NI06,Smyrnium olusatrum ,Smyrnium olusatrum,10
NEW-OMAR-CA08,Brachypodium rupestre,Brachypodium pinnatum aggr.,20
NEW-OMAR-NI04,Clematis vitalba ,Clematis vitalba,12
NEW-OMAR-CA10,Brachypodium rupestre,Brachypodium pinnatum aggr.,95
NEW-OMAR-CA01,Lotus corniculatus subsp. corniculatus,Lotus corniculatus,15
NEW-OMAR-CA02,Potentilla reptans,Potentilla reptans,15
NEW-OMAR-MO01,Trifolium pratense ,Trifolium pratense,15
NEW-OMAR-MO07,Melilotus albus,Melilotus albus,15
NEW-OMAR-MO08,Holcus lanatus ,Holcus lanatus,15
NEW-OMAR-CA04,Brachypodium rupestre,Brachypodium pinnatum aggr.,0.5
NEW-OMAR-NI04,Piptatherum miliaceum ,Piptatherum miliaceum,15
NEW-OMAR-NI05,Medicago polymorpha ,Medicago polymorpha,15
NEW-OMAR-CA03,Potentilla reptans,Potentilla reptans,20
NEW-OMAR-CA06,Holcus lanatus ,Holcus lanatus,20
NEW-OMAR-CA07,Buddleja davidii ,Buddleja davidii,5
NEW-OMAR-MO01,Buddleja davidii ,Buddleja davidii,5
NEW-OMAR-MO01,Melilotus officinalis ,Melilotus officinalis,20
NEW-OMAR-MO02,Dittrichia viscosa ,Dittrichia viscosa,20
NEW-OMAR-MO04,Trifolium pratense ,Trifolium pratense,20
NEW-OMAR-MO05,Robinia pseudoacacia ,Robinia pseudoacacia,20
NEW-OMAR-MO06,Lotus corniculatus subsp. corniculatus,Lotus corniculatus,20
NEW-OMAR-MO07,Holcus lanatus ,Holcus lanatus,20
NEW-OMAR-MO08,Lotus corniculatus subsp. corniculatus,Lotus corniculatus,20
NEW-OMAR-MO08,Melilotus albus,Melilotus albus,20
NEW-OMAR-MO09,Dittrichia viscosa ,Dittrichia viscosa,20
NEW-OMAR-MO09,Trifolium pratense ,Trifolium pratense,20
NEW-OMAR-NI04,Buddleja davidii ,Buddleja davidii,5
NEW-OMAR-CA02,Juncus inflexus,Juncus inflexus,25
NEW-OMAR-CA03,Juncus inflexus,Juncus inflexus,25
NEW-OMAR-CA05,Holcus lanatus ,Holcus lanatus,25
NEW-OMAR-NI01,Buddleja davidii ,Buddleja davidii,20
NEW-OMAR-NI06,Cortaderia selloana ,Cortaderia selloana,25
NEW-OMAR-CA01,Melilotus albus,Melilotus albus,30
NEW-OMAR-CA05,Dactylis glomerata,Dactylis glomerata,30
NEW-OMAR-NI03,Buddleja davidii ,Buddleja davidii,0.5
NEW-OMAR-MO02,Trifolium pratense ,Trifolium pratense,30
NEW-OMAR-MO03,Plantago lanceolata ,Plantago lanceolata,30
NEW-OMAR-MO04,Lotus corniculatus subsp. corniculatus,Lotus corniculatus,30
NEW-OMAR-MO04,Plantago lanceolata ,Plantago lanceolata,30
NEW-OMAR-MO05,Lotus corniculatus subsp. corniculatus,Lotus corniculatus,30
NEW-OMAR-MO07,Lotus corniculatus subsp. corniculatus,Lotus corniculatus,30
NEW-OMAR-MO08,Cortaderia selloana ,Cortaderia selloana,30
NEW-OMAR-MO10,Plantago lanceolata ,Plantago lanceolata,30
NEW-OMAR-NI04,Hirschfeldia incana ,Hirschfeldia incana,30
NEW-OMAR-NI06,Medicago sativa ,Medicago sativa,30
NEW-OMAR-NI06,Trifolium campestre ,Trifolium campestre,30
CS12,Buddleja davidii,Buddleja davidii,10
Xixon20,Buddleja davidii,Buddleja davidii,20
NEW-OMAR-CA02,Dactylis glomerata,Dactylis glomerata,40
NEW-OMAR-CA03,Lotus corniculatus subsp. corniculatus,Lotus corniculatus,40
NEW-OMAR-CA05,Juncus inflexus,Juncus inflexus,40
NEW-OMAR-MO02,Lotus corniculatus subsp. corniculatus,Lotus corniculatus,40
NEW-OMAR-MO03,Lotus corniculatus subsp. corniculatus,Lotus corniculatus,40
NEW-OMAR-MO07,Plantago lanceolata ,Plantago lanceolata,40
NEW-OMAR-MO09,Quercus ilex,Quercus ilex,40
NEW-OMAR-NI02,Smyrnium olusatrum ,Smyrnium olusatrum,40
NEW-OMAR-CA01,Trifolium campestre ,Trifolium campestre,50
NEW-OMAR-CA04,Melilotus albus,Melilotus albus,50
NEW-OMAR-MO06,Cortaderia selloana ,Cortaderia selloana,50
NEW-OMAR-MO10,Trifolium pratense ,Trifolium pratense,50
NEW-OMAR-CA06,Centaurea nigra ,Centaurea nigra,60
Xixon22,Buddleja davidii,Buddleja davidii,5
Xixon13,Calystegia silvatica,Calystegia silvatica,10
Xixon20,Cotoneaster coriaceus,Cotoneaster coriaceus,0.1
NEW-OMAR-MO01,Lotus corniculatus subsp. corniculatus,Lotus corniculatus,60
NEW-OMAR-NI10,Clematis vitalba ,Clematis vitalba,60
CS11,Crataegus monogyna ,Crataegus monogyna,5
Xixon35,Dichondra micrantha,Dichondra micrantha,5
NEW-OMAR-CA01,Dactylis glomerata,Dactylis glomerata,0.5
NEW-OMAR-PA102,achillea millefolium,Achillea millefolium,1
NEW-OMAR-BA58,Achillea millefolium,Achillea millefolium,1
NEW-OMAR-BA15,agrostis canina,Agrostis canina,1
NEW-OMAR-PA30,Agrostis capillaris,Agrostis capillaris,1
NEW-OMAR-LF109,Agrostis capillaris,Agrostis capillaris,1
NEW-OMAR-PA68,Agrostis capillaris,Agrostis capillaris,1
NEW-OMAR-RE27,Agrostis capillaris,Agrostis capillaris,1
Xixon35,Euphorbia maculata,Euphorbia maculata,0.1
NEW-OMAR-BA02,Allium sphaerocephalon,Allium sphaerocephalon,1
NEW-OMAR-BA38,Anagallis arvensis,Anagallis arvensis,1
NEW-OMAR-PA30,Anagallis arvensis,Anagallis arvensis,1
NEW-OMAR-BA08,Angelica sylvestris,Angelica sylvestris,1
NEW-OMAR-PA104,Angelica sylvestris,Angelica sylvestris,1
NEW-OMAR-PA102,Angelica sylvestris,Angelica sylvestris,1
NEW-OMAR-BA58,Anisantha diandra,Anisantha diandra,1
NEW-OMAR-BA12,Anisantha diandra,Anisantha diandra,1
NEW-OMAR-CC86,Anisantha madritensis,Anisantha madritensis,1
NEW-OMAR-BA42,Anthemis cotula,Anthemis cotula,1
NEW-OMAR-BA02,Antirrhinum braun-blanquetii,Antirrhinum braun-blanquetii,1
NEW-OMAR-PA98,Artemisia vulgaris,Artemisia vulgaris,1
NEW-OMAR-BA02,Artemisia vulgaris,Artemisia vulgaris,1
Xixon35,Euphorbia prostrata,Euphorbia prostrata,0.1
NEW-OMAR-BA05,Atriplex patula,Atriplex patula,1
NEW-OMAR-BA12,Avena barbata,Avena barbata,1
NEW-OMAR-BA58,Avena sterilis,Avena sterilis,1
NEW-OMAR-PA97,Avena sterilis,Avena sterilis,1
NEW-OMAR-RE27,Bellis perennis,Bellis perennis,1
NEW-OMAR-PA30,Bellis perennis,Bellis perennis,1
NEW-OMAR-BA34,Bellis perennis,Bellis perennis,1
NEW-OMAR-CC86,Hedera helix ,Hedera helix aggr.,5
NEW-OMAR-LF10,Polygonum arenastrum,Polygonum aviculare,5
NEW-OMAR-PA30,Polygonum arenastrum,Polygonum aviculare,5
NEW-OMAR-BA05,Borago officinalis,Borago officinalis,1
NEW-OMAR-LF95,Calystegia sepium,Calystegia sepium,1
NEW-OMAR-PA102,Calystegia sepium,Calystegia sepium,1
NEW-OMAR-PA97,Calystegia sepium,Calystegia sepium,1
NEW-OMAR-BA43,Calystegia sepium,Calystegia sepium,1
NEW-OMAR-BA58,Calystegia sepium,Calystegia sepium,1
NEW-OMAR-CC86,Calystegia sepium,Calystegia sepium,1
NEW-OMAR-RE27,Cardamine hirsuta,Cardamine hirsuta,1
NEW-OMAR-CC86,Catapodium rigidum,Catapodium rigidum,1
NEW-OMAR-LF95,Centaurea nigra ,Centaurea nigra,1
NEW-OMAR-BA08,Centaurea nigra ,Centaurea nigra,1
NEW-OMAR-BA42,Cerastium fontanum,Cerastium fontanum,1
NEW-OMAR-PA35,Cerastium fontanum,Cerastium fontanum,1
NEW-OMAR-LF10,Ceratochloa cathartica,Ceratochloa cathartica,1
NEW-OMAR-BA13,Ceratochloa cathartica,Ceratochloa cathartica,1
NEW-OMAR-BA02,Ceratochloa cathartica,Ceratochloa cathartica,1
NEW-OMAR-PA35,Chelidonium majus,Chelidonium majus,1
NEW-OMAR-TU92,Chelidonium majus,Chelidonium majus,1
NEW-OMAR-LF109,Chelidonium majus,Chelidonium majus,1
NEW-OMAR-PA35,Chenopodium album,Chenopodium album,1
NEW-OMAR-BA13,Chenopodium album,Chenopodium album,1
NEW-OMAR-PA98,Chenopodium album,Chenopodium album,1
NEW-OMAR-BA15,Chenopodium ambrosioides,Dysphania ambrosioides,1
NEW-OMAR-PA35,Chenopodium polyspermum,Lipandra polysperma,1
NEW-OMAR-PA98,Cirsium vulgare ,Cirsium vulgare,1
NEW-OMAR-PA104,Cirsium vulgare ,Cirsium vulgare,1
NEW-OMAR-BA38,Cirsium vulgare ,Cirsium vulgare,1
NEW-OMAR-LF95,Cirsium vulgare ,Cirsium vulgare,1
NEW-OMAR-BA34,Cirsium vulgare ,Cirsium vulgare,1
NEW-OMAR-BA58,Cirsium vulgare ,Cirsium vulgare,1
NEW-OMAR-BA15,Clematis vitalba ,Clematis vitalba,1
NEW-OMAR-BA13,Conium maculatum,Conium maculatum,1
NEW-OMAR-BA12,Conium maculatum,Conium maculatum,1
NEW-OMAR-PA68,Cymbalaria muralis,Cymbalaria muralis,1
NEW-OMAR-LF95,Cyperus eragrostis,Cyperus eragrostis,1
NEW-OMAR-LF95,Dactylis glomerata,Dactylis glomerata,1
NEW-OMAR-RE27,Dactylis glomerata,Dactylis glomerata,1
NEW-OMAR-BA02,Dactylis glomerata,Dactylis glomerata,1
NEW-OMAR-PA35,Dactylis glomerata,Dactylis glomerata,1
NEW-OMAR-BA58,Dactylis glomerata,Dactylis glomerata,1
NEW-OMAR-BA38,Dactylis glomerata,Dactylis glomerata,1
NEW-OMAR-CC86,Dactylis glomerata,Dactylis glomerata,1
NEW-OMAR-BA34,Dactylis glomerata,Dactylis glomerata,1
NEW-OMAR-PA104,Daucus carota,Daucus carota,1
NEW-OMAR-RE27,Daucus carota,Daucus carota,1
NEW-OMAR-BA15,Daucus carota,Daucus carota,1
NEW-OMAR-PA30,Daucus carota,Daucus carota,1
NEW-OMAR-PA98,Daucus carota,Daucus carota,1
NEW-OMAR-BA05,Digitaria sanguinalis,Digitaria sanguinalis,1
NEW-OMAR-PA97,Diplotaxis tenuifolia,Diplotaxis tenuifolia,1
NEW-OMAR-PA68,Hedera helix ,Hedera helix aggr.,37.5
NEW-OMAR-BA15,Elytrigia repens,Elytrigia repens,1
NEW-OMAR-BA15,Epilobium hirsutum,Epilobium hirsutum,1
NEW-OMAR-BA12,Epilobium parviflorum,Epilobium parviflorum,1
NEW-OMAR-BA15,Equisetum arvense,Equisetum arvense,1
NEW-OMAR-BA38,Erigeron canadensis,Erigeron canadensis,1
NEW-OMAR-LF95,Erigeron canadensis,Erigeron canadensis,1
NEW-OMAR-PA30,Erigeron canadensis,Erigeron canadensis,1
NEW-OMAR-BA12,Erigeron canadensis,Erigeron canadensis,1
NEW-OMAR-BA34,Erigeron canadensis,Erigeron canadensis,1
NEW-OMAR-BA02,Eupatorium cannabinum,Eupatorium cannabinum,1
NEW-OMAR-BA34,Euphorbia helioscopia,Euphorbia helioscopia,1
NEW-OMAR-BA43,Euphorbia helioscopia,Euphorbia helioscopia,1
NEW-OMAR-BA34,Euphorbia peplus,Euphorbia peplus,1
NEW-OMAR-BA05,Fumaria capreolata,Fumaria capreolata,1
NEW-OMAR-BA38,Fumaria muralis,Fumaria muralis,1
NEW-OMAR-BA34,Galium aparine,Galium aparine,1
NEW-OMAR-LF95,Galium aparine,Galium aparine,1
NEW-OMAR-PA35,Galium aparine,Galium aparine,1
NEW-OMAR-BA43,Galium aparine,Galium aparine,1
NEW-OMAR-BA42,Geranium dissectum ,Geranium dissectum,1
NEW-OMAR-PA30,Geranium molle,Geranium molle,1
NEW-OMAR-BA08,Geranium robertianum,Geranium robertianum,1
NEW-OMAR-BA13,Geranium rotundifolium,Geranium rotundifolium,1
NEW-OMAR-BA34,Geranium rotundifolium,Geranium rotundifolium,1
NEW-OMAR-BA08,Glechoma hederacea,Glechoma hederacea,1
NEW-OMAR-NI10,Hedera helix ,Hedera helix aggr.,10
Xixon01,Hedera helix s.l.,Hedera helix aggr.,0.1
Xixon03,Hedera helix s.l.,Hedera helix aggr.,60
NEW-OMAR-BA02,Helminthotheca echioides,Helminthotheca echioides,1
NEW-OMAR-PA68,Holcus lanatus ,Holcus lanatus,1
NEW-OMAR-RE27,Holcus lanatus ,Holcus lanatus,1
NEW-OMAR-BA08,Holcus lanatus ,Holcus lanatus,1
NEW-OMAR-PA102,Holcus lanatus ,Holcus lanatus,1
NEW-OMAR-BA15,Holcus lanatus ,Holcus lanatus,1
NEW-OMAR-BA02,Holcus lanatus ,Holcus lanatus,1
NEW-OMAR-LF95,Holcus lanatus ,Holcus lanatus,1
NEW-OMAR-BA58,Hordeum murinum,Hordeum murinum,1
NEW-OMAR-BA34,Hypericum humifusum,Hypericum humifusum,1
NEW-OMAR-PA97,Hypericum perforatum,Hypericum perforatum,1
NEW-OMAR-LF95,Hypericum perforatum,Hypericum perforatum,1
NEW-OMAR-BA15,Hypericum perforatum,Hypericum perforatum,1
NEW-OMAR-BA05,Hypochaeris radicata ,Hypochaeris radicata,1
NEW-OMAR-BA02,Hypochaeris radicata ,Hypochaeris radicata,1
NEW-OMAR-BA15,Jacobaea aquatica,Jacobaea aquatica,1
NEW-OMAR-BA02,Juncus articulatus,Juncus articulatus,1
NEW-OMAR-BA02,Juncus bufonius,Juncus bufonius,1
NEW-OMAR-BA02,Juncus inflexus,Juncus inflexus,1
NEW-OMAR-BA38,Juncus inflexus,Juncus inflexus,1
NEW-OMAR-PA97,Lactuca serriola ,Lactuca serriola,1
NEW-OMAR-BA12,Lactuca serriola ,Lactuca serriola,1
NEW-OMAR-BA13,Lactuca serriola ,Lactuca serriola,1
NEW-OMAR-PA102,Lactuca serriola ,Lactuca serriola,1
NEW-OMAR-LF109,Lactuca serriola ,Lactuca serriola,1
NEW-OMAR-BA15,Lactuca serriola ,Lactuca serriola,1
NEW-OMAR-PA68,Lamium maculatum,Lamium maculatum,1
NEW-OMAR-LF109,Lapsana communis,Lapsana communis,1
NEW-OMAR-BA05,Lapsana communis,Lapsana communis,1
Xixon06,Hedera helix s.l.,Hedera helix aggr.,2
NEW-OMAR-BA02,Salix × erythroclados,Salix x eriophora,1
NEW-OMAR-BA58,Lolium perenne ,Lolium perenne,1
NEW-OMAR-BA42,Lolium perenne ,Lolium perenne,1
NEW-OMAR-PA35,Lolium perenne ,Lolium perenne,1
NEW-OMAR-BA13,Lolium perenne ,Lolium perenne,1
NEW-OMAR-PA104,Lotus corniculatus subsp. corniculatus,Lotus corniculatus,1
NEW-OMAR-PA68,Lotus corniculatus subsp. corniculatus,Lotus corniculatus,1
NEW-OMAR-BA02,Lotus corniculatus subsp. corniculatus,Lotus corniculatus,1
Xixon15,Hedera helix s.l.,Hedera helix aggr.,5
Xixon19,Hedera helix s.l.,Hedera helix aggr.,0.1
Xixon22,Hedera helix s.l.,Hedera helix aggr.,0.1
Xixon24,Hedera helix s.l.,Hedera helix aggr.,30
NEW-OMAR-BA02,Melilotus albus,Melilotus albus,1
NEW-OMAR-BA34,Melissa officinalis,Melissa officinalis,1
NEW-OMAR-BA02,Scrophularia auriculata subsp. auriculata,Scrophularia auriculata,15
NEW-OMAR-BA34,Mentha pulegium,Mentha pulegium,1
NEW-OMAR-BA15,Mentha suaveolens,Mentha suaveolens,1
NEW-OMAR-BA38,Mercurialis annua,Mercurialis annua,1
NEW-OMAR-BA05,Oxalis corniculata,Oxalis corniculata,1
NEW-OMAR-BA38,Oxalis corniculata,Oxalis corniculata,1
NEW-OMAR-BA42,Oxalis corniculata,Oxalis corniculata,1
NEW-OMAR-BA13,Oxalis corniculata,Oxalis corniculata,1
NEW-OMAR-BA58,Papaver rhoeas,Papaver rhoeas,1
NEW-OMAR-BA34,Paspalum distichum,Paspalum distichum,1
NEW-OMAR-BA15,Persicaria lapathifolia,Persicaria lapathifolia,1
NEW-OMAR-PA104,Persicaria maculosa,Persicaria maculosa,1
NEW-OMAR-BA34,Persicaria maculosa,Persicaria maculosa,1
NEW-OMAR-LF95,Picris hieracioides,Picris hieracioides,1
NEW-OMAR-PA104,Picris hieracioides,Picris hieracioides,1
NEW-OMAR-BA58,Piptatherum miliaceum ,Piptatherum miliaceum,1
NEW-OMAR-PA102,Piptatherum miliaceum ,Piptatherum miliaceum,1
NEW-OMAR-LF95,Piptatherum miliaceum ,Piptatherum miliaceum,1
NEW-OMAR-LF95,Plantago lanceolata ,Plantago lanceolata,1
NEW-OMAR-PA104,Plantago lanceolata ,Plantago lanceolata,1
NEW-OMAR-PA30,Plantago major,Plantago major,1
NEW-OMAR-PA97,Plantago major,Plantago major,1
NEW-OMAR-BA12,Plantago major,Plantago major,1
NEW-OMAR-LF95,Poa trivialis,Poa trivialis,1
NEW-OMAR-BA34,Polycarpon tetraphyllum,Polycarpon tetraphyllum,1
NEW-OMAR-BA15,Polypogon monspeliensis,Polypogon monspeliensis,1
NEW-OMAR-BA12,Polypogon monspeliensis,Polypogon monspeliensis,1
NEW-OMAR-BA05,Polypogon viridis,Polypogon viridis,1
NEW-OMAR-BA15,Polypogon viridis,Polypogon viridis,1
NEW-OMAR-PA68,Polystichum setiferum,Polystichum setiferum,1
NEW-OMAR-TU92,Pseudarrhenatherum longifolium,Pseudarrhenatherum longifolium,1
NEW-OMAR-PA68,Pteridium aquilinum,Pteridium aquilinum,1
NEW-OMAR-PA35,Pteridium aquilinum,Pteridium aquilinum,1
NEW-OMAR-BA15,Pulicaria dysenterica,Pulicaria dysenterica,1
NEW-OMAR-BA08,Quercus robur,Quercus robur,1
NEW-OMAR-BA38,Ranunculus bulbosus,Ranunculus bulbosus,1
NEW-OMAR-BA08,Ranunculus repens,Ranunculus repens,1
NEW-OMAR-BA06,Ranunculus repens,Ranunculus repens,1
NEW-OMAR-RE27,Ranunculus repens,Ranunculus repens,1
NEW-OMAR-BA15,Robinia pseudoacacia ,Robinia pseudoacacia,1
NEW-OMAR-LF10,Taraxacum gr. officinale,Taraxacum sect. Taraxacum,5
NEW-OMAR-RE27,Taraxacum gr. officinale,Taraxacum sect. Taraxacum,5
NEW-OMAR-BA15,Rubus caesius,Rubus caesius,1
NEW-OMAR-BA05,Taraxacum gr. officinale,Taraxacum sect. Taraxacum,5
NEW-OMAR-BA38,Taraxacum gr. officinale,Taraxacum sect. Taraxacum,5
NEW-OMAR-BA42,Taraxacum gr. officinale,Taraxacum sect. Taraxacum,15
NEW-OMAR-BA06,Taraxacum gr. officinale,Taraxacum sect. Taraxacum,1
Xixon28,Hedera helix s.l.,Hedera helix aggr.,1
Xixon29,Hedera helix s.l.,Hedera helix aggr.,70
Xixon30,Hedera helix s.l.,Hedera helix aggr.,60
NEW-OMAR-BA15,Rumex crispus,Rumex crispus,1
NEW-OMAR-BA02,Rumex crispus,Rumex crispus,1
NEW-OMAR-BA12,Rumex crispus,Rumex crispus,1
NEW-OMAR-BA43,Rumex crispus,Rumex crispus,1
NEW-OMAR-LF109,Rumex obtusifolius,Rumex obtusifolius,1
NEW-OMAR-BA42,Rumex obtusifolius,Rumex obtusifolius,1
NEW-OMAR-BA20,Taraxacum gr. officinale,Taraxacum sect. Taraxacum,1
NEW-OMAR-BA58,Saponaria officinalis,Saponaria officinalis,1
NEW-OMAR-LF95,Taraxacum gr. officinale,Taraxacum sect. Taraxacum,1
NEW-OMAR-CC86,Taraxacum gr. officinale,Taraxacum sect. Taraxacum,1
NEW-OMAR-PA68,Sedum album ,Sedum album,1
NEW-OMAR-PA102,Senecio sylvaticus,Senecio sylvaticus,1
NEW-OMAR-PA30,Senecio vulgaris,Senecio vulgaris,1
NEW-OMAR-BA34,Taraxacum gr. officinale,Taraxacum sect. Taraxacum,1
NEW-OMAR-PA97,Taraxacum gr. officinale,Taraxacum sect. Taraxacum,1
NEW-OMAR-BA13,Silene vulgaris,Silene vulgaris,1
NEW-OMAR-PA35,Sinapis arvensis,Sinapis arvensis,1
NEW-OMAR-BA08,Solanum dulcamara,Solanum dulcamara,1
NEW-OMAR-BA13,Solanum dulcamara,Solanum dulcamara,1
NEW-OMAR-BA02,Solanum dulcamara,Solanum dulcamara,1
NEW-OMAR-BA34,Solanum tuberosum,Solanum tuberosum,1
NEW-OMAR-BA06,Solanum tuberosum,Solanum tuberosum,1
NEW-OMAR-BA58,Solidago virgaurea,Solidago virgaurea,1
NEW-OMAR-CC86,Sonchus asper,Sonchus asper,1
NEW-OMAR-PA102,Sonchus asper,Sonchus asper,1
NEW-OMAR-BA34,Sonchus oleraceus,Sonchus oleraceus,1
NEW-OMAR-BA58,Sonchus oleraceus,Sonchus oleraceus,1
NEW-OMAR-RE27,Sonchus oleraceus,Sonchus oleraceus,1
NEW-OMAR-PA98,Sonchus oleraceus,Sonchus oleraceus,1
NEW-OMAR-BA02,Sonchus oleraceus,Sonchus oleraceus,1
NEW-OMAR-PA97,Sonchus oleraceus,Sonchus oleraceus,1
NEW-OMAR-PA68,Stellaria holostea,Stellaria holostea,1
NEW-OMAR-BA20,Stellaria media,Stellaria media,1
NEW-OMAR-BA13,Stellaria media,Stellaria media,1
NEW-OMAR-BA05,Symphyotrichum squamatum,Symphyotrichum squamatum,1
NEW-OMAR-BA15,Taraxacum gr. officinale,Taraxacum sect. Taraxacum,1
NEW-OMAR-PA35,Taraxacum gr. officinale,Taraxacum sect. Taraxacum,1
NEW-OMAR-BA12,Taraxacum gr. officinale,Taraxacum sect. Taraxacum,1
NEW-OMAR-LF109,Torilis japonica,Torilis japonica,1
NEW-OMAR-BA15,Torilis japonica,Torilis japonica,1
NEW-OMAR-BA02,Trifolium arvense,Trifolium arvense,1
NEW-OMAR-BA02,Trifolium campestre ,Trifolium campestre,1
NEW-OMAR-PA104,Trifolium pratense ,Trifolium pratense,1
NEW-OMAR-BA20,Trifolium pratense ,Trifolium pratense,1
NEW-OMAR-PA98,Trifolium pratense ,Trifolium pratense,1
NEW-OMAR-PA98,Trifolium repens,Trifolium repens,1
NEW-OMAR-BA02,Trifolium strictum,Trifolium strictum,1
NEW-OMAR-PA98,Tussilago farfara,Tussilago farfara,1
NEW-OMAR-PA102,Tussilago farfara,Tussilago farfara,1
NEW-OMAR-BA42,Lamium hybridum,Lamium purpureum aggr.,15
NEW-OMAR-CA01,Dipsacus fullonum,Dipsacus fullonum,0.5
NEW-OMAR-CA01,Helminthotheca echioides ,Helminthotheca echioides,0.5
NEW-OMAR-PA104,Urtica dioica,Urtica dioica,1
NEW-OMAR-LF109,Urtica dioica,Urtica dioica,1
NEW-OMAR-PA68,Urtica dioica,Urtica dioica,1
NEW-OMAR-BA05,Urtica dioica,Urtica dioica,1
NEW-OMAR-BA02,Leontodon gr. taraxacoides,Leontodon saxatilis aggr.,5
NEW-OMAR-PA30,Leontodon gr. taraxacoides,Leontodon saxatilis aggr.,1
NEW-OMAR-CA10,Leontodon saxatilis subsp. saxatilis,Leontodon saxatilis aggr.,0.5
NEW-OMAR-MO04,Leucanthemum vulgare ,Leucanthemum vulgare,10
NEW-OMAR-LF95,Verbena officinalis,Verbena officinalis,1
NEW-OMAR-BA20,Verbena officinalis,Verbena officinalis,1
NEW-OMAR-BA34,Verbena officinalis,Verbena officinalis,1
NEW-OMAR-PA98,Verbena officinalis,Verbena officinalis,1
NEW-OMAR-BA58,Verbena officinalis,Verbena officinalis,1
NEW-OMAR-PA97,Verbena officinalis,Verbena officinalis,1
NEW-OMAR-RE27,Verbena officinalis,Verbena officinalis,1
NEW-OMAR-BA02,Verbena officinalis,Verbena officinalis,1
NEW-OMAR-BA38,Veronica arvensis,Veronica arvensis,1
NEW-OMAR-BA58,Veronica persica,Veronica persica,1
NEW-OMAR-BA42,Veronica persica,Veronica persica,1
NEW-OMAR-BA34,Veronica persica,Veronica persica,1
NEW-OMAR-BA06,Veronica persica,Veronica persica,1
NEW-OMAR-BA13,Veronica persica,Veronica persica,1
NEW-OMAR-CA02,Leucanthemum vulgare ,Leucanthemum vulgare,0.5
NEW-OMAR-BA15,Vicia cracca,Vicia cracca,1
NEW-OMAR-BA34,Viola hirta,Viola hirta,1
NEW-OMAR-CA01,Plantago lanceolata ,Plantago lanceolata,0.5
NEW-OMAR-CA01,Verbena officinalis,Verbena officinalis,0.5
NEW-OMAR-BA02,Vulpia myuros,Vulpia myuros,1
Xixon01,Leucanthemum vulgare s.l.,Leucanthemum vulgare,0.1
NEW-OMAR-CA02,Daucus carota,Daucus carota,0.5
NEW-OMAR-CA02,Geranium dissectum ,Geranium dissectum,0.5
NEW-OMAR-CA02,Lactuca serriola ,Lactuca serriola,0.5
NEW-OMAR-CA02,Linum bienne ,Linum bienne,0.5
NEW-OMAR-CA02,Lotus corniculatus subsp. corniculatus,Lotus corniculatus,0.5
Xixon04,Leucanthemum vulgare s.l.,Leucanthemum vulgare,0.1
NEW-OMAR-CA03,Daucus carota,Daucus carota,0.5
NEW-OMAR-CA03,Poa trivialis,Poa trivialis,0.5
NEW-OMAR-CA03,Schedonorus arundinaceus,Schedonorus arundinaceus,0.5
NEW-OMAR-CA03,Trifolium pratense ,Trifolium pratense,0.5
Xixon05,Leucanthemum vulgare s.l.,Leucanthemum vulgare,2
NEW-OMAR-CA04,Daucus carota,Daucus carota,0.5
NEW-OMAR-CA04,Lotus corniculatus subsp. corniculatus,Lotus corniculatus,0.5
NEW-OMAR-CA04,Picris hieracioides,Picris hieracioides,0.5
NEW-OMAR-CA04,Plantago lanceolata ,Plantago lanceolata,0.5
NEW-OMAR-CA04,Prunella vulgaris ,Prunella vulgaris,0.5
NEW-OMAR-CA04,Trifolium campestre ,Trifolium campestre,0.5
NEW-OMAR-CA05,Plantago lanceolata ,Plantago lanceolata,0.5
Xixon07,Leucanthemum vulgare s.l.,Leucanthemum vulgare,2
NEW-OMAR-CA06,Poa trivialis,Poa trivialis,0.5
NEW-OMAR-CA06,Schedonorus arundinaceus,Schedonorus arundinaceus,0.5
NEW-OMAR-CA07,Daucus carota,Daucus carota,0.5
NEW-OMAR-CA07,Dipsacus fullonum,Dipsacus fullonum,0.5
NEW-OMAR-CA07,Lotus corniculatus subsp. corniculatus,Lotus corniculatus,0.5
Xixon10,Leucanthemum vulgare s.l.,Leucanthemum vulgare,0.1
NEW-OMAR-CA08,Carex pendula,Carex pendula,0.5
NEW-OMAR-CA08,Mentha suaveolens,Mentha suaveolens,0.5
NEW-OMAR-CA08,Plantago lanceolata ,Plantago lanceolata,0.5
Xixon11,Leucanthemum vulgare s.l.,Leucanthemum vulgare,0.1
Xixon15,Leucanthemum vulgare s.l.,Leucanthemum vulgare,5
NEW-OMAR-CA09,Carex pendula,Carex pendula,0.5
NEW-OMAR-CA09,Daucus carota,Daucus carota,0.5
NEW-OMAR-CA09,Hypericum perforatum,Hypericum perforatum,0.5
NEW-OMAR-CA09,Lotus corniculatus subsp. corniculatus,Lotus corniculatus,0.5
NEW-OMAR-CA09,Mentha suaveolens,Mentha suaveolens,0.5
NEW-OMAR-CA09,Trifolium campestre ,Trifolium campestre,0.5
Xixon17,Leucanthemum vulgare s.l.,Leucanthemum vulgare,1
NEW-OMAR-CA10,Daucus carota,Daucus carota,0.5
NEW-OMAR-CA10,Lotus corniculatus subsp. corniculatus,Lotus corniculatus,0.5
NEW-OMAR-CA10,Plantago lanceolata ,Plantago lanceolata,0.5
NEW-OMAR-CA10,Trifolium campestre ,Trifolium campestre,0.5
NEW-OMAR-MO01,Daucus carota,Daucus carota,0.5
NEW-OMAR-MO02,Centaurium erythraea,Centaurium erythraea,0.5
NEW-OMAR-MO02,Linum bienne ,Linum bienne,0.5
NEW-OMAR-MO03,Daucus carota,Daucus carota,0.5
NEW-OMAR-MO04,Daucus carota,Daucus carota,0.5
NEW-OMAR-MO06,Daucus carota,Daucus carota,0.5
NEW-OMAR-MO08,Daucus carota,Daucus carota,0.5
NEW-OMAR-MO08,Geranium dissectum ,Geranium dissectum,0.5
Xixon27,Leucanthemum vulgare s.l.,Leucanthemum vulgare,1
NEW-OMAR-MO09,Centaurium erythraea,Centaurium erythraea,0.5
NEW-OMAR-MO09,Daucus carota,Daucus carota,0.5
NEW-OMAR-NI02,Cirsium vulgare ,Cirsium vulgare,0.5
NEW-OMAR-NI02,Daucus carota,Daucus carota,0.5
NEW-OMAR-BA58,Malva multiflora,Lavatera cretica,5
NEW-OMAR-NI03,Melilotus albus,Melilotus albus,0.5
NEW-OMAR-NI04,Daucus carota,Daucus carota,0.5
NEW-OMAR-NI05,Daucus carota,Daucus carota,0.5
NEW-OMAR-NI05,Piptatherum miliaceum ,Piptatherum miliaceum,0.5
NEW-OMAR-NI07,Avena barbata,Avena barbata,0.5
NEW-OMAR-NI10,Smyrnium olusatrum ,Smyrnium olusatrum,0.5
CS11,Rubus ulmifolius aggr.,Rubus ulmifolius aggr.,30
CS11,Cortaderia selloana,Cortaderia selloana,20
CS11,Hedera hiberna,Hedera helix aggr.,10
CS11,Paspalum dilatatum,Paspalum dilatatum,10
CS11,Dipsacus fullonum,Dipsacus fullonum,7
CS11,Lotus corniculatus,Lotus corniculatus,7
CS11,Salix caprea,Salix caprea,7
NEW-OMAR-LF109,Malva multiflora,Lavatera cretica,5
CS11,Equisetum telmateia,Equisetum telmateia,5
CS11,Mentha suaveolens,Mentha suaveolens,5
CS11,Salix atrocinerea,Salix atrocinerea,5
CS11,Teucrium scorodonia,Teucrium scorodonia,3
CS11,Centaurea nigra,Centaurea nigra,2
CS11,Dactylis glomerata,Dactylis glomerata,2
CS11,Daucus carota,Daucus carota,2
CS11,Leontodon sp.,Leontodon saxatilis aggr.,2
CS11,Plantago lanceolata,Plantago lanceolata,2
CS11,Carex flacca,Carex flacca,1
CS11,Carex pendula,Carex pendula,1
CS11,Cornus sanguinea,Cornus sanguinea,1
CS11,Dittrichia viscosa,Dittrichia viscosa,1
CS11,Helmintotheca echioides,Helminthotheca echioides,1
CS11,Lathyrus pratensis,Lathyrus pratensis,1
CS11,Melilotus albus,Melilotus albus,1
CS11,Pastinaca sativa,Pastinaca sativa aggr.,1
CS11,Picris hieracioides,Picris hieracioides,1
CS11,Populus nigra,Populus nigra,1
CS11,Potentilla reptans,Potentilla reptans,1
CS11,Quercus robur,Quercus robur,1
CS11,Rosa sp.,Rosa canina aggr.,1
CS11,Sanguisorba minor,Sanguisorba minor,1
CS11,Sonchus oleraceus,Sonchus oleraceus,1
CS11,Sporobolus indicus,Sporobolus indicus,1
CS11,Trifolium repens,Trifolium repens,1
CS11,Ulex gallii,Ulex gallii,1
CS12,Cortaderia selloana,Cortaderia selloana,25
NEW-OMAR-BA06,Malva multiflora,Lavatera cretica,1
CS12,Rubus ulmifolius aggr.,Rubus ulmifolius aggr.,10
CS12,Clematis vitalba,Clematis vitalba,7
CS12,Poa annua,Ochlopoa annua,5
CS12,Sporobolus indicus,Sporobolus indicus,5
CS12,Mentha suaveolens,Mentha suaveolens,3
CS12,Piptatherum miliaceum,Piptatherum miliaceum,3
CS12,Plantago lanceolata,Plantago lanceolata,3
CS12,Trifolium repens,Trifolium repens,3
CS12,Anagallis arvensis,Anagallis arvensis,2
CS12,Hypericum perforatum,Hypericum perforatum,2
CS12,Lactuca serriola,Lactuca serriola,2
CS12,Urtica urens,Urtica urens,2
CS12,Verbena officinalis,Verbena officinalis,2
CS12,Carex divulsa,Carex divulsa,1
CS12,Epilobium hirsutum,Epilobium hirsutum,1
CS12,Euphorbia peplus,Euphorbia peplus,1
CS12,Geranium molle,Geranium molle,1
CS12,Helmintotheca echioides,Helminthotheca echioides,1
CS12,Lepidium virginianum,Lepidium virginicum,1
CS12,Lotus corniculatus,Lotus corniculatus,1
CS12,Oenothera rosea,Oenothera rosea,1
CS12,Oxalis corniculatus,Oxalis corniculata,1
CS12,Oxalis latifolia,Oxalis latifolia,1
CS12,Plantago major,Plantago major,1
CS12,Polygonum aviculare,Polygonum aviculare,1
CS12,Sonchus oleraceus,Sonchus oleraceus,1
CS12,Symphyotrichum squamatum,Symphyotrichum squamatum,1
CS12,Taraxacum officinale,Taraxacum sect. Taraxacum,1
CS12,Torilis arvensis,Torilis arvensis,1
CS13,Cortaderia selloana,Cortaderia selloana,20
CS13,Mentha suaveolens,Mentha suaveolens,20
CS13,Rubus ulmifolius aggr.,Rubus ulmifolius aggr.,10
CS13,Equisetum arvense,Equisetum arvense,5
CS13,Leontodon sp.,Leontodon saxatilis aggr.,5
CS13,Plantago lanceolata,Plantago lanceolata,5
CS13,Ranunculus repens,Ranunculus repens,4
CS13,Daucus carota,Daucus carota,3
CS13,Geranium molle,Geranium molle,3
CS13,Pastinaca sativa,Pastinaca sativa aggr.,3
CS13,Potentilla reptans,Potentilla reptans,3
CS13,Sonchus oleraceus,Sonchus oleraceus,3
CS13,Helmintotheca echioides,Helminthotheca echioides,2
CS13,Persicaria maculosa,Persicaria maculosa,2
CS13,Centaurea nigra,Centaurea nigra,1
CS13,Cornus sanguinea,Cornus sanguinea,1
CS13,Epilobium hirsutum,Epilobium hirsutum,1
CS13,Erigeron canadensis,Erigeron canadensis,1
CS13,Knautia arvensis,Knautia arvensis,1
CS13,Lactuca serriola,Lactuca serriola,1
CS13,Lepidium virginianum,Lepidium virginicum,1
CS13,Mercurialis perennis,Mercurialis perennis,1
CS13,Rumex obtusifolius,Rumex obtusifolius,1
CS13,Senecio vulgaris,Senecio vulgaris,1
CS13,Sonchus terrenimus,Sonchus tenerrimus,1
CS13,Trifolium repens,Trifolium repens,1
CS21,Cortaderia selloana,Cortaderia selloana,75
CS21,Alnus lusitanica,Alnus glutinosa aggr.,20
CS21,Dittrichia viscosa,Dittrichia viscosa,5
CS21,Rubus ulmifolius aggr.,Rubus ulmifolius aggr.,5
CS21,Cynodon dactylon,Cynodon dactylon,2
CS21,Dactylis glomerata,Dactylis glomerata,2
CS21,Hypericum perforatum,Hypericum perforatum,2
CS21,Salix atrocinerea,Salix atrocinerea,2
CS21,Lysimachia arvensis,Anagallis arvensis,1
CS21,Arundo donax,Arundo donax,1
CS21,Dipsacus fullonum,Dipsacus fullonum,1
CS21,Foeniculum vulgare,Foeniculum vulgare,1
CS21,Galium mollugo,Galium mollugo,1
CS21,Lathyrus pratensis,Lathyrus pratensis,1
CS21,Lotus corniculatus,Lotus corniculatus,1
CS21,Melilotus albus,Melilotus albus,1
CS21,Potentilla reptans,Potentilla reptans,1
CS21,Trifolium repens,Trifolium repens,1
CS21,Urtica dioica,Urtica dioica,1
CS21,Geranium robertianum,Geranium robertianum,0.5
CS21,Mentha suaveolens,Mentha suaveolens,0.5
CS21,Oenothera glazioviana,Oenothera glazioviana,0.5
CS21,Cardamine hirsuta,Cardamine hirsuta,0.1
CS21,Clinopodium vulgare,Clinopodium vulgare,0.1
CS21,Geranium molle,Geranium molle,0.1
CS21,Leontodon sp.,Leontodon saxatilis aggr.,0.1
CS21,Plantago lanceolata,Plantago lanceolata,0.1
CS21,Senecio vulgaris,Senecio vulgaris,0.1
CS21,Sonchus oleraceus,Sonchus oleraceus,0.1
CS21,Sonchus terrenimus,Sonchus tenerrimus,0.1
CS21,Teucrium scorodonia,Teucrium scorodonia,0.1
CS22,Cortaderia selloana,Cortaderia selloana,50
CS22,Agrostis stolonifera,Agrostis stolonifera,30
CS22,Elytrigia atherica,Elytrigia atherica,5
CS22,Rubus ulmifolius aggr.,Rubus ulmifolius aggr.,5
CS22,Dittrichia viscosa,Dittrichia viscosa,2
CS22,Galium mollugo,Galium mollugo,2
CS22,Rumex crispus,Rumex crispus,2
CS22,Ulex europaeus,Ulex europaeus,2
CS22,Dactylis glomerata,Dactylis glomerata,1
CS22,Foeniculum vulgare,Foeniculum vulgare,1
CS22,Beta vulgaris subsp.maritima,Beta vulgaris,0.5
CS22,Calystegia sepium,Calystegia sepium,0.5
CS22,Centaurea nigra,Centaurea nigra,0.5
CS22,Geranium robertianum,Geranium robertianum,0.5
CS22,Lotus corniculatus,Lotus corniculatus,0.5
CS22,Medicago sativa,Medicago sativa,0.5
CS22,Silene vulgaris,Silene vulgaris,0.5
CS22,Stenotaphrum secundatum,Stenotaphrum secundatum,0.5
CS22,Euphorbia portlandica,Euphorbia portlandica,0.1
CS22,Helmintotheca echioides,Helminthotheca echioides,0.1
CS22,Lathyrus pratensis,Lathyrus pratensis,0.1
CS22,Leontodon saxatilis,Leontodon saxatilis aggr.,0.1
CS22,Medicago orbicularis,Medicago orbicularis,0.1
CS22,Potentilla reptans,Potentilla reptans,0.1
CS22,Senecio vulgaris,Senecio vulgaris,0.1
CS22,Sonchus terrenimus,Sonchus tenerrimus,0.1
CS22,Teucrium scorodonia,Teucrium scorodonia,0.1
CS22,Trifolium repens,Trifolium repens,0.1
CS23,Dactylis glomerata,Dactylis glomerata,50
CS23,Cortaderia selloana,Cortaderia selloana,30
CS23,Equisetum telmateia,Equisetum telmateia,10
CS23,Dittrichia viscosa,Dittrichia viscosa,5
CS23,Rubus ulmifolius aggr.,Rubus ulmifolius aggr.,5
CS23,Ulex europaeus,Ulex europaeus,5
CS23,Agrostis stolonifera,Agrostis stolonifera,1
CS23,Centaurea nigra,Centaurea nigra,1
CS23,Lotus corniculatus,Lotus corniculatus,1
CS23,Galium mollugo,Galium mollugo,0.5
CS23,Cirsium arvense,Cirsium arvense,0.1
CS23,Medicago sativa,Medicago sativa,0.1
CS23,Rubia peregrina,Rubia peregrina,0.1
CS31,Ulex europaeus,Ulex europaeus,55
CS31,Calluna vulgaris,Calluna vulgaris,10
CS31,Erica ciliaris,Erica ciliaris,10
CS31,Cortaderia selloana,Cortaderia selloana,5
CS31,Erica cinera,Erica cinerea,5
CS31,Erica mackayana,Erica mackaiana,5
CS31,Laurus nobilis,Laurus nobilis,5
CS31,Molinia caerulea,Molinia caerulea,5
CS31,Rubus ulmifolius aggr.,Rubus ulmifolius aggr.,5
CS31,Agrostis capillaris,Agrostis capillaris,1
CS31,Lonicera periclymenum,Lonicera periclymenum,1
CS31,Salix repens,Salix repens,1
CS31,Asphodelus albus,Asphodelus albus,0.5
CS31,Smilas aspera,Smilax aspera,0.5
CS31,Angelica pachycarpa,Angelica pachycarpa,0.1
CS31,Gentiana pneumonanthe,Gentiana pneumonanthe,0.1
CS32,Dactylis glomerata,Dactylis glomerata,50
CS32,Pteridium aquilinum,Pteridium aquilinum,25
CS32,Ulex europaeus,Ulex europaeus,10
CS32,Cortaderia selloana,Cortaderia selloana,5
CS32,Paspalum dilatatum,Paspalum dilatatum,5
CS32,Smilas aspera,Smilax aspera,2
CS32,Agrostis capillaris,Agrostis capillaris,1
CS32,Centaurea nigra,Centaurea nigra,1
CS32,Daucus carota,Daucus carota,1
CS32,Helmintotheca echioides,Helminthotheca echioides,1
CS32,Holcus lanatus,Holcus lanatus,1
CS32,Lotus corniculatus,Lotus corniculatus,1
CS32,Angelica pachycarpa,Angelica pachycarpa,0.5
CS32,Glandora diffusa,Glandora diffusa,0.5
CS32,Briza maxima,Briza maxima,0.1
CS32,Clinopodium nepeta,Clinopodium nepeta,0.1
CS32,Geranium robertianum,Geranium robertianum,0.1
CS32,Leucanthemum ircutianum subsp. crassifolium,Leucanthemum ircutianum aggr.,0.1
CS32,Plantago lanceolata,Plantago lanceolata,0.1
CS33,Eucalyptus globulus,Eucalyptus globulus,80
CS33,Brachypodium sylvaticum,Brachypodium sylvaticum,30
CS33,Rubus ulmifolius aggr.,Rubus ulmifolius aggr.,30
CS33,Pteridium aquilinum,Pteridium aquilinum,10
CS33,Laurus nobilis,Laurus nobilis,5
CS33,Polypodium cambricum,Polypodium cambricum,5
CS33,Sporobolus indicus,Sporobolus indicus,5
CS33,Ulex europaeus,Ulex europaeus,5
CS33,Salix atrocinerea,Salix atrocinerea,2
CS33,Smilas aspera,Smilax aspera,2
CS33,Cortaderia selloana,Cortaderia selloana,1
CS33,Daucus carota,Daucus carota,1
CS33,Foeniculum vulgare,Foeniculum vulgare,1
CS33,Galium mollugo,Galium mollugo,1
CS33,Lotus corniculatus,Lotus corniculatus,1
CS33,Lonicera periclymenum,Lonicera periclymenum,0.5
CS33,Asplenium adiantum-nigrum,Asplenium adiantum-nigrum aggr.,0.1
CS33,Clinopodium nepeta,Clinopodium nepeta,0.1
CS33,Geranium robertianum,Geranium robertianum,0.1
CS33,Potentilla reptans,Potentilla reptans,0.1
CS33,Sonchus oleraceus,Sonchus oleraceus,0.1
Xixon01,Anagallis arvensis,Anagallis arvensis,5
Xixon01,Brassica nigra,Brassica nigra,1
Xixon01,Calystegia sepium,Calystegia sepium,1
Xixon01,Carex divulsa,Carex divulsa,1
Xixon01,Centaurea nigra,Centaurea nigra,0.1
Xixon01,Cerastium glomeratum,Cerastium glomeratum,0.1
Xixon01,Cirsium arvense,Cirsium arvense,1
Xixon01,Cirsium vulgare,Cirsium vulgare,0.1
Xixon01,Conium maculatum,Conium maculatum,1
Xixon01,Dactylis glomerata,Dactylis glomerata,2
Xixon01,Dittrichia viscosa,Dittrichia viscosa,1
Xixon01,Equisetum telmateia,Equisetum telmateia,2
Xixon01,Erigeron sumatrensis,Erigeron sumatrensis,0.1
Xixon01,Euphorbia platyphyllos,Euphorbia platyphyllos,10
Xixon01,Galactites tomentosus,Galactites tomentosus,80
Xixon01,Geranium dissectum,Geranium dissectum,0.1
NEW-OMAR-BA38,Malva multiflora,Lavatera cretica,1
Xixon01,Helminthotheca echioides,Helminthotheca echioides,20
Xixon01,Holcus lanatus,Holcus lanatus,5
Xixon01,Hypericum perforatum,Hypericum perforatum,0.1
Xixon01,Juncus bufonius,Juncus bufonius,0.1
Xixon01,Lathyrus pratensis,Lathyrus pratensis,0.1
NEW-OMAR-LF95,Malva multiflora,Lavatera cretica,1
Xixon01,Oxalis corniculata,Oxalis corniculata,0.1
Xixon01,Plantago lanceolata,Plantago lanceolata,0.1
Xixon01,Poa pratensis,Poa pratensis,0.1
Xixon01,Potentilla reptans,Potentilla reptans,0.1
Xixon01,Prunella vulgaris,Prunella vulgaris,0.1
Xixon01,Rubia peregrina,Rubia peregrina,0.1
Xixon01,Rumex conglomeratus,Rumex conglomeratus,1
Xixon01,Rumex crispus,Rumex crispus,1
Xixon01,Trifolium pratense,Trifolium pratense,0.1
Xixon01,Trifolium repens,Trifolium repens,0.1
Xixon01,Trifolium squamosum,Trifolium squamosum,0.1
Xixon01,Urtica dioica,Urtica dioica,0.1
Xixon01,Veronica persica,Veronica persica,0.1
Xixon02,Convolvulus arvensis,Convolvulus arvensis,20
Xixon02,Dactylis glomerata,Dactylis glomerata,60
Xixon02,Epilobium hirsutum,Epilobium hirsutum,0.1
Xixon02,Geranium dissectum,Geranium dissectum,1
Xixon02,Geranium molle,Geranium molle,0.1
Xixon02,Holcus lanatus,Holcus lanatus,20
Xixon02,Lathyrus pratensis,Lathyrus pratensis,10
Xixon02,Lotus corniculatus,Lotus corniculatus,0.1
Xixon02,Plantago lanceolata,Plantago lanceolata,1
Xixon02,Potentilla reptans,Potentilla reptans,2
NEW-OMAR-PA98,Malva multiflora,Lavatera cretica,1
NEW-OMAR-BA02,Ononis reclinata subsp. reclinata,Ononis reclinata aggr.,1
Xixon02,Schedonorus arundinaceus,Schedonorus arundinaceus,60
Xixon17,Parietaria judaica,Parietaria judaica aggr.,0.1
Xixon03,Acer pseudoplatanus,Acer pseudoplatanus,0.01
Xixon03,Ajuga reptans,Ajuga reptans,0.1
Xixon03,Fraxinus excelsior,Fraxinus excelsior,0.01
Xixon20,Parietaria judaica,Parietaria judaica aggr.,1
Xixon03,Ilex aquifolium,Ilex aquifolium,2
Xixon03,Laurus nobilis,Laurus nobilis,75
Xixon03,Lonicera periclymenum,Lonicera periclymenum,5
Xixon03,Physospermum cornubiense,Physospermum cornubiense,1
Xixon03,Polypodium vulgare,Polypodium vulgare,0.1
Xixon03,Pteridium aquilinum,Pteridium aquilinum,2
Xixon03,Pulmonaria longifolia,Pulmonaria longifolia,0.1
Xixon03,Quercus robur,Quercus robur,80
Xixon31,Parietaria judaica,Parietaria judaica aggr.,10
Xixon03,Rubia peregrina,Rubia peregrina,5
Xixon34,Parietaria judaica,Parietaria judaica aggr.,1
Xixon03,Ruscus aculeatus,Ruscus aculeatus,0.1
Xixon04,Carex divulsa,Carex divulsa,0.1
Xixon04,Carex flacca,Carex flacca,0.1
Xixon04,Centaurea nigra,Centaurea nigra,2
Xixon04,Dactylis glomerata,Dactylis glomerata,5
Xixon04,Daucus carota,Daucus carota,0.1
Xixon04,Holcus lanatus,Holcus lanatus,20
Xixon04,Lathyrus pratensis,Lathyrus pratensis,0.1
Xixon24,Prunus domestica subsp. insititia,Prunus insititia,0.1
Xixon04,Linum bienne,Linum bienne,1
Xixon04,Lolium perenne,Lolium perenne,1
Xixon04,Lotus corniculatus,Lotus corniculatus,40
Xixon04,Medicago lupulina,Medicago lupulina,5
Xixon04,Plantago lanceolata,Plantago lanceolata,5
Xixon04,Poa pratensis,Poa pratensis,0.1
Xixon04,Schedonorus arundinaceus,Schedonorus arundinaceus,80
Xixon04,Trifolium pratense,Trifolium pratense,10
Xixon04,Trifolium repens,Trifolium repens,0.1
Xixon04,Verbena officinalis,Verbena officinalis,0.1
Xixon29,Prunus domestica subsp. insititia,Prunus insititia,1
Xixon30,Prunus domestica subsp. insititia,Prunus insititia,1
Xixon05,Calystegia sepium,Calystegia sepium,10
Xixon05,Carex cuprina,Carex cuprina,2
Xixon05,Carex divulsa,Carex divulsa,1
Xixon05,Centaurea nigra,Centaurea nigra,10
Xixon05,Cirsium vulgare,Cirsium vulgare,2
Xixon05,Conium maculatum,Conium maculatum,40
Xixon05,Dactylis glomerata,Dactylis glomerata,1
Xixon05,Daucus carota,Daucus carota,1
Xixon05,Dipsacus fullonum,Dipsacus fullonum,1
Xixon05,Dittrichia viscosa,Dittrichia viscosa,5
Xixon05,Elytrigia repens,Elytrigia repens,10
Xixon05,Galactites tomentosus,Galactites tomentosus,20
Xixon05,Galium verum,Galium verum,0.1
Xixon05,Helminthotheca echioides,Helminthotheca echioides,5
Xixon05,Holcus lanatus,Holcus lanatus,1
Xixon05,Juncus inflexus,Juncus inflexus,1
Xixon05,Lamium maculatum,Lamium maculatum,2
Xixon06,Raphanus raphanistrum,Raphanus raphanistrum aggr.,10
Xixon05,Oenanthe crocata,Oenanthe crocata,1
Xixon05,Plantago lanceolata,Plantago lanceolata,0.1
Xixon05,Poa pratensis,Poa pratensis,1
Xixon05,Potentilla reptans,Potentilla reptans,1
Xixon05,Prunella vulgaris,Prunella vulgaris,0.1
Xixon02,Rosa sp.,Rosa canina aggr.,2
Xixon05,Rumex crispus,Rumex crispus,10
Xixon05,Schedonorus arundinaceus,Schedonorus arundinaceus,1
Xixon05,Sonchus oleraceus,Sonchus oleraceus,0.1
Xixon05,Urtica dioica,Urtica dioica,5
Xixon05,Verbena officinalis,Verbena officinalis,0.1
Xixon06,Anagallis arvensis,Anagallis arvensis,0.1
Xixon06,Bryonia dioica,Bryonia dioica,40
Xixon06,Ceratochloa cathartica,Ceratochloa cathartica,1
Xixon06,Conium maculatum,Conium maculatum,5
Xixon06,Convolvulus arvensis,Convolvulus arvensis,2
Xixon06,Dactylis glomerata,Dactylis glomerata,40
Xixon06,Daucus carota,Daucus carota,0.1
Xixon06,Galium aparine,Galium aparine,1
Xixon06,Geranium dissectum,Geranium dissectum,0.1
Xixon06,Geranium purpureum,Geranium purpureum,1
Xixon03,Rosa sp.,Rosa canina aggr.,1
Xixon06,Hordeum murinum,Hordeum murinum,0.1
Xixon06,Hypochaeris radicata,Hypochaeris radicata,0.1
Xixon02,Rubus sp.,Rubus ulmifolius aggr.,5
Xixon06,Rubia peregrina,Rubia peregrina,1
Xixon03,Rubus sp.,Rubus ulmifolius aggr.,1
Xixon06,Sonchus tenerrimus,Sonchus tenerrimus,0.1
Xixon07,Allium vineale,Allium vineale,2
Xixon07,Anthoxanthum odoratum,Anthoxanthum odoratum,10
Xixon05,Rubus sp.,Rubus ulmifolius aggr.,5
Xixon07,Briza media,Briza media,20
Xixon07,Calystegia sepium,Calystegia sepium,2
Xixon07,Carex caryophyllea,Carex caryophyllea,2
Xixon07,Carex divulsa,Carex divulsa,1
Xixon07,Carex flacca,Carex flacca,2
Xixon07,Carex panicea,Carex panicea,1
Xixon07,Centaurea nigra,Centaurea nigra,2
Xixon07,Cerastium glomeratum,Cerastium glomeratum,0.1
Xixon07,Crepis vesicaria,Crepis vesicaria,1
Xixon07,Cynosurus cristatus,Cynosurus cristatus,5
Xixon07,Dactylis glomerata,Dactylis glomerata,0.1
Xixon07,Daucus carota,Daucus carota,10
Xixon07,Festuca rubra,Festuca rubra,2
Xixon07,Galium verum,Galium verum,2
Xixon07,Gaudinia fragilis,Gaudinia fragilis,1
Xixon07,Holcus lanatus,Holcus lanatus,10
Xixon07,Lathyrus pratensis,Lathyrus pratensis,1
Xixon06,Rubus sp.,Rubus ulmifolius aggr.,5
Xixon07,Linum bienne,Linum bienne,0.1
Xixon07,Lotus corniculatus,Lotus corniculatus,20
Xixon07,Luzula campestris,Luzula campestris,1
Xixon07,Medicago lupulina,Medicago lupulina,1
Xixon07,Oenanthe crocata,Oenanthe crocata,0.1
Xixon07,Ophrys apifera,Ophrys apifera,2
Xixon07,Pimpinella saxifraga,Pimpinella saxifraga,0.1
Xixon07,Plantago lanceolata,Plantago lanceolata,2
Xixon07,Prunella vulgaris,Prunella vulgaris,1
Xixon07,Ranunculus bulbosus,Ranunculus bulbosus,2
Xixon07,Rhinanthus angustifolius,Rhinanthus angustifolius,1
Xixon07,Schedonorus arundinaceus,Schedonorus arundinaceus,20
Xixon07,Scilla verna,Scilla verna,0.1
Xixon07,Trifolium pratense,Trifolium pratense,1
Xixon07,Trifolium repens,Trifolium repens,0.1
Xixon07,Trisetum flavescens,Trisetum flavescens,1
Xixon08,Anagallis arvensis,Anagallis arvensis,0.1
Xixon08,Calystegia sepium,Calystegia sepium,10
Xixon08,Carex cuprina,Carex cuprina,10
Xixon08,Carex divulsa,Carex divulsa,0.1
Xixon08,Centaurea nigra,Centaurea nigra,30
Xixon08,Cirsium vulgare,Cirsium vulgare,0.1
Xixon08,Dactylis glomerata,Dactylis glomerata,10
Xixon08,Daucus carota,Daucus carota,2
Xixon08,Dipsacus fullonum,Dipsacus fullonum,1
Xixon08,Dittrichia viscosa,Dittrichia viscosa,20
Xixon08,Helminthotheca echioides,Helminthotheca echioides,5
Xixon08,Holcus lanatus,Holcus lanatus,30
Xixon08,Lathyrus pratensis,Lathyrus pratensis,0.1
Xixon08,Lotus pedunculatus,Lotus pedunculatus,1
Xixon08,Plantago lanceolata,Plantago lanceolata,30
Xixon08,Plantago major,Plantago major,1
Xixon08,Poa pratensis,Poa pratensis,1
Xixon08,Prunella vulgaris,Prunella vulgaris,5
Xixon08,Pulicaria dysenterica,Pulicaria dysenterica,20
Xixon08,Ranunculus acris,Ranunculus acris,1
Xixon08,Rubus sp.,Rubus ulmifolius aggr.,0.1
Xixon08,Rumex crispus,Rumex crispus,5
Xixon08,Schedonorus arundinaceus,Schedonorus arundinaceus,5
Xixon08,Scrophularia auriculata,Scrophularia auriculata,1
Xixon08,Verbena officinalis,Verbena officinalis,0.1
Xixon09,Avena barbata,Avena barbata,30
Xixon09,Calystegia sepium,Calystegia sepium,2
Xixon09,Carex divulsa,Carex divulsa,0.1
Xixon09,Centaurea nigra,Centaurea nigra,1
Xixon09,Centaurium erythraea,Centaurium erythraea,0.1
Xixon09,Dactylis glomerata,Dactylis glomerata,5
Xixon09,Geranium dissectum,Geranium dissectum,2
Xixon09,Helminthotheca echioides,Helminthotheca echioides,40
Xixon09,Holcus lanatus,Holcus lanatus,10
Xixon09,Lathyrus pratensis,Lathyrus pratensis,50
Xixon09,Lolium perenne,Lolium perenne,1
Xixon09,Ranunculus acris,Ranunculus acris,10
Xixon09,Rubus sp.,Rubus ulmifolius aggr.,0.1
Xixon09,Rumex crispus,Rumex crispus,0.1
Xixon09,Schedonorus arundinaceus,Schedonorus arundinaceus,5
Xixon09,Trifolium pratense,Trifolium pratense,1
Xixon10,Avena barbata,Avena barbata,0.1
Xixon10,Centaurea nigra,Centaurea nigra,20
Xixon10,Crepis vesicaria,Crepis vesicaria,0.1
Xixon10,Cynosurus cristatus,Cynosurus cristatus,2
Xixon10,Dactylis glomerata,Dactylis glomerata,2
Xixon10,Equisetum telmateia,Equisetum telmateia,30
Xixon10,Helminthotheca echioides,Helminthotheca echioides,0.1
Xixon10,Holcus lanatus,Holcus lanatus,10
Xixon10,Lathyrus pratensis,Lathyrus pratensis,2
Xixon13,Rubus sp.,Rubus ulmifolius aggr.,0.1
Xixon10,Lotus corniculatus,Lotus corniculatus,10
Xixon10,Plantago lanceolata,Plantago lanceolata,2
Xixon10,Poa pratensis,Poa pratensis,1
Xixon10,Schedonorus arundinaceus,Schedonorus arundinaceus,60
Xixon10,Trifolium pratense,Trifolium pratense,10
Xixon19,Rubus sp.,Rubus ulmifolius aggr.,0.1
Xixon11,Centaurium erythraea,Centaurium erythraea,0.1
Xixon11,Centaurium tenuiflorum,Centaurium tenuiflorum,1
Xixon11,Cortaderia selloana,Cortaderia selloana,2
Xixon11,Daucus carota,Daucus carota,0.1
Xixon11,Dittrichia viscosa,Dittrichia viscosa,0.1
Xixon11,Erigeron acris,Erigeron acris,0.1
Xixon11,Holcus lanatus,Holcus lanatus,0.1
Xixon11,Laurus nobilis,Laurus nobilis,0.1
Xixon20,Rubus sp.,Rubus ulmifolius aggr.,0.1
Xixon11,Linum strictum,Linum strictum,0.1
Xixon11,Lotus corniculatus,Lotus corniculatus,1
Xixon11,Medicago sativa,Medicago sativa,5
Xixon11,Potentilla reptans,Potentilla reptans,1
Xixon11,Schedonorus arundinaceus,Schedonorus arundinaceus,50
Xixon11,Serapias lingua,Serapias lingua,0.1
Xixon11,Serapias parviflora,Serapias parviflora,0.1
Xixon12,Carex divulsa,Carex divulsa,0.1
Xixon12,Cerastium glomeratum,Cerastium glomeratum,0.1
Xixon12,Cyperus longus,Cyperus longus,30
Xixon12,Geranium dissectum,Geranium dissectum,2
Xixon12,Helminthotheca echioides,Helminthotheca echioides,2
Xixon12,Holcus lanatus,Holcus lanatus,20
Xixon12,Lolium perenne,Lolium perenne,5
Xixon12,Lotus corniculatus,Lotus corniculatus,10
Xixon12,Ochlopoa annua,Ochlopoa annua,20
Xixon12,Paspalum dilatatum,Paspalum dilatatum,1
Xixon12,Plantago lanceolata,Plantago lanceolata,30
Xixon12,Potentilla reptans,Potentilla reptans,1
Xixon12,Prunella vulgaris,Prunella vulgaris,1
Xixon12,Pulicaria dysenterica,Pulicaria dysenterica,0.1
Xixon21,Rubus sp.,Rubus ulmifolius aggr.,5
Xixon12,Trifolium repens,Trifolium repens,5
Xixon13,Brassica nigra,Brassica nigra,0.1
Xixon13,Bromus racemosus,Bromus racemosus,0.1
Xixon22,Rubus sp.,Rubus ulmifolius aggr.,0.1
Xixon13,Carex divulsa,Carex divulsa,1
Xixon13,Carex pendula,Carex pendula,1
Xixon13,Centaurea nigra,Centaurea nigra,0.1
Xixon13,Cirsium vulgare,Cirsium vulgare,1
Xixon13,Dactylis glomerata,Dactylis glomerata,30
Xixon13,Daucus carota,Daucus carota,0.1
Xixon13,Euphorbia platyphyllos,Euphorbia platyphyllos,1
Xixon13,Galactites tomentosus,Galactites tomentosus,1
Xixon13,Geranium robertianum,Geranium robertianum,0.1
Xixon13,Helminthotheca echioides,Helminthotheca echioides,20
Xixon13,Holcus lanatus,Holcus lanatus,40
Xixon13,Hypericum perforatum,Hypericum perforatum,0.1
Xixon13,Kickxia elatine,Kickxia elatine,5
Xixon13,Lactuca virosa,Lactuca virosa,1
Xixon13,Lolium perenne,Lolium perenne,5
Xixon13,Lotus pedunculatus,Lotus pedunculatus,2
Xixon13,Lythrum junceum,Lythrum junceum,0.1
Xixon13,Malva sylvestris,Malva sylvestris,2
Xixon13,Medicago lupulina,Medicago lupulina,2
Xixon13,Ochlopoa annua,Ochlopoa annua,20
Xixon13,Plantago lanceolata,Plantago lanceolata,20
Xixon13,Poa pratensis,Poa pratensis,0.1
Xixon24,Rubus sp.,Rubus ulmifolius aggr.,2
Xixon13,Rumex conglomeratus,Rumex conglomeratus,20
Xixon13,Schedonorus arundinaceus,Schedonorus arundinaceus,1
Xixon28,Rubus sp.,Rubus ulmifolius aggr.,0.1
Xixon14,Agrostis capillaris,Agrostis capillaris,20
Xixon14,Anthoxanthum odoratum,Anthoxanthum odoratum,2
Xixon30,Rubus sp.,Rubus ulmifolius aggr.,0.1
Xixon14,Briza maxima,Briza maxima,1
Xixon14,Bromus hordeaceus,Bromus hordeaceus,0.1
Xixon14,Centaurea nigra,Centaurea nigra,1
Xixon14,Cynosurus cristatus,Cynosurus cristatus,0.1
Xixon14,Dactylis glomerata,Dactylis glomerata,40
Xixon14,Danthonia decumbens,Danthonia decumbens,1
Xixon14,Daucus carota,Daucus carota,0.1
Xixon14,Holcus lanatus,Holcus lanatus,30
Xixon14,Hypochaeris radicata,Hypochaeris radicata,0.1
Xixon14,Leontodon hispidus,Leontodon hispidus,1
Xixon14,Lolium perenne,Lolium perenne,2
Xixon14,Lotus corniculatus,Lotus corniculatus,50
Xixon14,Luzula campestris,Luzula campestris,0.1
Xixon14,Medicago lupulina,Medicago lupulina,0.1
Xixon14,Plantago lanceolata,Plantago lanceolata,10
Xixon14,Polygala vulgaris,Polygala vulgaris,0.1
Xixon14,Potentilla reptans,Potentilla reptans,0.1
Xixon14,Potentilla sterilis,Potentilla sterilis,2
Xixon14,Prunella vulgaris,Prunella vulgaris,1
Xixon14,Ranunculus bulbosus,Ranunculus bulbosus,1
Xixon14,Schedonorus arundinaceus,Schedonorus arundinaceus,20
Xixon14,Trifolium pratense,Trifolium pratense,5
Xixon14,Trifolium repens,Trifolium repens,1
NEW-OMAR-BA08,Rubus ulmifolius,Rubus ulmifolius aggr.,5
Xixon14,Vulpia bromoides,Vulpia bromoides,0.1
Xixon15,Anagallis arvensis,Anagallis arvensis,0.1
Xixon15,Anthoxanthum odoratum,Anthoxanthum odoratum,20
Xixon15,Anthyllis vulneraria,Anthyllis vulneraria,1
NEW-OMAR-TU92,Rubus ulmifolius ,Rubus ulmifolius aggr.,5
NEW-OMAR-PA68,Rubus ulmifolius ,Rubus ulmifolius aggr.,5
Xixon15,Briza media,Briza media,20
Xixon15,Carex flacca,Carex flacca,20
Xixon15,Carex pendula,Carex pendula,2
Xixon15,Centaurea nigra,Centaurea nigra,10
Xixon15,Centaurium tenuiflorum,Centaurium tenuiflorum,1
Xixon15,Dactylis glomerata,Dactylis glomerata,0.1
Xixon15,Dactylorhiza elata,Dactylorhiza elata,2
Xixon15,Daucus carota,Daucus carota,1
Xixon15,Dittrichia viscosa,Dittrichia viscosa,2
Xixon15,Equisetum telmateia,Equisetum telmateia,2
Xixon15,Festuca rubra,Festuca rubra,20
Xixon15,Fraxinus excelsior,Fraxinus excelsior,0.1
NEW-OMAR-NI05,Rubus ulmifolius ,Rubus ulmifolius aggr.,3
Xixon15,Holcus lanatus,Holcus lanatus,10
Xixon15,Leontodon hispidus,Leontodon hispidus,10
NEW-OMAR-CA04,Rubus ulmifolius ,Rubus ulmifolius aggr.,5
Xixon15,Linum catharticum,Linum catharticum,1
Xixon15,Lotus corniculatus,Lotus corniculatus,10
Xixon15,Medicago lupulina,Medicago lupulina,0.1
Xixon15,Medicago sativa,Medicago sativa,0.1
Xixon15,Plantago lanceolata,Plantago lanceolata,2
Xixon15,Pulicaria dysenterica,Pulicaria dysenterica,0.1
Xixon15,Schedonorus arundinaceus,Schedonorus arundinaceus,20
Xixon15,Serapias lingua,Serapias lingua,0.1
Xixon15,Trifolium campestre,Trifolium campestre,0.1
Xixon15,Trifolium repens,Trifolium repens,0.1
Xixon15,Trisetum flavescens,Trisetum flavescens,10
Xixon15,Ulex europaeus,Ulex europaeus,1
Xixon15,Vicia pubescens,Vicia pubescens,5
Xixon16,Anagallis arvensis,Anagallis arvensis,0.1
Xixon16,Anthyllis vulneraria,Anthyllis vulneraria,0.1
Xixon16,Avena barbata,Avena barbata,10
NEW-OMAR-NI03,Rubus ulmifolius ,Rubus ulmifolius aggr.,5
Xixon16,Carex divulsa,Carex divulsa,1
Xixon16,Festuca rubra,Festuca rubra,1
Xixon16,Galium parisiense,Galium parisiense,0.1
Xixon16,Helminthotheca echioides,Helminthotheca echioides,10
Xixon16,Lactuca serriola,Lactuca serriola,0.1
Xixon16,Leontodon hispidus,Leontodon hispidus,0.1
Xixon16,Lotus corniculatus,Lotus corniculatus,20
Xixon16,Medicago lupulina,Medicago lupulina,0.1
Xixon16,Petrorhagia nanteuilii,Petrorhagia nanteuilii,1
Xixon16,Plantago lanceolata,Plantago lanceolata,20
Xixon16,Potentilla reptans,Potentilla reptans,2
Xixon16,Schedonorus arundinaceus,Schedonorus arundinaceus,1
Xixon16,Sonchus tenerrimus,Sonchus tenerrimus,2
Xixon16,Sporobolus indicus,Sporobolus indicus,0.1
Xixon17,Agrostis capillaris,Agrostis capillaris,0.1
Xixon17,Anisantha madritensis,Anisantha madritensis,0.1
Xixon17,Avena barbata,Avena barbata,2
NEW-OMAR-CA07,Rubus ulmifolius ,Rubus ulmifolius aggr.,10
Xixon17,Carex cuprina,Carex cuprina,0.1
Xixon17,Carex divulsa,Carex divulsa,0.1
Xixon17,Centaurea nigra,Centaurea nigra,1
Xixon17,Centaurium tenuiflorum,Centaurium tenuiflorum,0.1
Xixon17,Cirsium vulgare,Cirsium vulgare,1
Xixon17,Convolvulus arvensis,Convolvulus arvensis,1
Xixon17,Cortaderia selloana,Cortaderia selloana,20
Xixon17,Dactylis glomerata,Dactylis glomerata,2
Xixon17,Dittrichia viscosa,Dittrichia viscosa,30
Xixon17,Erigeron sumatrensis,Erigeron sumatrensis,0.1
Xixon17,Galactites tomentosus,Galactites tomentosus,1
Xixon17,Galium parisiense,Galium parisiense,0.1
Xixon17,Gnaphalium coarctatum,Gnaphalium coarctatum,0.1
Xixon17,Helminthotheca echioides,Helminthotheca echioides,1
Xixon17,Holcus lanatus,Holcus lanatus,1
Xixon17,Hypericum perforatum,Hypericum perforatum,10
Xixon17,Knautia arvensis,Knautia arvensis,20
NEW-OMAR-NI04,Rubus ulmifolius ,Rubus ulmifolius aggr.,12
Xixon17,Linum bienne,Linum bienne,0.1
Xixon17,Oxalis corniculata,Oxalis corniculata,0.1
NEW-OMAR-NI01,Rubus ulmifolius ,Rubus ulmifolius aggr.,15
Xixon17,Plantago lanceolata,Plantago lanceolata,10
Xixon17,Potentilla reptans,Potentilla reptans,0.1
Xixon17,Prunella vulgaris,Prunella vulgaris,0.1
Xixon17,Pulicaria dysenterica,Pulicaria dysenterica,1
Xixon17,Reichardia picroides,Reichardia picroides,0.1
Xixon17,Schedonorus arundinaceus,Schedonorus arundinaceus,10
Xixon17,Scrophularia auriculata,Scrophularia auriculata,0.1
Xixon17,Sherardia arvensis,Sherardia arvensis,0.1
Xixon17,Sonchus tenerrimus,Sonchus tenerrimus,1
Xixon17,Vicia cracca,Vicia cracca,1
Xixon18,Bellis perennis,Bellis perennis,1
Xixon18,Convolvulus arvensis,Convolvulus arvensis,0.1
Xixon18,Dactylis glomerata,Dactylis glomerata,1
Xixon18,Erodium moschatum,Erodium moschatum,1
Xixon18,Geranium molle,Geranium molle,0.1
Xixon18,Holcus lanatus,Holcus lanatus,1
Xixon18,Hordeum murinum,Hordeum murinum,5
Xixon18,Lolium perenne,Lolium perenne,10
Xixon18,Medicago lupulina,Medicago lupulina,0.1
Xixon18,Ochlopoa annua,Ochlopoa annua,70
Xixon18,Plantago lanceolata,Plantago lanceolata,0.1
Xixon18,Populus alba,Populus alba,0.1
Xixon18,Potentilla reptans,Potentilla reptans,0.1
Xixon18,Prunella vulgaris,Prunella vulgaris,0.1
NEW-OMAR-NI10,Rubus ulmifolius ,Rubus ulmifolius aggr.,30
Xixon18,Trifolium pratense,Trifolium pratense,5
Xixon18,Trifolium repens,Trifolium repens,10
Xixon18,Veronica persica,Veronica persica,0.1
Xixon19,Agrostis stolonifera,Agrostis stolonifera,0.1
Xixon19,Anagallis arvensis,Anagallis arvensis,1
Xixon19,Anisantha madritensis,Anisantha madritensis,0.1
NEW-OMAR-CA01,Rubus ulmifolius ,Rubus ulmifolius aggr.,40
Xixon19,Carex divulsa,Carex divulsa,0.1
Xixon19,Catapodium rigidum,Catapodium rigidum,0.1
Xixon19,Centaurium erythraea,Centaurium erythraea,0.1
Xixon19,Centaurium tenuiflorum,Centaurium tenuiflorum,2
Xixon19,Cortaderia selloana,Cortaderia selloana,5
Xixon19,Daucus carota,Daucus carota,1
Xixon19,Dittrichia viscosa,Dittrichia viscosa,10
Xixon19,Fraxinus excelsior,Fraxinus excelsior,0.1
NEW-OMAR-NI07,Rubus ulmifolius ,Rubus ulmifolius aggr.,75
Xixon19,Helminthotheca echioides,Helminthotheca echioides,5
Xixon19,Holcus lanatus,Holcus lanatus,10
Xixon19,Laurus nobilis,Laurus nobilis,0.1
Xixon19,Linum strictum,Linum strictum,1
Xixon19,Lotus corniculatus,Lotus corniculatus,1
Xixon19,Medicago lupulina,Medicago lupulina,5
Xixon19,Melilotus albus,Melilotus albus,50
Xixon19,Plantago lanceolata,Plantago lanceolata,2
Xixon19,Prunella vulgaris,Prunella vulgaris,1
Xixon19,Pulicaria dysenterica,Pulicaria dysenterica,0.1
NEW-OMAR-PA104,Rubus gr. silvaticus,Rubus ulmifolius aggr.,5
Xixon19,Sonchus oleraceus,Sonchus oleraceus,0.1
Xixon19,Trifolium pratense,Trifolium pratense,2
Xixon19,Trifolium repens,Trifolium repens,5
NEW-OMAR-PA102,Rubus gr. silvaticus,Rubus ulmifolius aggr.,15
Xixon19,Vulpia bromoides,Vulpia bromoides,2
Xixon20,Agrostis capillaris,Agrostis capillaris,1
Xixon20,Anagallis arvensis,Anagallis arvensis,0.1
Xixon20,Anisantha madritensis,Anisantha madritensis,1
Xixon20,Bellardia trixago,Bellardia trixago,2
NEW-OMAR-BA58,Rubus gr. silvaticus,Rubus ulmifolius aggr.,15
NEW-OMAR-BA106,Rubus gr. silvaticus,Rubus ulmifolius aggr.,1
Xixon20,Cortaderia selloana,Cortaderia selloana,20
NEW-OMAR-BA12,Rubus ulmifolius ,Rubus ulmifolius aggr.,1
Xixon20,Dittrichia viscosa,Dittrichia viscosa,20
Xixon20,Erigeron sumatrensis,Erigeron sumatrensis,1
Xixon20,Geranium purpureum,Geranium purpureum,0.1
Xixon20,Helminthotheca echioides,Helminthotheca echioides,2
Xixon20,Hirschfeldia incana,Hirschfeldia incana,0.1
Xixon20,Hypericum perforatum,Hypericum perforatum,0.1
Xixon20,Hypochaeris radicata,Hypochaeris radicata,5
Xixon20,Linum bienne,Linum bienne,0.1
Xixon20,Lycopus europaeus,Lycopus europaeus,0.1
Xixon20,Medicago lupulina,Medicago lupulina,10
Xixon20,Medicago polymorpha,Medicago polymorpha,0.1
Xixon20,Melilotus albus,Melilotus albus,10
Xixon20,Mentha suaveolens,Mentha suaveolens,10
Xixon20,Orobanche minor,Orobanche minor,2
Xixon20,Parentucellia viscosa,Parentucellia viscosa,2
NEW-OMAR-BA13,Rubus ulmifolius ,Rubus ulmifolius aggr.,1
Xixon20,Paspalum dilatatum,Paspalum dilatatum,0.1
Xixon20,Plantago coronopus,Plantago coronopus,0.1
Xixon20,Plantago lanceolata,Plantago lanceolata,10
NEW-OMAR-PA98,Rubus ulmifolius ,Rubus ulmifolius aggr.,1
Xixon20,Serapias lingua,Serapias lingua,0.1
Xixon20,Serapias parviflora,Serapias parviflora,0.1
Xixon20,Setaria pumila,Setaria pumila,0.1
Xixon20,Silene gallica,Silene gallica,5
Xixon20,Solanum chenopodioides,Solanum chenopodioides,0.1
Xixon20,Sonchus oleraceus,Sonchus oleraceus,5
Xixon20,Sonchus tenerrimus,Sonchus tenerrimus,2
Xixon20,Sporobolus indicus,Sporobolus indicus,0.1
Xixon20,Verbena officinalis,Verbena officinalis,0.1
Xixon20,Vulpia bromoides,Vulpia bromoides,10
Xixon21,Agrostis capillaris,Agrostis capillaris,0.1
Xixon21,Anagallis arvensis,Anagallis arvensis,0.1
Xixon21,Anthemis cotula,Anthemis cotula,0.1
Xixon21,Avena barbata,Avena barbata,0.1
NEW-OMAR-CA02,Rubus ulmifolius ,Rubus ulmifolius aggr.,0.5
Xixon21,Clinopodium vulgare,Clinopodium vulgare,0.1
Xixon21,Cynosurus cristatus,Cynosurus cristatus,2
Xixon21,Daucus carota,Daucus carota,2
Xixon21,Dittrichia viscosa,Dittrichia viscosa,10
Xixon21,Erigeron sumatrensis,Erigeron sumatrensis,0.1
Xixon21,Foeniculum vulgare,Foeniculum vulgare,10
Xixon21,Galactites tomentosus,Galactites tomentosus,10
Xixon21,Galium parisiense,Galium parisiense,1
Xixon21,Geranium dissectum,Geranium dissectum,0.1
Xixon21,Geranium robertianum,Geranium robertianum,0.1
Xixon21,Helminthotheca echioides,Helminthotheca echioides,20
Xixon21,Hirschfeldia incana,Hirschfeldia incana,20
Xixon21,Holcus lanatus,Holcus lanatus,2
Xixon21,Leontodon hispidus,Leontodon hispidus,1
Xixon21,Linum bienne,Linum bienne,0.1
Xixon21,Lotus corniculatus,Lotus corniculatus,0.1
Xixon21,Medicago lupulina,Medicago lupulina,5
Xixon21,Medicago polymorpha,Medicago polymorpha,0.1
Xixon21,Melilotus albus,Melilotus albus,10
Xixon21,Oxalis corniculata,Oxalis corniculata,0.1
Xixon21,Parentucellia viscosa,Parentucellia viscosa,1
Xixon21,Petrorhagia nanteuilii,Petrorhagia nanteuilii,1
Xixon21,Plantago lanceolata,Plantago lanceolata,2
NEW-OMAR-CA08,Rubus ulmifolius ,Rubus ulmifolius aggr.,0.5
Xixon21,Teucrium scorodonia,Teucrium scorodonia,0.1
Xixon21,Trifolium pratense,Trifolium pratense,1
Xixon21,Vulpia bromoides,Vulpia bromoides,2
Xixon22,Agrostis stolonifera,Agrostis stolonifera,30
Xixon22,Anagallis arvensis,Anagallis arvensis,0.1
Xixon22,Anthoxanthum odoratum,Anthoxanthum odoratum,0.1
Xixon22,Anthyllis vulneraria,Anthyllis vulneraria,10
Xixon22,Avena barbata,Avena barbata,30
NEW-OMAR-PA104,Salix atrocinerea,Salix atrocinerea,5
Xixon22,Catapodium rigidum,Catapodium rigidum,0.1
Xixon22,Cortaderia selloana,Cortaderia selloana,10
Xixon22,Dactylis glomerata,Dactylis glomerata,1
Xixon22,Daucus carota,Daucus carota,1
Xixon22,Dittrichia viscosa,Dittrichia viscosa,10
NEW-OMAR-CA08,Salix atrocinerea,Salix atrocinerea,30
Xixon22,Helminthotheca echioides,Helminthotheca echioides,1
Xixon22,Holcus lanatus,Holcus lanatus,0.1
Xixon22,Hypericum perforatum,Hypericum perforatum,0.1
Xixon22,Medicago lupulina,Medicago lupulina,0.1
Xixon22,Oxalis latifolia,Oxalis latifolia,0.1
Xixon22,Picris hieracioides,Picris hieracioides,0.1
Xixon22,Rhamnus alaternus,Rhamnus alaternus,0.1
NEW-OMAR-CA07,Salix atrocinerea,Salix atrocinerea,60
NEW-OMAR-CA09,Salix atrocinerea,Salix atrocinerea,60
Xixon22,Sonchus tenerrimus,Sonchus tenerrimus,1
Xixon22,Vulpia bromoides,Vulpia bromoides,0.1
Xixon23,Agrostis stolonifera,Agrostis stolonifera,0.1
Xixon23,Anagallis arvensis,Anagallis arvensis,0.1
Xixon23,Anthoxanthum odoratum,Anthoxanthum odoratum,0.1
Xixon23,Avena barbata,Avena barbata,5
NEW-OMAR-BA02,Salix atrocinerea,Salix atrocinerea,1
Xixon23,Centaurium pulchellum,Centaurium pulchellum,0.1
Xixon23,Centaurium tenuiflorum,Centaurium tenuiflorum,2
Xixon23,Cornus sanguinea,Cornus sanguinea,0.1
Xixon23,Cortaderia selloana,Cortaderia selloana,10
Xixon23,Daucus carota,Daucus carota,1
Xixon23,Dittrichia viscosa,Dittrichia viscosa,20
Xixon23,Elytrigia repens,Elytrigia repens,0.1
Xixon23,Helminthotheca echioides,Helminthotheca echioides,1
Xixon23,Holcus lanatus,Holcus lanatus,1
Xixon23,Laurus nobilis,Laurus nobilis,0.1
Xixon23,Linum bienne,Linum bienne,0.1
Xixon23,Lotus corniculatus,Lotus corniculatus,10
Xixon23,Melilotus albus,Melilotus albus,40
Xixon23,Plantago lanceolata,Plantago lanceolata,1
Xixon23,Prunella vulgaris,Prunella vulgaris,2
Xixon23,Pulicaria dysenterica,Pulicaria dysenterica,1
Xixon23,Reichardia picroides,Reichardia picroides,1
Xixon23,Schedonorus arundinaceus,Schedonorus arundinaceus,0.1
Xixon23,Vulpia bromoides,Vulpia bromoides,0.1
Xixon24,Brachypodium sylvaticum,Brachypodium sylvaticum,0.1
Xixon24,Carex divulsa,Carex divulsa,0.1
Xixon24,Castanea sativa,Castanea sativa,5.1
Xixon24,Cornus sanguinea,Cornus sanguinea,0.1
Xixon24,Crataegus monogyna,Crataegus monogyna,0.1
Xixon24,Dioscorea communis,Dioscorea communis,0.1
Xixon24,Dryopteris filix-mas,Dryopteris filix-mas,1
Xixon24,Geranium robertianum,Geranium robertianum,0.1
NEW-OMAR-CA05,Salix atrocinerea,Salix atrocinerea,0.5
Xixon22,Salix cinerea subsp. oleifolia,Salix atrocinerea,0.1
Xixon24,Hypericum pulchrum,Hypericum pulchrum,1
Xixon24,Laurus nobilis,Laurus nobilis,70
Xixon24,Lonicera periclymenum,Lonicera periclymenum,2
Xixon28,Salix cinerea subsp. oleifolia,Salix atrocinerea,30
Xixon24,Pteridium aquilinum,Pteridium aquilinum,10
Xixon24,Quercus robur,Quercus robur,60
Xixon24,Ranunculus parviflorus,Ranunculus parviflorus,0.1
Xixon24,Rhamnus alaternus,Rhamnus alaternus,0.1
Xixon24,Rubia peregrina,Rubia peregrina,1
Xixon12,Taraxacum gr. officinale,Taraxacum sect. Taraxacum,0.1
Xixon24,Smilax aspera,Smilax aspera,0.1
Xixon18,Taraxacum gr. officinale,Taraxacum sect. Taraxacum,0.1
Xixon25,Bellis perennis,Bellis perennis,1
Xixon25,Capsella bursa-pastoris,Capsella bursa-pastoris,0.1
Xixon25,Convolvulus arvensis,Convolvulus arvensis,0.1
Xixon25,Crepis vesicaria,Crepis vesicaria,5
Xixon25,Erodium moschatum,Erodium moschatum,2
Xixon25,Helminthotheca echioides,Helminthotheca echioides,0.1
Xixon25,Holcus lanatus,Holcus lanatus,20
Xixon25,Hordeum murinum,Hordeum murinum,2
Xixon25,Lolium perenne,Lolium perenne,60
Xixon25,Lotus corniculatus,Lotus corniculatus,5
Xixon25,Ochlopoa annua,Ochlopoa annua,20
Xixon25,Oxalis corniculata,Oxalis corniculata,0.1
Xixon25,Oxalis latifolia,Oxalis latifolia,1
Xixon25,Paspalum dilatatum,Paspalum dilatatum,1
Xixon25,Plantago major,Plantago major,1
Xixon25,Potentilla reptans,Potentilla reptans,1
Xixon25,Rumex crispus,Rumex crispus,0.1
Xixon25,Taraxacum gr. officinale,Taraxacum sect. Taraxacum,2
Xixon25,Torilis nodosa,Torilis nodosa,2
Xixon25,Trifolium pratense,Trifolium pratense,30
Xixon25,Trifolium repens,Trifolium repens,5
Xixon26,Bellis perennis,Bellis perennis,1
Xixon26,Capsella bursa-pastoris,Capsella bursa-pastoris,5
Xixon26,Convolvulus arvensis,Convolvulus arvensis,0.1
Xixon26,Cyperus longus,Cyperus longus,2
Xixon26,Erodium moschatum,Erodium moschatum,10
Xixon26,Geranium dissectum,Geranium dissectum,2
Xixon26,Holcus lanatus,Holcus lanatus,1
Xixon26,Leontodon hispidus,Leontodon hispidus,0.1
Xixon26,Lepidium didymum,Lepidium didymum,1
Xixon26,Lolium perenne,Lolium perenne,60
Xixon26,Ochlopoa annua,Ochlopoa annua,10
Xixon26,Paspalum dilatatum,Paspalum dilatatum,0.1
Xixon26,Plantago coronopus,Plantago coronopus,2
Xixon26,Plantago lanceolata,Plantago lanceolata,2
Xixon26,Plantago major,Plantago major,0.1
Xixon26,Potentilla reptans,Potentilla reptans,0.1
Xixon26,Taraxacum gr. officinale,Taraxacum sect. Taraxacum,1
Xixon26,Trifolium repens,Trifolium repens,30
Xixon26,Trifolium tomentosum,Trifolium tomentosum,2
Xixon26,Veronica arvensis,Veronica arvensis,0.1
Xixon27,Agrostis stolonifera,Agrostis stolonifera,30
Xixon27,Anagallis arvensis,Anagallis arvensis,0.1
Xixon27,Bellis perennis,Bellis perennis,0.1
Xixon27,Carex leporina,Carex leporina,5
Xixon27,Cerastium glomeratum,Cerastium glomeratum,0.1
Xixon27,Cynodon dactylon,Cynodon dactylon,20
Xixon27,Geranium dissectum,Geranium dissectum,1
Xixon27,Helminthotheca echioides,Helminthotheca echioides,1
Xixon27,Holcus lanatus,Holcus lanatus,1
Xixon27,Hypericum perforatum,Hypericum perforatum,1
Xixon27,Leontodon hispidus,Leontodon hispidus,0.1
Xixon27,Taraxacum gr. officinale,Taraxacum sect. Taraxacum,2
Xixon27,Lolium perenne,Lolium perenne,5
Xixon27,Lotus corniculatus,Lotus corniculatus,20
Xixon27,Lythrum hyssopifolia,Lythrum hyssopifolia,0.1
Xixon27,Medicago lupulina,Medicago lupulina,1
Xixon27,Medicago sativa,Medicago sativa,1
Xixon27,Ochlopoa annua,Ochlopoa annua,5
Xixon27,Paspalum dilatatum,Paspalum dilatatum,20
Xixon27,Plantago lanceolata,Plantago lanceolata,0.1
Xixon27,Potentilla reptans,Potentilla reptans,2
Xixon27,Prunella vulgaris,Prunella vulgaris,10
Xixon27,Sherardia arvensis,Sherardia arvensis,0.1
Xixon32,Taraxacum gr. officinale,Taraxacum sect. Taraxacum,0.1
Xixon27,Trifolium pratense,Trifolium pratense,2
Xixon27,Trifolium repens,Trifolium repens,1
Xixon27,Veronica chamaedrys,Veronica chamaedrys,0.1
Xixon28,Acer pseudoplatanus,Acer pseudoplatanus,0.1
Xixon28,Agrostis stolonifera,Agrostis stolonifera,0.1
Xixon33,Taraxacum gr. officinale,Taraxacum sect. Taraxacum,0.1
Xixon28,Angelica sylvestris,Angelica sylvestris,2
Xixon28,Brachypodium sylvaticum,Brachypodium sylvaticum,10
Xixon28,Cardamine flexuosa,Cardamine flexuosa,0.1
Xixon28,Carex divulsa,Carex divulsa,2
Xixon28,Carex pendula,Carex pendula,40
Xixon28,Circaea lutetiana,Circaea lutetiana,1
Xixon28,Cyperus eragrostis,Cyperus eragrostis,1
Xixon28,Geum urbanum,Geum urbanum,0.1
Xixon28,Glechoma hederacea,Glechoma hederacea,50
NEW-OMAR-NI07,Verbascum pulverulentum ,Verbascum pulverulentum,5
Xixon28,Laurus nobilis,Laurus nobilis,1
Xixon28,Melica uniflora,Melica uniflora,5
Xixon28,Mentha aquatica,Mentha aquatica,1
Xixon28,Persicaria hydropiper,Persicaria hydropiper,2
Xixon28,Ranunculus repens,Ranunculus repens,2
Xixon28,Rubia peregrina,Rubia peregrina,0.1
NEW-OMAR-NI03,Verbascum pulverulentum ,Verbascum pulverulentum,10
Xixon28,Rumex obtusifolius,Rumex obtusifolius,0.1
Xixon28,Rumex sanguineus,Rumex sanguineus,2
NEW-OMAR-PA104,Verbascum pulverulentum ,Verbascum pulverulentum,5
Xixon28,Salix eleagnos,Salix eleagnos,30
Xixon28,Tradescantia fluminensis,Tradescantia fluminensis,20
Xixon28,Urtica dioica,Urtica dioica,2
Xixon28,Veronica montana,Veronica montana,0.1
NEW-OMAR-BA15,Verbascum pulverulentum ,Verbascum pulverulentum,1
Xixon29,Acer pseudoplatanus,Acer pseudoplatanus,32
Xixon29,Corylus avellana,Corylus avellana,2
Xixon29,Crataegus monogyna,Crataegus monogyna,5
Xixon29,Fraxinus excelsior,Fraxinus excelsior,2
Xixon29,Geranium robertianum,Geranium robertianum,0.1
NEW-OMAR-BA02,Verbascum pulverulentum ,Verbascum pulverulentum,1
Xixon29,Ilex aquifolium,Ilex aquifolium,20
Xixon29,Laurus nobilis,Laurus nobilis,120
Xixon29,Lonicera periclymenum,Lonicera periclymenum,0.1
NEW-OMAR-PA97,Verbascum pulverulentum ,Verbascum pulverulentum,1
Xixon29,Quercus robur,Quercus robur,60
Xixon29,Stachys officinalis,Stachys officinalis,0.1
Xixon30,Corylus avellana,Corylus avellana,80
Xixon30,Dioscorea communis,Dioscorea communis,2
NEW-OMAR-BA58,Verbascum pulverulentum ,Verbascum pulverulentum,1
Xixon30,Laurus nobilis,Laurus nobilis,10
Xixon30,Lilium pyrenaicum,Lilium pyrenaicum,10
Xixon30,Mercurialis perennis,Mercurialis perennis,40
NEW-OMAR-BA05,Vicia cordata,Vicia sativa aggr.,1
Xixon30,Rubia peregrina,Rubia peregrina,0.1
NEW-OMAR-CA08,Vicia cordata,Vicia sativa aggr.,0.5
Xixon30,Smilax aspera,Smilax aspera,5
Xixon31,Agrostis capillaris,Agrostis capillaris,5
Xixon31,Asplenium ruta-muraria,Asplenium ruta-muraria,0.1
Xixon31,Asplenium trichomanes,Asplenium trichomanes,1
NEW-OMAR-CA09,Vicia cordata,Vicia sativa aggr.,0.5
Xixon31,Cymbalaria muralis,Cymbalaria muralis,5
Xixon31,Erigeron sumatrensis,Erigeron sumatrensis,1
Xixon31,Euphorbia peplus,Euphorbia peplus,0.1
Xixon31,Geranium robertianum,Geranium robertianum,0.1
Xixon31,Helminthotheca echioides,Helminthotheca echioides,0.1
Xixon31,Oxalis corniculata,Oxalis corniculata,1
Xixon02,Vicia sativa,Vicia sativa aggr.,1
Xixon31,Polycarpon tetraphyllum,Polycarpon tetraphyllum,0.1
Xixon31,Polygonum aviculare,Polygonum aviculare,0.1
Xixon31,Polypogon viridis,Polypogon viridis,2
Xixon31,Pteridium aquilinum,Pteridium aquilinum,1
Xixon31,Sagina procumbens,Sagina procumbens,1
Xixon31,Sonchus tenerrimus,Sonchus tenerrimus,0.1
Xixon32,Carex divulsa,Carex divulsa,0.1
Xixon32,Crepis vesicaria,Crepis vesicaria,0.1
Xixon32,Erigeron sumatrensis,Erigeron sumatrensis,0.1
Xixon32,Erodium cicutarium,Erodium cicutarium,2
Xixon32,Helminthotheca echioides,Helminthotheca echioides,0.1
Xixon32,Hirschfeldia incana,Hirschfeldia incana,0.1
Xixon32,Ochlopoa annua,Ochlopoa annua,0.1
Xixon32,Oxalis corniculata,Oxalis corniculata,1
Xixon32,Polycarpon tetraphyllum,Polycarpon tetraphyllum,2
Xixon32,Polygonum aviculare,Polygonum aviculare,0.1
Xixon32,Sagina apetala,Sagina apetala,0.1
Xixon32,Silene gallica,Silene gallica,1
Xixon32,Sporobolus indicus,Sporobolus indicus,2
Xixon04,Vicia sativa,Vicia sativa aggr.,1
Xixon33,Anagallis arvensis,Anagallis arvensis,1
Xixon33,Asplenium ruta-muraria,Asplenium ruta-muraria,0.1
Xixon33,Asplenium trichomanes,Asplenium trichomanes,0.1
Xixon33,Cirsium vulgare,Cirsium vulgare,0.1
Xixon33,Digitaria sanguinalis,Digitaria sanguinalis,5
Xixon33,Dittrichia viscosa,Dittrichia viscosa,0.1
Xixon33,Epilobium parviflorum,Epilobium parviflorum,0.1
Xixon33,Erigeron sumatrensis,Erigeron sumatrensis,0.1
Xixon33,Helminthotheca echioides,Helminthotheca echioides,2
Xixon33,Oxalis corniculata,Oxalis corniculata,0.1
Xixon33,Polycarpon tetraphyllum,Polycarpon tetraphyllum,0.1
Xixon33,Polypodium cambricum,Polypodium cambricum,0.1
Xixon33,Prunella vulgaris,Prunella vulgaris,0.1
Xixon33,Senecio vulgaris,Senecio vulgaris,0.1
Xixon13,Vicia sativa,Vicia sativa aggr.,0.1
Xixon34,Cymbalaria muralis,Cymbalaria muralis,2
Xixon34,Epilobium tetragonum,Epilobium tetragonum,0.1
Xixon34,Erigeron sumatrensis,Erigeron sumatrensis,0.1
Xixon34,Medicago lupulina,Medicago lupulina,1
Xixon34,Oxalis corniculata,Oxalis corniculata,0.1
Xixon19,Vicia sativa,Vicia sativa aggr.,1
Xixon34,Paspalum dilatatum,Paspalum dilatatum,0.1
Xixon34,Polycarpon tetraphyllum,Polycarpon tetraphyllum,1
Xixon34,Potentilla reptans,Potentilla reptans,0.1
Xixon34,Sagina procumbens,Sagina procumbens,0.1
Xixon34,Solanum nigrum,Solanum nigrum,0.1
Xixon34,Sonchus oleraceus,Sonchus oleraceus,0.1
Xixon34,Sonchus tenerrimus,Sonchus tenerrimus,0.1
Xixon34,Sporobolus indicus,Sporobolus indicus,2
Xixon34,Symphyotrichum squamatum,Symphyotrichum squamatum,0.1
Xixon34,Trifolium repens,Trifolium repens,0.1
Xixon35,Cortaderia selloana,Cortaderia selloana,1
Xixon14,Viola reichenbachiana s.l.,Viola riviniana aggr.,0.1
Xixon35,Digitaria sanguinalis,Digitaria sanguinalis,0.1
Xixon35,Erigeron karvinskianus,Erigeron karvinskianus,1
Xixon35,Erigeron sumatrensis,Erigeron sumatrensis,0.1
Xixon24,Viola reichenbachiana s.l.,Viola riviniana aggr.,5
Xixon28,Viola reichenbachiana s.l.,Viola riviniana aggr.,0.1
Xixon35,Gnaphalium coarctatum,Gnaphalium coarctatum,10
Xixon35,Helminthotheca echioides,Helminthotheca echioides,0.1
Xixon35,Lythrum hyssopifolia,Lythrum hyssopifolia,0.1
Xixon35,Medicago lupulina,Medicago lupulina,1
Xixon35,Oxalis corniculata,Oxalis corniculata,0.1
Xixon35,Plantago coronopus,Plantago coronopus,5
Xixon35,Plantago major,Plantago major,2
Xixon35,Plantago media,Plantago media,1
Xixon35,Polycarpon tetraphyllum,Polycarpon tetraphyllum,0.1
Xixon35,Prunella vulgaris,Prunella vulgaris,0.1
Xixon35,Rostraria cristata,Rostraria cristata,1
Xixon35,Sagina apetala,Sagina apetala,0.1
Xixon35,Sherardia arvensis,Sherardia arvensis,0.1
Xixon35,Sonchus oleraceus,Sonchus oleraceus,0.1
Xixon35,Sporobolus indicus,Sporobolus indicus,1
Xixon35,Trifolium tomentosum,Trifolium tomentosum,0.1
Xixon35,Verbena officinalis,Verbena officinalis,0.1
